ORP_KOD,BUCKET_SIMPLE,mean_EI,count,YEAR
19,Agricultural Land,0.4594277673441624,1361153.0,2017
19,Forest,0.5352844612516241,789369.0,2017
19,Grassland,0.517646842831893,44457.0,2017
19,Unclassified,0.3481796950077097,81862.0,2017
19,Urban Areas,0.40832042298439675,2643813.0,2017
27,Agricultural Land,0.5442734656997743,3383923.0,2017
27,Forest,0.6569879824868171,2614466.0,2017
27,Grassland,0.6192507629964411,127790.0,2017
27,Unclassified,0.6202829376484023,57258.0,2017
27,Urban Areas,0.5615595239711522,622546.0,2017
35,Agricultural Land,0.5354377401892146,2810698.0,2017
35,Forest,0.6584632807127855,1699173.0,2017
35,Grassland,0.6541178481826568,57771.0,2017
35,Unclassified,0.6485919787139997,26103.0,2017
35,Urban Areas,0.5360764892493388,248059.0,2017
43,Agricultural Land,0.5536207394443359,1745434.0,2017
43,Forest,0.6516313466468504,846442.0,2017
43,Grassland,0.6235411822870598,59820.0,2017
43,Unclassified,0.6295047546033871,13095.0,2017
43,Urban Areas,0.570378526766384,173877.0,2017
51,Agricultural Land,0.48070407675207233,1593989.0,2017
51,Forest,0.55757732825232,1913505.0,2017
51,Grassland,0.5137008546492474,185268.0,2017
51,Unclassified,0.43841830087908007,65797.0,2017
51,Urban Areas,0.46328567690099104,480627.0,2017
60,Agricultural Land,0.45832448230948347,1244382.0,2017
60,Forest,0.5762984208046346,1214144.0,2017
60,Grassland,0.5341798284093676,100932.0,2017
60,Unclassified,0.535326471457186,13480.0,2017
60,Urban Areas,0.4466973061670334,198080.0,2017
78,Agricultural Land,0.44595783194372646,1608299.0,2017
78,Forest,0.5321054090979731,1252657.0,2017
78,Grassland,0.5083526591255346,55264.0,2017
78,Unclassified,0.47147709526753073,19256.0,2017
78,Urban Areas,0.43469177868458325,552279.0,2017
86,Agricultural Land,0.3948828587354091,2749492.0,2017
86,Forest,0.4468927602987161,534041.0,2017
86,Grassland,0.44094697487963014,20151.0,2017
86,Unclassified,0.4143799460688355,19649.0,2017
86,Urban Areas,0.4053567827291201,347662.0,2017
94,Agricultural Land,0.4668287235313957,4045008.0,2017
94,Forest,0.607051537193491,1023423.0,2017
94,Grassland,0.5758045552074404,53787.0,2017
94,Unclassified,0.5322280111486406,71729.0,2017
94,Urban Areas,0.46178360300567195,572908.0,2017
108,Agricultural Land,0.48883573127269375,1199675.0,2017
108,Forest,0.6287229549106895,233438.0,2017
108,Grassland,0.611440818923811,3547.0,2017
108,Unclassified,0.5644317505091554,8315.0,2017
108,Urban Areas,0.5083037837681702,181820.0,2017
116,Agricultural Land,0.4870311944363136,3713143.0,2017
116,Forest,0.630853443224513,2072772.0,2017
116,Grassland,0.6021569714353285,81690.0,2017
116,Unclassified,0.6228509408313341,50570.0,2017
116,Urban Areas,0.5077900768319077,428262.0,2017
124,Agricultural Land,0.4461112591607315,1925070.0,2017
124,Forest,0.6013819406529033,541079.0,2017
124,Grassland,0.5505182833000595,21160.0,2017
124,Unclassified,0.5487498087284688,16603.0,2017
124,Urban Areas,0.45981857388376957,225115.0,2017
132,Agricultural Land,0.45139107671089035,825220.0,2017
132,Forest,0.541896251444918,180168.0,2017
132,Grassland,0.5242578481436655,8136.0,2017
132,Unclassified,0.41087415865135796,51603.0,2017
132,Urban Areas,0.4466087341842215,240766.0,2017
141,Agricultural Land,0.44599807100896105,2567638.0,2017
141,Forest,0.5557582034878542,1432295.0,2017
141,Grassland,0.5275914588659998,48769.0,2017
141,Unclassified,0.49839387941489216,87409.0,2017
141,Urban Areas,0.4425843961446063,410180.0,2017
159,Agricultural Land,0.4406667234718725,739187.0,2017
159,Forest,0.5335968855158142,138708.0,2017
159,Grassland,0.5145653050394297,13025.0,2017
159,Unclassified,0.45472619697691763,37102.0,2017
159,Urban Areas,0.4411822402899723,184771.0,2017
167,Agricultural Land,0.49237660534633887,4810845.0,2017
167,Forest,0.5931722472904292,2383713.0,2017
167,Grassland,0.5590764793649136,164601.0,2017
167,Unclassified,0.569735632741991,51636.0,2017
167,Urban Areas,0.4695027451044892,642120.0,2017
175,Agricultural Land,0.5084462700797278,1137358.0,2017
175,Forest,0.6225022193050408,732793.0,2017
175,Grassland,0.6030201737929085,67911.0,2017
175,Unclassified,0.6168909131925722,28465.0,2017
175,Urban Areas,0.5190954623782016,137045.0,2017
183,Agricultural Land,0.4482385443918697,839166.0,2017
183,Forest,0.5479068925544448,333730.0,2017
183,Grassland,0.501742092476334,37795.0,2017
183,Unclassified,0.4775844686290425,16463.0,2017
183,Urban Areas,0.4498457580655897,181702.0,2017
191,Agricultural Land,0.5078446497610897,2385873.0,2017
191,Forest,0.6485737924568853,749280.0,2017
191,Grassland,0.6416876007155261,18469.0,2017
191,Unclassified,0.5295848238959313,36165.0,2017
191,Urban Areas,0.5102833897120195,342075.0,2017
205,Agricultural Land,0.448141564870648,2417541.0,2017
205,Forest,0.6066595905336637,683480.0,2017
205,Grassland,0.5707204660002705,50286.0,2017
205,Unclassified,0.5549266105649605,32419.0,2017
205,Urban Areas,0.4552025752863581,263932.0,2017
213,Agricultural Land,0.43961881749694603,2374892.0,2017
213,Forest,0.535456966336561,615189.0,2017
213,Grassland,0.5120734059914789,20717.0,2017
213,Unclassified,0.4425950372082431,51250.0,2017
213,Urban Areas,0.4354117009553771,677187.0,2017
221,Agricultural Land,0.510972852986713,1546766.0,2017
221,Forest,0.6443417723082229,1495701.0,2017
221,Grassland,0.6230499700467087,38748.0,2017
221,Unclassified,0.5713259478810389,21094.0,2017
221,Urban Areas,0.5235569987800966,639446.0,2017
230,Agricultural Land,0.4729063667660933,2633077.0,2017
230,Forest,0.5945295907502739,1936236.0,2017
230,Grassland,0.5538754055001281,54797.0,2017
230,Unclassified,0.503550199635019,49284.0,2017
230,Urban Areas,0.4843796098612417,1057706.0,2017
248,Agricultural Land,0.537291333664991,1109395.0,2017
248,Forest,0.6249509178565381,1679516.0,2017
248,Grassland,0.6054151586431772,80615.0,2017
248,Unclassified,0.608798370561416,12297.0,2017
248,Urban Areas,0.5365758534833496,228190.0,2017
256,Agricultural Land,0.5533573593358179,3009394.0,2017
256,Forest,0.6371903660831995,3941097.0,2017
256,Grassland,0.6049532928975874,254849.0,2017
256,Unclassified,0.6061887669682718,43122.0,2017
256,Urban Areas,0.5475122615564222,565269.0,2017
264,Agricultural Land,0.5747826476233151,2293313.0,2017
264,Forest,0.6547300352229263,1671299.0,2017
264,Grassland,0.6358346325493613,125413.0,2017
264,Unclassified,0.6197308308092463,20394.0,2017
264,Urban Areas,0.571037739317795,245348.0,2017
272,Agricultural Land,0.41348496169492643,4390400.0,2017
272,Forest,0.49568517574469306,3849328.0,2017
272,Grassland,0.4718889822450515,135061.0,2017
272,Unclassified,0.45427578020387965,65982.0,2017
272,Urban Areas,0.41603767499234795,469339.0,2017
281,Agricultural Land,0.5678835452833234,1871811.0,2017
281,Forest,0.6511351110105155,2118051.0,2017
281,Grassland,0.6166580552683437,93134.0,2017
281,Unclassified,0.6138022683991853,65637.0,2017
281,Urban Areas,0.5548285342704234,212199.0,2017
299,Agricultural Land,0.5480968905169583,1550461.0,2017
299,Forest,0.6890490834952695,850435.0,2017
299,Grassland,0.6478361831888544,20622.0,2017
299,Unclassified,0.5778688508813894,15756.0,2017
299,Urban Areas,0.551748583007599,141644.0,2017
302,Agricultural Land,0.511619507656403,4428780.0,2017
302,Forest,0.6301565234706933,3145270.0,2017
302,Grassland,0.5868372712012826,87678.0,2017
302,Unclassified,0.550468574579521,101954.0,2017
302,Urban Areas,0.48218234838156565,997825.0,2017
311,Agricultural Land,0.613359025417106,1633960.0,2017
311,Forest,0.6702058375104832,2718824.0,2017
311,Grassland,0.6324704353254627,231168.0,2017
311,Unclassified,0.6500647644245595,53217.0,2017
311,Urban Areas,0.5755827798786529,165581.0,2017
329,Agricultural Land,0.5991713720144234,2965284.0,2017
329,Forest,0.6693558519302524,6532440.0,2017
329,Grassland,0.6393965533713714,745813.0,2017
329,Unclassified,0.6312093618358301,175711.0,2017
329,Urban Areas,0.5627873657605531,367698.0,2017
337,Agricultural Land,0.41284543596187834,2645251.0,2017
337,Forest,0.5264022727781813,1731024.0,2017
337,Grassland,0.5261056018687607,64572.0,2017
337,Unclassified,0.5151871060288812,28863.0,2017
337,Urban Areas,0.42894533567651444,174564.0,2017
345,Agricultural Land,0.5607662071737299,4072241.0,2017
345,Forest,0.6526433109054206,4065295.0,2017
345,Grassland,0.6210775100748454,252000.0,2017
345,Unclassified,0.6364937294062631,106079.0,2017
345,Urban Areas,0.5536028739879788,409644.0,2017
353,Agricultural Land,0.5326727469184489,1507767.0,2017
353,Forest,0.6267012846060179,2798934.0,2017
353,Grassland,0.5877013705693492,175915.0,2017
353,Unclassified,0.5927973302986604,153597.0,2017
353,Urban Areas,0.5103006791748409,205161.0,2017
361,Agricultural Land,0.5723785272192236,1147501.0,2017
361,Forest,0.6864127142160374,855772.0,2017
361,Grassland,0.6678257766116921,64119.0,2017
361,Unclassified,0.6965792617396548,15334.0,2017
361,Urban Areas,0.5656754965279904,145488.0,2017
370,Agricultural Land,0.5515777875692514,1341492.0,2017
370,Forest,0.674143824644153,804387.0,2017
370,Grassland,0.6493218407284008,60410.0,2017
370,Unclassified,0.6638337981402288,10180.0,2017
370,Urban Areas,0.5550322817207148,110139.0,2017
388,Agricultural Land,0.5734041065778235,4659033.0,2017
388,Forest,0.6833367877253886,2873287.0,2017
388,Grassland,0.662103585657349,174290.0,2017
388,Unclassified,0.65882392178291,46190.0,2017
388,Urban Areas,0.5759104657193713,407390.0,2017
396,Agricultural Land,0.5699456092518584,2080714.0,2017
396,Forest,0.6593509544061654,1407397.0,2017
396,Grassland,0.6361717693737924,62937.0,2017
396,Unclassified,0.6226175333645457,14356.0,2017
396,Urban Areas,0.5659617772748258,172998.0,2017
400,Agricultural Land,0.5440781531085488,3752600.0,2017
400,Forest,0.6608096466450342,2876054.0,2017
400,Grassland,0.613148880731137,101949.0,2017
400,Unclassified,0.6068234614242094,54793.0,2017
400,Urban Areas,0.5335579003567925,393223.0,2017
418,Agricultural Land,0.5815079365032754,2770293.0,2017
418,Forest,0.6607143718523529,4656576.0,2017
418,Grassland,0.6289636937216594,436372.0,2017
418,Unclassified,0.6097948896967352,180619.0,2017
418,Urban Areas,0.5676781152648283,295481.0,2017
426,Agricultural Land,0.6075261433886012,1118591.0,2017
426,Forest,0.6432201162099861,3528582.0,2017
426,Grassland,0.6117085637997198,391788.0,2017
426,Unclassified,0.5941088574087592,135163.0,2017
426,Urban Areas,0.5817501577549017,167372.0,2017
434,Agricultural Land,0.5304029505560997,1534225.0,2017
434,Forest,0.6268632757808389,843787.0,2017
434,Grassland,0.5986927982820764,100732.0,2017
434,Unclassified,0.58090799038063,19036.0,2017
434,Urban Areas,0.5214051930209115,140140.0,2017
442,Agricultural Land,0.5468220607107218,3419331.0,2017
442,Forest,0.6233110023897834,1636248.0,2017
442,Grassland,0.5965496734005795,170226.0,2017
442,Unclassified,0.5965742042743435,44061.0,2017
442,Urban Areas,0.5302242263982034,371345.0,2017
451,Agricultural Land,0.5348146415495164,1060944.0,2017
451,Forest,0.6394404492823004,516067.0,2017
451,Grassland,0.6109309366110136,25892.0,2017
451,Unclassified,0.5817154828648992,17355.0,2017
451,Urban Areas,0.5210685091402399,111066.0,2017
469,Agricultural Land,0.5241082136868692,1766528.0,2017
469,Forest,0.6365287100776145,976703.0,2017
469,Grassland,0.5906348748791569,91549.0,2017
469,Unclassified,0.609733524448913,68553.0,2017
469,Urban Areas,0.5184930225092329,183106.0,2017
477,Agricultural Land,0.5461035078086176,5595059.0,2017
477,Forest,0.6558698967454921,3538938.0,2017
477,Grassland,0.6053655589368653,91457.0,2017
477,Unclassified,0.6243613020779301,73489.0,2017
477,Urban Areas,0.5443122927705837,585023.0,2017
485,Agricultural Land,0.5046622279938628,3363742.0,2017
485,Forest,0.664166091140891,3557246.0,2017
485,Grassland,0.6294004045127464,276490.0,2017
485,Unclassified,0.6192678765548273,57008.0,2017
485,Urban Areas,0.5138702041671924,326587.0,2017
493,Agricultural Land,0.48622857987024504,1798449.0,2017
493,Forest,0.5731229127741063,879352.0,2017
493,Grassland,0.5602431288814772,35640.0,2017
493,Unclassified,0.5701116560599094,13209.0,2017
493,Urban Areas,0.4874670915548772,137731.0,2017
507,Agricultural Land,0.5703728451541855,428701.0,2017
507,Forest,0.6193114952429218,774802.0,2017
507,Grassland,0.6098716894605021,90569.0,2017
507,Unclassified,0.6197181145126599,17776.0,2017
507,Urban Areas,0.5487231713007638,82441.0,2017
515,Agricultural Land,0.5421201845909175,2334288.0,2017
515,Forest,0.6261133978891879,1666498.0,2017
515,Grassland,0.6011945836481704,400869.0,2017
515,Unclassified,0.5358182075336736,93906.0,2017
515,Urban Areas,0.5329834444029894,293535.0,2017
523,Agricultural Land,0.6460402127690549,1092577.0,2017
523,Forest,0.6774832518999775,2174779.0,2017
523,Grassland,0.6725331845482638,525255.0,2017
523,Unclassified,0.6848426224379743,49767.0,2017
523,Urban Areas,0.6195477910727499,162516.0,2017
531,Agricultural Land,0.5668694598208607,2845906.0,2017
531,Forest,0.6423181146406619,5766744.0,2017
531,Grassland,0.6258373947214341,2308780.0,2017
531,Unclassified,0.5861466349094814,127976.0,2017
531,Urban Areas,0.5376257555178284,538036.0,2017
540,Agricultural Land,0.562361618717989,321685.0,2017
540,Forest,0.6168588720900248,2230280.0,2017
540,Grassland,0.5972168685811418,506267.0,2017
540,Unclassified,0.5713427032895856,105130.0,2017
540,Urban Areas,0.541106641304274,169361.0,2017
558,Agricultural Land,0.5261406985227499,1487421.0,2017
558,Forest,0.6013166463509297,770208.0,2017
558,Grassland,0.58114876650853,103437.0,2017
558,Unclassified,0.5629939759154258,21301.0,2017
558,Urban Areas,0.5206501131380074,133524.0,2017
566,Agricultural Land,0.49175238786891773,3896184.0,2017
566,Forest,0.5776935657238297,4110703.0,2017
566,Grassland,0.5462976132059166,474701.0,2017
566,Unclassified,0.5506424450458627,69082.0,2017
566,Urban Areas,0.4946510439295867,443701.0,2017
574,Agricultural Land,0.5577068256213121,2049334.0,2017
574,Forest,0.5800517367559748,4832314.0,2017
574,Grassland,0.575832946384381,479456.0,2017
574,Unclassified,0.5458272859569044,152008.0,2017
574,Urban Areas,0.5520899056423281,251939.0,2017
582,Agricultural Land,0.4667619644527376,980052.0,2017
582,Forest,0.546660151689491,812765.0,2017
582,Grassland,0.5207797160032706,57180.0,2017
582,Unclassified,0.4882466935257468,41766.0,2017
582,Urban Areas,0.4481702643439498,695502.0,2017
591,Agricultural Land,0.48410390716854224,1100218.0,2017
591,Forest,0.5713366155757077,917616.0,2017
591,Grassland,0.545389363020152,90612.0,2017
591,Unclassified,0.542122239716258,13205.0,2017
591,Urban Areas,0.4996975363726219,153889.0,2017
604,Agricultural Land,0.5446097328870948,1512315.0,2017
604,Forest,0.6109672829074635,1207857.0,2017
604,Grassland,0.597269173120105,151044.0,2017
604,Unclassified,0.5994630284111266,15933.0,2017
604,Urban Areas,0.55111641893821,158772.0,2017
612,Agricultural Land,0.48803969539002645,1438670.0,2017
612,Forest,0.5567978937644001,952002.0,2017
612,Grassland,0.5359395197793215,73539.0,2017
612,Unclassified,0.5509226702663,18037.0,2017
612,Urban Areas,0.4923302816074666,215018.0,2017
621,Agricultural Land,0.44593448759590054,1385659.0,2017
621,Forest,0.5385235797150185,902266.0,2017
621,Grassland,0.5346337662483808,66976.0,2017
621,Unclassified,0.4916944637794983,30506.0,2017
621,Urban Areas,0.4609722672860051,190974.0,2017
639,Agricultural Land,0.44531197915086823,2763258.0,2017
639,Forest,0.5098546563181873,3243504.0,2017
639,Grassland,0.5142356352229752,243561.0,2017
639,Unclassified,0.46441494235073,63635.0,2017
639,Urban Areas,0.45517372587836374,254442.0,2017
647,Agricultural Land,0.4631815838112721,2999915.0,2017
647,Forest,0.5471650812070943,2532965.0,2017
647,Grassland,0.5659153728852907,136232.0,2017
647,Unclassified,0.4764702069611691,70067.0,2017
647,Urban Areas,0.4622266587814784,481367.0,2017
655,Agricultural Land,0.45564734270493434,2350027.0,2017
655,Forest,0.5379813189693224,3485660.0,2017
655,Grassland,0.5049933639176013,178636.0,2017
655,Unclassified,0.4963973691498836,45202.0,2017
655,Urban Areas,0.4618861251262852,444226.0,2017
663,Agricultural Land,0.6045440254251583,276609.0,2017
663,Forest,0.6200596323765134,1879990.0,2017
663,Grassland,0.6027446355872949,335106.0,2017
663,Unclassified,0.5472487925490148,68788.0,2017
663,Urban Areas,0.5800074827924105,69720.0,2017
671,Agricultural Land,0.6082005053932057,963133.0,2017
671,Forest,0.6503344237595828,2631544.0,2017
671,Grassland,0.6623446448240181,464728.0,2017
671,Unclassified,0.4147478237066518,294426.0,2017
671,Urban Areas,0.5015987943451607,434409.0,2017
680,Agricultural Land,0.5316296042720673,2050108.0,2017
680,Forest,0.624562002098971,1918266.0,2017
680,Grassland,0.6168493847147742,100084.0,2017
680,Unclassified,0.642269485785343,28093.0,2017
680,Urban Areas,0.5262741403166799,179478.0,2017
698,Agricultural Land,0.5757730778045068,3641816.0,2017
698,Forest,0.6622830771461774,4880391.0,2017
698,Grassland,0.6507183612278175,372361.0,2017
698,Unclassified,0.6498688496105753,117685.0,2017
698,Urban Areas,0.5507740616907874,327499.0,2017
701,Agricultural Land,0.583575078113178,441216.0,2017
701,Forest,0.6422187792025394,1162023.0,2017
701,Grassland,0.6180795328916608,249422.0,2017
701,Unclassified,0.6251807609072304,19043.0,2017
701,Urban Areas,0.5677596555549409,125062.0,2017
710,Agricultural Land,0.5277131647492038,2727003.0,2017
710,Forest,0.6122745551086132,4629181.0,2017
710,Grassland,0.5903845316691514,643504.0,2017
710,Unclassified,0.5817293224740392,166145.0,2017
710,Urban Areas,0.5100766594982126,445083.0,2017
728,Agricultural Land,0.5352628270857005,1252683.0,2017
728,Forest,0.547221193305398,3192539.0,2017
728,Grassland,0.5681682360609002,529704.0,2017
728,Unclassified,0.5416834371546629,228393.0,2017
728,Urban Areas,0.46792380229191893,319440.0,2017
736,Agricultural Land,0.5479255074508645,830281.0,2017
736,Forest,0.5941107318819998,1342885.0,2017
736,Grassland,0.5624291377831927,184681.0,2017
736,Unclassified,0.6043642383623201,81346.0,2017
736,Urban Areas,0.5396192624144676,184952.0,2017
744,Agricultural Land,0.5933098158093103,175556.0,2017
744,Forest,0.6360153005554322,460759.0,2017
744,Grassland,0.608995850657658,124246.0,2017
744,Unclassified,0.6064407991956503,10514.0,2017
744,Urban Areas,0.5415696833673779,104299.0,2017
752,Agricultural Land,0.4145771619765559,1398023.0,2017
752,Forest,0.5861367982043405,2203219.0,2017
752,Grassland,0.5646491830156596,293803.0,2017
752,Unclassified,0.37389789423491077,427547.0,2017
752,Urban Areas,0.4420196737045659,409947.0,2017
761,Agricultural Land,0.48185544282639386,1453672.0,2017
761,Forest,0.6159344938014346,2015721.0,2017
761,Grassland,0.5797878543794711,568621.0,2017
761,Unclassified,0.5137477988481615,89295.0,2017
761,Urban Areas,0.486939389178853,257739.0,2017
779,Agricultural Land,0.638313821746917,296361.0,2017
779,Forest,0.6840663198799873,942209.0,2017
779,Grassland,0.67232184332172,119365.0,2017
779,Unclassified,0.6368239148224414,17976.0,2017
779,Urban Areas,0.5858296563573436,168940.0,2017
787,Agricultural Land,0.6266070483742642,164385.0,2017
787,Forest,0.636391999939917,1474339.0,2017
787,Grassland,0.6391950135423966,129077.0,2017
787,Unclassified,0.6032791777390512,31039.0,2017
787,Urban Areas,0.5774689248079937,99602.0,2017
795,Agricultural Land,0.6496797353846244,217774.0,2017
795,Forest,0.6885470134456876,384258.0,2017
795,Grassland,0.6675723821887765,65639.0,2017
795,Unclassified,0.6584476778028537,9752.0,2017
795,Urban Areas,0.629562779431799,62157.0,2017
809,Agricultural Land,0.6623087209478699,1173806.0,2017
809,Forest,0.713015402853547,1872271.0,2017
809,Grassland,0.6921019484653975,199069.0,2017
809,Unclassified,0.6722049619189048,40323.0,2017
809,Urban Areas,0.6666699293907333,197355.0,2017
817,Agricultural Land,0.6067992179427742,1717060.0,2017
817,Forest,0.6864482050957833,2785999.0,2017
817,Grassland,0.6591050583987246,478717.0,2017
817,Unclassified,0.6333765876850408,53676.0,2017
817,Urban Areas,0.5826525290105254,726940.0,2017
825,Agricultural Land,0.4691976136275855,2611316.0,2017
825,Forest,0.5676677095018369,1406707.0,2017
825,Grassland,0.5505820482301876,216482.0,2017
825,Unclassified,0.4083588882656407,84751.0,2017
825,Urban Areas,0.441847443358283,357409.0,2017
833,Agricultural Land,0.41832035089090047,1702309.0,2017
833,Forest,0.49545432943267326,584814.0,2017
833,Grassland,0.46547041282101015,56845.0,2017
833,Unclassified,0.38645278312693515,45856.0,2017
833,Urban Areas,0.4059899050360129,221037.0,2017
841,Agricultural Land,0.40766773880567553,2254919.0,2017
841,Forest,0.516153417053588,440273.0,2017
841,Grassland,0.45958950182677,28137.0,2017
841,Unclassified,0.37367382853534503,48030.0,2017
841,Urban Areas,0.4232125299719688,212034.0,2017
850,Agricultural Land,0.3603822378333377,3377878.0,2017
850,Forest,0.4405684024752905,901274.0,2017
850,Grassland,0.34248675831283265,66741.0,2017
850,Unclassified,0.3840695071481533,41131.0,2017
850,Urban Areas,0.35406343077991265,318799.0,2017
868,Agricultural Land,0.4212210694534435,2046142.0,2017
868,Forest,0.4969615423810906,1006203.0,2017
868,Grassland,0.5223521599593767,170869.0,2017
868,Unclassified,0.44464826145975944,19220.0,2017
868,Urban Areas,0.422208875094671,146503.0,2017
876,Agricultural Land,0.3861740609210045,2076991.0,2017
876,Forest,0.4779882063144064,703620.0,2017
876,Grassland,0.43021510805891044,40818.0,2017
876,Unclassified,0.39344881375429774,34610.0,2017
876,Urban Areas,0.37296730560742614,213568.0,2017
884,Agricultural Land,0.4186019279086964,220292.0,2017
884,Forest,0.4847818504957791,1624530.0,2017
884,Grassland,0.4963521733530677,131155.0,2017
884,Unclassified,0.3056762870104426,120528.0,2017
884,Urban Areas,0.3885544291445702,211521.0,2017
892,Agricultural Land,0.3660607858203706,1081454.0,2017
892,Forest,0.41901318351374767,531707.0,2017
892,Grassland,0.39287721575362977,78872.0,2017
892,Unclassified,0.25629853757702264,233009.0,2017
892,Urban Areas,0.3511525188921055,324154.0,2017
906,Agricultural Land,0.46026444164060937,454409.0,2017
906,Forest,0.5040112966859939,492331.0,2017
906,Grassland,0.48345298525521657,24299.0,2017
906,Unclassified,0.24464189130226938,125789.0,2017
906,Urban Areas,0.37233888300367207,130303.0,2017
914,Agricultural Land,0.4120219168575889,836744.0,2017
914,Forest,0.4457262166331056,1802720.0,2017
914,Grassland,0.41889229126006305,277139.0,2017
914,Unclassified,0.28393831311098,101681.0,2017
914,Urban Areas,0.36384186232511667,385303.0,2017
922,Agricultural Land,0.4549898639513647,910947.0,2017
922,Forest,0.4904445485172264,1896908.0,2017
922,Grassland,0.46899587657308717,558114.0,2017
922,Unclassified,0.4065661143659925,73004.0,2017
922,Urban Areas,0.4179349944063821,560113.0,2017
931,Agricultural Land,0.521840272952158,1813735.0,2017
931,Forest,0.6382360419605492,1130421.0,2017
931,Grassland,0.6064257287325219,109236.0,2017
931,Unclassified,0.6170664100162677,23271.0,2017
931,Urban Areas,0.5273690035949704,174478.0,2017
949,Agricultural Land,0.4988864821615528,3992003.0,2017
949,Forest,0.6095249816798533,1859833.0,2017
949,Grassland,0.5828946305990019,82317.0,2017
949,Unclassified,0.5870206003406098,46341.0,2017
949,Urban Areas,0.5049818678702962,407164.0,2017
957,Agricultural Land,0.54191084179199,1432889.0,2017
957,Forest,0.6490735958433181,1213372.0,2017
957,Grassland,0.6300259066613204,40295.0,2017
957,Unclassified,0.6472414297005273,24599.0,2017
957,Urban Areas,0.5496738899557468,151848.0,2017
965,Agricultural Land,0.48788742974298416,4288252.0,2017
965,Forest,0.6258841225113769,1326849.0,2017
965,Grassland,0.5943336591803303,70382.0,2017
965,Unclassified,0.5546379022778888,68039.0,2017
965,Urban Areas,0.49823446591873494,923696.0,2017
973,Agricultural Land,0.47867617702798154,1519590.0,2017
973,Forest,0.6228201210515059,377831.0,2017
973,Grassland,0.586406564944975,60284.0,2017
973,Unclassified,0.6056254716177552,9433.0,2017
973,Urban Areas,0.47732243166748795,157574.0,2017
981,Agricultural Land,0.48227335557197004,4232153.0,2017
981,Forest,0.6311468219326111,2342369.0,2017
981,Grassland,0.5854040721703376,119421.0,2017
981,Unclassified,0.5427395465445518,62500.0,2017
981,Urban Areas,0.4934768797256109,640712.0,2017
990,Agricultural Land,0.5611165863348045,1121033.0,2017
990,Forest,0.6745221725789842,1041586.0,2017
990,Grassland,0.6393114853867837,113777.0,2017
990,Unclassified,0.6467513851772918,20737.0,2017
990,Urban Areas,0.5632824199882001,142590.0,2017
1007,Agricultural Land,0.5457677821561006,1254322.0,2017
1007,Forest,0.6555068500228686,461900.0,2017
1007,Grassland,0.6251781706557544,43490.0,2017
1007,Unclassified,0.6314070835961565,8870.0,2017
1007,Urban Areas,0.5298661196524623,150161.0,2017
1015,Agricultural Land,0.5354549186520874,3870892.0,2017
1015,Forest,0.6496797199243038,1454038.0,2017
1015,Grassland,0.6217869922004513,152687.0,2017
1015,Unclassified,0.5886595840349061,41798.0,2017
1015,Urban Areas,0.5307113502740888,391303.0,2017
1023,Agricultural Land,0.5925057544322405,445945.0,2017
1023,Forest,0.6572883610915667,388847.0,2017
1023,Grassland,0.6498583727691032,46194.0,2017
1023,Unclassified,0.6589051064894506,3006.0,2017
1023,Urban Areas,0.5654995041005003,84202.0,2017
1031,Agricultural Land,0.49524566685938604,1237109.0,2017
1031,Forest,0.5849825390058251,1002281.0,2017
1031,Grassland,0.5611740538547337,216009.0,2017
1031,Unclassified,0.5505518153006693,18680.0,2017
1031,Urban Areas,0.5042231605227016,109904.0,2017
1040,Agricultural Land,0.48307078899874484,956242.0,2017
1040,Forest,0.6016284267031904,201196.0,2017
1040,Grassland,0.5813802455276352,35557.0,2017
1040,Unclassified,0.6087400161616078,12258.0,2017
1040,Urban Areas,0.5008839216486372,141153.0,2017
1058,Agricultural Land,0.5409782381359312,598275.0,2017
1058,Forest,0.675366299080937,210727.0,2017
1058,Grassland,0.6483550024623016,33496.0,2017
1058,Unclassified,0.6546589436823399,10578.0,2017
1058,Urban Areas,0.5517841736045414,81327.0,2017
1066,Agricultural Land,0.5431750878340609,1624523.0,2017
1066,Forest,0.6352991819346573,1306873.0,2017
1066,Grassland,0.6097759845285455,265633.0,2017
1066,Unclassified,0.6340183722743356,20672.0,2017
1066,Urban Areas,0.5429633676167905,308672.0,2017
1074,Agricultural Land,0.4901743784201158,1029866.0,2017
1074,Forest,0.6260236481568806,889216.0,2017
1074,Grassland,0.5715925228582626,38197.0,2017
1074,Unclassified,0.5643510758681677,10386.0,2017
1074,Urban Areas,0.4843791942945345,153263.0,2017
1082,Agricultural Land,0.4893754566393449,2434905.0,2017
1082,Forest,0.6221911091955211,730610.0,2017
1082,Grassland,0.5971070829713512,36969.0,2017
1082,Unclassified,0.5745461235014852,58252.0,2017
1082,Urban Areas,0.48716092393183263,726743.0,2017
1091,Agricultural Land,0.5291137330563338,1279999.0,2017
1091,Forest,0.6405548681692087,935938.0,2017
1091,Grassland,0.6163539441264527,29888.0,2017
1091,Unclassified,0.5403971919848861,36241.0,2017
1091,Urban Areas,0.5223500028326697,243340.0,2017
1104,Agricultural Land,0.5624047629001893,1454265.0,2017
1104,Forest,0.658148656445771,940204.0,2017
1104,Grassland,0.6448238130853164,205553.0,2017
1104,Unclassified,0.6491940156705696,14717.0,2017
1104,Urban Areas,0.5698757657950065,162309.0,2017
1112,Agricultural Land,0.5402461071361365,833212.0,2017
1112,Forest,0.6277552465040556,1091796.0,2017
1112,Grassland,0.6052250392202152,85964.0,2017
1112,Unclassified,0.6045717729061657,34323.0,2017
1112,Urban Areas,0.5341701046024868,170573.0,2017
1121,Agricultural Land,0.5412268350001533,2018655.0,2017
1121,Forest,0.6309369058598048,2069907.0,2017
1121,Grassland,0.6081276085643129,402660.0,2017
1121,Unclassified,0.6068790884398372,35497.0,2017
1121,Urban Areas,0.5391768303370135,255745.0,2017
1139,Agricultural Land,0.6026731463303358,798531.0,2017
1139,Forest,0.6433647975311185,1376400.0,2017
1139,Grassland,0.6378437763643602,422816.0,2017
1139,Unclassified,0.6005808390770958,22990.0,2017
1139,Urban Areas,0.5924879503274556,159296.0,2017
1147,Agricultural Land,0.5988196586437645,985553.0,2017
1147,Forest,0.6822201558399624,873436.0,2017
1147,Grassland,0.6568835376212376,248554.0,2017
1147,Unclassified,0.6020409813206042,23654.0,2017
1147,Urban Areas,0.5990647360717684,165962.0,2017
1155,Agricultural Land,0.5492027534139787,1197144.0,2017
1155,Forest,0.655932710740905,766559.0,2017
1155,Grassland,0.6373374670571074,100336.0,2017
1155,Unclassified,0.636041221761319,28652.0,2017
1155,Urban Areas,0.5478396457064382,219637.0,2017
1163,Agricultural Land,0.4665488063103097,2171985.0,2017
1163,Forest,0.6141734320313139,895628.0,2017
1163,Grassland,0.5715117007501571,78446.0,2017
1163,Unclassified,0.5912157085252017,10393.0,2017
1163,Urban Areas,0.48604182473881036,205362.0,2017
1171,Agricultural Land,0.5125135414796824,2020195.0,2017
1171,Forest,0.6522276327542894,1797549.0,2017
1171,Grassland,0.5984378015580454,127815.0,2017
1171,Unclassified,0.5759034312511908,20992.0,2017
1171,Urban Areas,0.5335758001080313,190700.0,2017
1180,Agricultural Land,0.5406825746597844,1447656.0,2017
1180,Forest,0.6553617275482958,1025742.0,2017
1180,Grassland,0.6174809359400306,81590.0,2017
1180,Unclassified,0.6168548509812392,10356.0,2017
1180,Urban Areas,0.5489303997737598,145763.0,2017
1198,Agricultural Land,0.49087958406091714,1943411.0,2017
1198,Forest,0.6463074898498489,1246562.0,2017
1198,Grassland,0.6011482988157961,90528.0,2017
1198,Unclassified,0.605785964639313,7822.0,2017
1198,Urban Areas,0.521192563016203,204833.0,2017
1201,Agricultural Land,0.5591602095698314,1288922.0,2017
1201,Forest,0.6443553568947137,1011406.0,2017
1201,Grassland,0.6346331707527576,67845.0,2017
1201,Unclassified,0.623773016863773,13287.0,2017
1201,Urban Areas,0.5627178778342737,182598.0,2017
1210,Agricultural Land,0.5904804414438141,1723529.0,2017
1210,Forest,0.6454230313143071,3296186.0,2017
1210,Grassland,0.6237511072621348,519436.0,2017
1210,Unclassified,0.5925911147856592,48254.0,2017
1210,Urban Areas,0.5595993711725261,351874.0,2017
1228,Agricultural Land,0.5941934609577578,730127.0,2017
1228,Forest,0.6274878937741539,1632530.0,2017
1228,Grassland,0.6036530495294383,354359.0,2017
1228,Unclassified,0.5226955995476208,55789.0,2017
1228,Urban Areas,0.5591043101511712,156127.0,2017
1236,Agricultural Land,0.5848601211837082,574668.0,2017
1236,Forest,0.6078374429792935,770556.0,2017
1236,Grassland,0.6017472300400111,156408.0,2017
1236,Unclassified,0.60695872567365,8945.0,2017
1236,Urban Areas,0.5708932682586527,70669.0,2017
1244,Agricultural Land,0.531701168217019,1366615.0,2017
1244,Forest,0.6665400333087692,1012206.0,2017
1244,Grassland,0.6279719795065003,196116.0,2017
1244,Unclassified,0.6063973283193526,15343.0,2017
1244,Urban Areas,0.5384008213912309,150600.0,2017
1252,Agricultural Land,0.4825137362827732,1785647.0,2017
1252,Forest,0.6142658423496158,666843.0,2017
1252,Grassland,0.587005750967204,91269.0,2017
1252,Unclassified,0.6013477094633659,20670.0,2017
1252,Urban Areas,0.47696504594472916,221712.0,2017
1261,Agricultural Land,0.5769726641258772,1346321.0,2017
1261,Forest,0.6540402456312808,1019527.0,2017
1261,Grassland,0.6297809846977281,216998.0,2017
1261,Unclassified,0.6109343307899499,24791.0,2017
1261,Urban Areas,0.5676065728950025,193618.0,2017
1279,Agricultural Land,0.5382397004718616,257228.0,2017
1279,Forest,0.6548303648115784,404602.0,2017
1279,Grassland,0.5951388876227174,35226.0,2017
1279,Unclassified,0.6429901254421156,3126.0,2017
1279,Urban Areas,0.5222953923379131,94728.0,2017
1287,Agricultural Land,0.541606053264004,823811.0,2017
1287,Forest,0.6334140350741976,721116.0,2017
1287,Grassland,0.6001726628755931,191267.0,2017
1287,Unclassified,0.6282571280227822,12544.0,2017
1287,Urban Areas,0.535414576947229,151846.0,2017
1295,Agricultural Land,0.5242820812896725,1076352.0,2017
1295,Forest,0.6948401932509335,1986566.0,2017
1295,Grassland,0.6212409576453414,116639.0,2017
1295,Unclassified,0.6542394264805257,20736.0,2017
1295,Urban Areas,0.5265996788888203,299768.0,2017
1309,Agricultural Land,0.5216085993744678,2387583.0,2017
1309,Forest,0.6572121849717771,2204448.0,2017
1309,Grassland,0.6111004531694852,131907.0,2017
1309,Unclassified,0.5779097831917623,21670.0,2017
1309,Urban Areas,0.515010349423401,334442.0,2017
1317,Agricultural Land,0.4815001175473082,511181.0,2017
1317,Forest,0.671751211501265,747127.0,2017
1317,Grassland,0.5707323923622267,7913.0,2017
1317,Unclassified,0.502256927861211,27068.0,2017
1317,Urban Areas,0.45502250180491804,981063.0,2017
1325,Agricultural Land,0.4092604180111856,855565.0,2017
1325,Forest,0.5958418563383029,676898.0,2017
1325,Grassland,0.498099995115958,18918.0,2017
1325,Unclassified,0.5852591252579787,19450.0,2017
1325,Urban Areas,0.4213615337755694,148707.0,2017
1333,Agricultural Land,0.49176242375513574,322485.0,2017
1333,Forest,0.6623322815110289,303657.0,2017
1333,Grassland,0.5756964905397944,6629.0,2017
1333,Unclassified,0.5552850163777452,5484.0,2017
1333,Urban Areas,0.49877987983049427,130967.0,2017
1341,Agricultural Land,0.45122969685466546,701143.0,2017
1341,Forest,0.6297932000746842,862729.0,2017
1341,Grassland,0.5949946952162191,8416.0,2017
1341,Unclassified,0.5760102295432209,5687.0,2017
1341,Urban Areas,0.4424750109960442,163682.0,2017
1350,Agricultural Land,0.48864319156022573,1302143.0,2017
1350,Forest,0.6373182599942563,1719999.0,2017
1350,Grassland,0.5812249244665159,114441.0,2017
1350,Unclassified,0.6055670905315097,27488.0,2017
1350,Urban Areas,0.5065941904672863,250371.0,2017
1368,Agricultural Land,0.4588385871119939,1513732.0,2017
1368,Forest,0.6999673781646799,1412544.0,2017
1368,Grassland,0.6491808097466573,19453.0,2017
1368,Unclassified,0.5181688742534674,38509.0,2017
1368,Urban Areas,0.46507595629141146,438324.0,2017
1376,Agricultural Land,0.4283017423970014,1474785.0,2017
1376,Forest,0.5634152267703351,168464.0,2017
1376,Grassland,0.5065687664575452,22900.0,2017
1376,Unclassified,0.39876155199884644,38565.0,2017
1376,Urban Areas,0.41077283381359786,229744.0,2017
1384,Agricultural Land,0.46059319741228233,2495214.0,2017
1384,Forest,0.6377691467238549,1244806.0,2017
1384,Grassland,0.5805946563466635,82270.0,2017
1384,Unclassified,0.6084532827905121,109490.0,2017
1384,Urban Areas,0.43158352701727537,347795.0,2017
1392,Agricultural Land,0.44342748689538863,2602492.0,2017
1392,Forest,0.5940842870712724,518471.0,2017
1392,Grassland,0.4993431892529556,37286.0,2017
1392,Unclassified,0.5535369400762544,20325.0,2017
1392,Urban Areas,0.4277310445346022,276975.0,2017
1406,Agricultural Land,0.4332109533498091,1587707.0,2017
1406,Forest,0.595191137185788,450329.0,2017
1406,Grassland,0.48388674545640553,30270.0,2017
1406,Unclassified,0.5472377928704774,29773.0,2017
1406,Urban Areas,0.4275331378849351,145785.0,2017
1414,Agricultural Land,0.3862460426645372,1405127.0,2017
1414,Forest,0.5714035245726932,240077.0,2017
1414,Grassland,0.5535078394501873,1073.0,2017
1414,Unclassified,0.5287386309853881,29600.0,2017
1414,Urban Areas,0.3889689710980521,138136.0,2017
1422,Agricultural Land,0.5587191336715839,531189.0,2017
1422,Forest,0.6460904900481591,994351.0,2017
1422,Grassland,0.5923836054657372,146083.0,2017
1422,Unclassified,0.6207242375693763,6728.0,2017
1422,Urban Areas,0.5205314518219912,97656.0,2017
1431,Agricultural Land,0.4893104020780861,555991.0,2017
1431,Forest,0.6680056461524597,303851.0,2017
1431,Grassland,0.5696640588581205,20249.0,2017
1431,Unclassified,0.4832927263633715,16417.0,2017
1431,Urban Areas,0.48768345832894533,198886.0,2017
1449,Agricultural Land,0.5236640648177716,763222.0,2017
1449,Forest,0.6075007780399692,1428841.0,2017
1449,Grassland,0.5675207891967573,266271.0,2017
1449,Unclassified,0.5826897652808781,10526.0,2017
1449,Urban Areas,0.4856936943642359,111261.0,2017
1457,Agricultural Land,0.6025962255384207,451412.0,2017
1457,Forest,0.6782384959759151,765812.0,2017
1457,Grassland,0.619060812260801,113468.0,2017
1457,Unclassified,0.6518478590870455,5889.0,2017
1457,Urban Areas,0.5662275057243296,114997.0,2017
1465,Agricultural Land,0.5388747210912346,1136538.0,2017
1465,Forest,0.6947792207463009,1725930.0,2017
1465,Grassland,0.6263530978477406,164979.0,2017
1465,Unclassified,0.6439808868082795,13416.0,2017
1465,Urban Areas,0.5389914242065343,451839.0,2017
1473,Agricultural Land,0.443894751792734,1667134.0,2017
1473,Forest,0.6167315939045914,782967.0,2017
1473,Grassland,0.5476220018293008,38098.0,2017
1473,Unclassified,0.5644617103465632,32593.0,2017
1473,Urban Areas,0.43631587383265774,276067.0,2017
1481,Agricultural Land,0.43404308072684933,2770637.0,2017
1481,Forest,0.6104259667495618,1509984.0,2017
1481,Grassland,0.4959695597812399,35584.0,2017
1481,Unclassified,0.5293682301241636,34734.0,2017
1481,Urban Areas,0.426598299827843,334410.0,2017
1490,Agricultural Land,0.4654202285963157,1816952.0,2017
1490,Forest,0.6247650793880578,983118.0,2017
1490,Grassland,0.5336237628967685,357383.0,2017
1490,Unclassified,0.5955170462452154,32764.0,2017
1490,Urban Areas,0.4504701347221007,216216.0,2017
1503,Agricultural Land,0.494022893821583,4715628.0,2017
1503,Forest,0.5925290720356648,3273636.0,2017
1503,Grassland,0.5749215272970164,201301.0,2017
1503,Unclassified,0.5612642085899713,73533.0,2017
1503,Urban Areas,0.4744582101222234,693021.0,2017
1511,Agricultural Land,0.4592469028631262,1564460.0,2017
1511,Forest,0.5866981566395633,1056755.0,2017
1511,Grassland,0.5507562371429648,85962.0,2017
1511,Unclassified,0.5632889763988382,23221.0,2017
1511,Urban Areas,0.4686104462292995,122938.0,2017
1520,Agricultural Land,0.5257449326729449,550357.0,2017
1520,Forest,0.7196485331291025,918187.0,2017
1520,Grassland,0.6673121743712119,69855.0,2017
1520,Unclassified,0.6782215076995143,6956.0,2017
1520,Urban Areas,0.5158308205628741,90834.0,2017
1538,Agricultural Land,0.4808793513688084,958587.0,2017
1538,Forest,0.6361035061016832,203545.0,2017
1538,Grassland,0.5846082192884399,20714.0,2017
1538,Unclassified,0.5160583271046967,5505.0,2017
1538,Urban Areas,0.4694268097775884,134427.0,2017
1546,Agricultural Land,0.4520028043710377,3088318.0,2017
1546,Forest,0.6662313180752332,1357790.0,2017
1546,Grassland,0.5962842085631701,51130.0,2017
1546,Unclassified,0.5845148427561898,33941.0,2017
1546,Urban Areas,0.45305822149021807,393641.0,2017
1554,Agricultural Land,0.5323304101399611,1022071.0,2017
1554,Forest,0.6609881588806945,786433.0,2017
1554,Grassland,0.6323461422405406,36984.0,2017
1554,Unclassified,0.6353599335895463,5434.0,2017
1554,Urban Areas,0.5317567171643897,105218.0,2017
1562,Agricultural Land,0.4597203931370478,4117543.0,2017
1562,Forest,0.6447607082101469,1064065.0,2017
1562,Grassland,0.6000161009193333,67563.0,2017
1562,Unclassified,0.5244308356171064,21180.0,2017
1562,Urban Areas,0.44484816666452676,514036.0,2017
1571,Agricultural Land,0.3217334481802638,2762705.0,2017
1571,Forest,0.4764492481774136,1112524.0,2017
1571,Grassland,0.4151233599173499,29312.0,2017
1571,Unclassified,0.4161857392120684,15721.0,2017
1571,Urban Areas,0.3194048737151089,181517.0,2017
1589,Agricultural Land,0.4352465284631534,1123189.0,2017
1589,Forest,0.5723223055576514,787306.0,2017
1589,Grassland,0.5316615974431167,26194.0,2017
1589,Unclassified,0.5657994235928999,13625.0,2017
1589,Urban Areas,0.42587264099866035,110267.0,2017
1597,Agricultural Land,0.38247007028161145,5151677.0,2017
1597,Forest,0.513163099062752,2558589.0,2017
1597,Grassland,0.4739719999380586,61350.0,2017
1597,Unclassified,0.49774991380296535,37684.0,2017
1597,Urban Areas,0.3829699068630483,455936.0,2017
1601,Agricultural Land,0.4571329278225176,2774836.0,2017
1601,Forest,0.6680602351449054,1745428.0,2017
1601,Grassland,0.5904302237529864,102910.0,2017
1601,Unclassified,0.5258800465551203,38566.0,2017
1601,Urban Areas,0.45035895940810966,451789.0,2017
1619,Agricultural Land,0.4671530344461431,2078647.0,2017
1619,Forest,0.6063779090324793,1901582.0,2017
1619,Grassland,0.5565151910377694,457481.0,2017
1619,Unclassified,0.5548076814441042,16408.0,2017
1619,Urban Areas,0.448290889522256,263188.0,2017
1627,Agricultural Land,0.3880196489325209,1115807.0,2017
1627,Forest,0.594908654293488,435265.0,2017
1627,Grassland,0.4237474232777624,13079.0,2017
1627,Unclassified,0.47042375467869285,5896.0,2017
1627,Urban Areas,0.39507645291145693,133163.0,2017
1635,Agricultural Land,0.4206498275435051,1061246.0,2017
1635,Forest,0.6406816286495413,318530.0,2017
1635,Grassland,0.4896188799696468,3738.0,2017
1635,Unclassified,0.4916241862286971,3971.0,2017
1635,Urban Areas,0.4336634937497575,183736.0,2017
1643,Agricultural Land,0.434173205745535,2374686.0,2017
1643,Forest,0.6798817387485252,2611720.0,2017
1643,Grassland,0.6176644214402707,42922.0,2017
1643,Unclassified,0.5484701440737987,26636.0,2017
1643,Urban Areas,0.41999051560652545,320709.0,2017
1651,Agricultural Land,0.38086854066548653,2458567.0,2017
1651,Forest,0.5663569748429962,787162.0,2017
1651,Grassland,0.4616743546059642,20114.0,2017
1651,Unclassified,0.518502145021396,17971.0,2017
1651,Urban Areas,0.3917858626451704,181301.0,2017
1660,Agricultural Land,0.3620900743089693,8138512.0,2017
1660,Forest,0.5128930583020451,3265671.0,2017
1660,Grassland,0.42483765883255226,101721.0,2017
1660,Unclassified,0.5107592815375916,91970.0,2017
1660,Urban Areas,0.3712512310808813,650428.0,2017
1678,Agricultural Land,0.5300729078150498,1662011.0,2017
1678,Forest,0.6456119968870506,1407589.0,2017
1678,Grassland,0.6171386576315545,160114.0,2017
1678,Unclassified,0.64273960060741,20118.0,2017
1678,Urban Areas,0.5298648687751109,186220.0,2017
1686,Agricultural Land,0.5413971696396034,1427198.0,2017
1686,Forest,0.6378653629719137,1202937.0,2017
1686,Grassland,0.627891331038896,100800.0,2017
1686,Unclassified,0.6131759248242097,20791.0,2017
1686,Urban Areas,0.543646662954509,150605.0,2017
1694,Agricultural Land,0.4515262898665165,2695207.0,2017
1694,Forest,0.5630812685576112,1586179.0,2017
1694,Grassland,0.5398108013498989,44528.0,2017
1694,Unclassified,0.5225961292808303,23753.0,2017
1694,Urban Areas,0.4339594129041845,289658.0,2017
1708,Agricultural Land,0.5269998995661787,2112344.0,2017
1708,Forest,0.6382384944757393,2035178.0,2017
1708,Grassland,0.6233737700019634,106952.0,2017
1708,Unclassified,0.6150744369474652,35040.0,2017
1708,Urban Areas,0.5136783070611236,235367.0,2017
1716,Agricultural Land,0.544243728447335,2348961.0,2017
1716,Forest,0.6233601557589143,3239880.0,2017
1716,Grassland,0.5995121272886567,319514.0,2017
1716,Unclassified,0.6027463994000039,36475.0,2017
1716,Urban Areas,0.5405965385182511,257941.0,2017
1724,Agricultural Land,0.48765612509847506,2277394.0,2017
1724,Forest,0.5919048789361538,2742464.0,2017
1724,Grassland,0.5691180528732469,408789.0,2017
1724,Unclassified,0.5644309776857604,26745.0,2017
1724,Urban Areas,0.4978473872946434,267211.0,2017
1732,Agricultural Land,0.5414200905647253,1073575.0,2017
1732,Forest,0.6303269005250809,1826686.0,2017
1732,Grassland,0.5736914487289616,281161.0,2017
1732,Unclassified,0.6160327681040082,18180.0,2017
1732,Urban Areas,0.5426848381689131,119461.0,2017
1741,Agricultural Land,0.48324145205996916,1634196.0,2017
1741,Forest,0.5960858277916056,2193632.0,2017
1741,Grassland,0.5776033871744202,178627.0,2017
1741,Unclassified,0.5385992096494469,41859.0,2017
1741,Urban Areas,0.4729152997486948,702734.0,2017
1759,Agricultural Land,0.5839409300619092,400563.0,2017
1759,Forest,0.6110790461595675,2330769.0,2017
1759,Grassland,0.6085637485607766,217643.0,2017
1759,Unclassified,0.6209617688726721,23550.0,2017
1759,Urban Areas,0.5797398507474563,172632.0,2017
1767,Agricultural Land,0.5578385648014358,387390.0,2017
1767,Forest,0.5557313319362857,1145108.0,2017
1767,Grassland,0.5618643379058844,122583.0,2017
1767,Unclassified,0.565754395747731,12220.0,2017
1767,Urban Areas,0.5376803915429198,88369.0,2017
1775,Agricultural Land,0.5870772492581975,704149.0,2017
1775,Forest,0.6227220470549847,1271108.0,2017
1775,Grassland,0.6043020690637669,115591.0,2017
1775,Unclassified,0.6052215338360538,15705.0,2017
1775,Urban Areas,0.5348747531283277,234138.0,2017
1783,Agricultural Land,0.4468661588731688,301700.0,2017
1783,Forest,0.5094956813769274,138950.0,2017
1783,Grassland,0.538725034648586,12759.0,2017
1783,Unclassified,0.4691591248450957,22321.0,2017
1783,Urban Areas,0.4570321231926981,213792.0,2017
1791,Agricultural Land,0.5403085505867647,317013.0,2017
1791,Forest,0.5847684674688632,239325.0,2017
1791,Grassland,0.6078299821548385,5244.0,2017
1791,Unclassified,0.46554364310997026,12432.0,2017
1791,Urban Areas,0.5125123663602559,274811.0,2017
1805,Agricultural Land,0.4612820151496654,319117.0,2017
1805,Forest,0.5317527317820632,336596.0,2017
1805,Grassland,0.5107194751856029,6801.0,2017
1805,Unclassified,0.47294005099288317,38130.0,2017
1805,Urban Areas,0.4474563173197061,307246.0,2017
1813,Agricultural Land,0.5132316461580397,103855.0,2017
1813,Forest,0.5531270951956009,157989.0,2017
1813,Grassland,0.5378118664188339,2942.0,2017
1813,Unclassified,0.4953251398387047,6763.0,2017
1813,Urban Areas,0.5181871102349456,162764.0,2017
1821,Agricultural Land,0.5912307066731235,222892.0,2017
1821,Forest,0.6269096113157974,120157.0,2017
1821,Grassland,0.6166364858030177,8482.0,2017
1821,Unclassified,0.5968130188570301,3527.0,2017
1821,Urban Areas,0.5295468180414149,85435.0,2017
1830,Agricultural Land,0.4698907539116734,1034342.0,2017
1830,Forest,0.5883228131933218,300177.0,2017
1830,Grassland,0.5402800736552901,61753.0,2017
1830,Unclassified,0.5679238440609223,17111.0,2017
1830,Urban Areas,0.4787177925936344,153229.0,2017
1848,Agricultural Land,0.4937812543493026,319463.0,2017
1848,Forest,0.5486229683965486,503321.0,2017
1848,Grassland,0.5261554916583815,65992.0,2017
1848,Unclassified,0.5298334602168516,6080.0,2017
1848,Urban Areas,0.47422739602796604,91157.0,2017
1856,Agricultural Land,0.46027909686849167,692596.0,2017
1856,Forest,0.5408161783418726,266870.0,2017
1856,Grassland,0.5339133746505561,39699.0,2017
1856,Unclassified,0.4698883541166636,13008.0,2017
1856,Urban Areas,0.44728171675055933,195292.0,2017
1864,Agricultural Land,0.48278756414635354,1626665.0,2017
1864,Forest,0.5929289503141171,702331.0,2017
1864,Grassland,0.5825793106540174,143062.0,2017
1864,Unclassified,0.5963522730154021,18968.0,2017
1864,Urban Areas,0.49271620623978174,243876.0,2017
1872,Agricultural Land,0.5069196506880628,1223972.0,2017
1872,Forest,0.6418088234351412,826441.0,2017
1872,Grassland,0.5927934190685018,40210.0,2017
1872,Unclassified,0.5099007364267982,19396.0,2017
1872,Urban Areas,0.5113950632700727,115823.0,2017
1881,Agricultural Land,0.4827293079056102,1309861.0,2017
1881,Forest,0.6332326018862092,896247.0,2017
1881,Grassland,0.59050951487907,29051.0,2017
1881,Unclassified,0.5784832708666355,22159.0,2017
1881,Urban Areas,0.4812703678379528,199388.0,2017
1899,Agricultural Land,0.47360003341230095,3594268.0,2017
1899,Forest,0.6602284366037497,3283029.0,2017
1899,Grassland,0.6281496580608994,232143.0,2017
1899,Unclassified,0.566449180670552,62983.0,2017
1899,Urban Areas,0.45848977705830957,827340.0,2017
1902,Agricultural Land,0.4224364194879311,1525119.0,2017
1902,Forest,0.5819157528650477,380602.0,2017
1902,Grassland,0.5140331753851446,13621.0,2017
1902,Unclassified,0.5133933362401562,6399.0,2017
1902,Urban Areas,0.4213386722653411,139830.0,2017
1911,Agricultural Land,0.512389915295055,1835007.0,2017
1911,Forest,0.6205982831217206,1337236.0,2017
1911,Grassland,0.5822001953154317,96614.0,2017
1911,Unclassified,0.5737286143834678,17060.0,2017
1911,Urban Areas,0.49602271156088457,195511.0,2017
1929,Agricultural Land,0.39186376308313525,851566.0,2017
1929,Forest,0.523977448625683,501145.0,2017
1929,Grassland,0.5081496167397214,22530.0,2017
1929,Unclassified,0.45465312869711877,20848.0,2017
1929,Urban Areas,0.4016856281387711,209348.0,2017
1937,Agricultural Land,0.4047665942111267,756114.0,2017
1937,Forest,0.5831597563365832,139139.0,2017
1937,Grassland,0.5477883107760706,14377.0,2017
1937,Unclassified,0.4738112838353549,7116.0,2017
1937,Urban Areas,0.4140179019289932,85728.0,2017
1945,Agricultural Land,0.43483906601843464,3386451.0,2017
1945,Forest,0.5988949374613142,1692957.0,2017
1945,Grassland,0.5682221936452801,70007.0,2017
1945,Unclassified,0.5500140488719205,35723.0,2017
1945,Urban Areas,0.44064969495530426,455416.0,2017
1953,Agricultural Land,0.5272239154584797,1385522.0,2017
1953,Forest,0.6288348608244686,1224381.0,2017
1953,Grassland,0.6017866218914661,79005.0,2017
1953,Unclassified,0.6214290221098041,16292.0,2017
1953,Urban Areas,0.5354076652668256,101488.0,2017
1961,Agricultural Land,0.4152371183644238,1059552.0,2017
1961,Forest,0.5150015328302229,779401.0,2017
1961,Grassland,0.46231565530876456,54471.0,2017
1961,Unclassified,0.4648527474907154,61314.0,2017
1961,Urban Areas,0.42535866694376157,1314370.0,2017
1970,Agricultural Land,0.5094904212107372,1988815.0,2017
1970,Forest,0.6639724154555053,950919.0,2017
1970,Grassland,0.6072375888190042,111370.0,2017
1970,Unclassified,0.5442903339127181,32207.0,2017
1970,Urban Areas,0.5075638868359439,237608.0,2017
1988,Agricultural Land,0.5004668934154692,739383.0,2017
1988,Forest,0.6475741437279318,282878.0,2017
1988,Grassland,0.6075647619954574,28341.0,2017
1988,Unclassified,0.5079416031339113,18730.0,2017
1988,Urban Areas,0.4794091631352386,109465.0,2017
1996,Agricultural Land,0.47043137747135044,2903780.0,2017
1996,Forest,0.6157232889353462,555501.0,2017
1996,Grassland,0.5770838958761041,42157.0,2017
1996,Unclassified,0.5443407381913578,33571.0,2017
1996,Urban Areas,0.449545293886897,402132.0,2017
2003,Agricultural Land,0.5004706973735097,953409.0,2017
2003,Forest,0.6501102453415467,735659.0,2017
2003,Grassland,0.5983752953277117,36413.0,2017
2003,Unclassified,0.567650121138714,13892.0,2017
2003,Urban Areas,0.48832224760120735,122803.0,2017
2011,Agricultural Land,0.5242188200127733,1219192.0,2017
2011,Forest,0.6359522585673603,1127123.0,2017
2011,Grassland,0.5919718764732069,114950.0,2017
2011,Unclassified,0.5656897721426006,20608.0,2017
2011,Urban Areas,0.48970772582528105,183256.0,2017
2020,Agricultural Land,0.5810776270832324,2157830.0,2017
2020,Forest,0.6599491479071308,5206144.0,2017
2020,Grassland,0.634933415991063,734316.0,2017
2020,Unclassified,0.6237874123796526,56579.0,2017
2020,Urban Areas,0.5578062885833075,406167.0,2017
2038,Agricultural Land,0.5272911885101785,334710.0,2017
2038,Forest,0.5733540486399193,1568487.0,2017
2038,Grassland,0.548480396221127,321799.0,2017
2038,Unclassified,0.5630182566424171,14092.0,2017
2038,Urban Areas,0.504155328712741,148311.0,2017
2046,Agricultural Land,0.5526820053809414,998636.0,2017
2046,Forest,0.6307874401374666,931863.0,2017
2046,Grassland,0.6046339034681879,123168.0,2017
2046,Unclassified,0.6210876754427966,18837.0,2017
2046,Urban Areas,0.517887057151918,210579.0,2017
2054,Agricultural Land,0.5513707050988088,726132.0,2017
2054,Forest,0.6138844829259628,4427814.0,2017
2054,Grassland,0.5783130416000715,1136790.0,2017
2054,Unclassified,0.5920705317331364,35617.0,2017
2054,Urban Areas,0.514282025005295,276536.0,2017
2062,Agricultural Land,0.49374443597017176,1923316.0,2017
2062,Forest,0.6308712338028405,4559349.0,2017
2062,Grassland,0.6042362424148571,372736.0,2017
2062,Unclassified,0.5667537598852187,52085.0,2017
2062,Urban Areas,0.5189899513916149,263496.0,2017
19,Agricultural Land,0.44468149128558476,1361153.0,2018
19,Forest,0.6032932677607478,789369.0,2018
19,Grassland,0.5462786308140837,44457.0,2018
19,Unclassified,0.40268611956196354,81862.0,2018
19,Urban Areas,0.45814619019256814,2643813.0,2018
27,Agricultural Land,0.4156961903890259,3383923.0,2018
27,Forest,0.5798020483495191,2614466.0,2018
27,Grassland,0.5095261295557592,127790.0,2018
27,Unclassified,0.5253252550928879,57258.0,2018
27,Urban Areas,0.4450706202282539,622546.0,2018
35,Agricultural Land,0.38657904995711995,2810698.0,2018
35,Forest,0.5440653335097579,1699173.0,2018
35,Grassland,0.5168718929858415,57771.0,2018
35,Unclassified,0.5083168735929966,26103.0,2018
35,Urban Areas,0.3893478488564059,248059.0,2018
43,Agricultural Land,0.41900833466741116,1745434.0,2018
43,Forest,0.5604015139068321,846442.0,2018
43,Grassland,0.5058458479219099,59820.0,2018
43,Unclassified,0.5208900838817244,13095.0,2018
43,Urban Areas,0.4366711651042103,173877.0,2018
51,Agricultural Land,0.4288089239288578,1593989.0,2018
51,Forest,0.5994871377606273,1913505.0,2018
51,Grassland,0.5067294015435656,185268.0,2018
51,Unclassified,0.4378029368254458,65797.0,2018
51,Urban Areas,0.44073927688290504,480627.0,2018
60,Agricultural Land,0.4275659822933581,1244382.0,2018
60,Forest,0.6160731659342178,1214144.0,2018
60,Grassland,0.5300423602957021,100932.0,2018
60,Unclassified,0.5371157053305328,13480.0,2018
60,Urban Areas,0.4228539305769195,198080.0,2018
78,Agricultural Land,0.39323241574758383,1608299.0,2018
78,Forest,0.583300128327868,1252657.0,2018
78,Grassland,0.5022744799974376,55264.0,2018
78,Unclassified,0.49040705151855946,19256.0,2018
78,Urban Areas,0.4257226990807883,552279.0,2018
86,Agricultural Land,0.3991858631183763,2749492.0,2018
86,Forest,0.5504691993658604,534041.0,2018
86,Grassland,0.4693746380720545,20151.0,2018
86,Unclassified,0.4552431064470408,19649.0,2018
86,Urban Areas,0.4174065348453015,347662.0,2018
94,Agricultural Land,0.3690467542267092,4045008.0,2018
94,Forest,0.5379181458879221,1023423.0,2018
94,Grassland,0.487225775382545,53787.0,2018
94,Unclassified,0.44827049267854757,71729.0,2018
94,Urban Areas,0.372481674659304,572908.0,2018
108,Agricultural Land,0.391799802534377,1199675.0,2018
108,Forest,0.5787120949269211,233438.0,2018
108,Grassland,0.5245471658053316,3547.0,2018
108,Unclassified,0.48423514017052344,8315.0,2018
108,Urban Areas,0.4182125998617281,181820.0,2018
116,Agricultural Land,0.3841391052046645,3713143.0,2018
116,Forest,0.5601863168297443,2072772.0,2018
116,Grassland,0.4955816650274976,81690.0,2018
116,Unclassified,0.514362636766628,50570.0,2018
116,Urban Areas,0.4121750783209659,428262.0,2018
124,Agricultural Land,0.37794560732797516,1925070.0,2018
124,Forest,0.5555345639092524,541079.0,2018
124,Grassland,0.47721026735081,21160.0,2018
124,Unclassified,0.5002233529585582,16603.0,2018
124,Urban Areas,0.38902937005980676,225115.0,2018
132,Agricultural Land,0.3985441811094938,825220.0,2018
132,Forest,0.5263631090735693,180168.0,2018
132,Grassland,0.4674232183619528,8136.0,2018
132,Unclassified,0.3414609199611262,51603.0,2018
132,Urban Areas,0.4007974469653505,240766.0,2018
141,Agricultural Land,0.38325920905317096,2567638.0,2018
141,Forest,0.5943291720043296,1432295.0,2018
141,Grassland,0.530174882829479,48769.0,2018
141,Unclassified,0.5113729239507419,87409.0,2018
141,Urban Areas,0.4132141430320365,410180.0,2018
159,Agricultural Land,0.37660975688495785,739187.0,2018
159,Forest,0.5590559478419352,138708.0,2018
159,Grassland,0.5029959331592991,13025.0,2018
159,Unclassified,0.45111226087482165,37102.0,2018
159,Urban Areas,0.40061871879037336,184771.0,2018
167,Agricultural Land,0.37427280189781903,4810845.0,2018
167,Forest,0.58311281698073,2383713.0,2018
167,Grassland,0.48207649035036376,164601.0,2018
167,Unclassified,0.5302093041979496,51636.0,2018
167,Urban Areas,0.3908771882192092,642120.0,2018
175,Agricultural Land,0.4233284936927714,1137358.0,2018
175,Forest,0.6372459544671433,732793.0,2018
175,Grassland,0.543762900820942,67911.0,2018
175,Unclassified,0.5921924509960047,28465.0,2018
175,Urban Areas,0.4460610905462724,137045.0,2018
183,Agricultural Land,0.4330955890809115,839166.0,2018
183,Forest,0.611627341792288,333730.0,2018
183,Grassland,0.5195788680103535,37795.0,2018
183,Unclassified,0.5389651575648523,16463.0,2018
183,Urban Areas,0.4579615889675007,181702.0,2018
191,Agricultural Land,0.391936026287549,2385873.0,2018
191,Forest,0.6024112113239174,749280.0,2018
191,Grassland,0.5348514639677421,18469.0,2018
191,Unclassified,0.4615636895759528,36165.0,2018
191,Urban Areas,0.41617526666119475,342075.0,2018
205,Agricultural Land,0.3693598744137812,2417541.0,2018
205,Forest,0.557656776673371,683480.0,2018
205,Grassland,0.4994469207515534,50286.0,2018
205,Unclassified,0.509780431212313,32419.0,2018
205,Urban Areas,0.3894828028575273,263932.0,2018
213,Agricultural Land,0.4132126647837513,2374892.0,2018
213,Forest,0.599687650643204,615189.0,2018
213,Grassland,0.5344188938784704,20717.0,2018
213,Unclassified,0.4424028105383966,51250.0,2018
213,Urban Areas,0.4277977411794776,677187.0,2018
221,Agricultural Land,0.4176851834494141,1546766.0,2018
221,Forest,0.6094028951641911,1495701.0,2018
221,Grassland,0.5364841058595706,38748.0,2018
221,Unclassified,0.5058690246674612,21094.0,2018
221,Urban Areas,0.4459050669505184,639446.0,2018
230,Agricultural Land,0.40950208536160526,2633077.0,2018
230,Forest,0.5977596904177891,1936236.0,2018
230,Grassland,0.5230045401733705,54797.0,2018
230,Unclassified,0.49225827531429356,49284.0,2018
230,Urban Areas,0.4356733056749223,1057706.0,2018
248,Agricultural Land,0.46081344305506444,1109395.0,2018
248,Forest,0.6252016915211437,1679516.0,2018
248,Grassland,0.5530490846726481,80615.0,2018
248,Unclassified,0.577411386774906,12297.0,2018
248,Urban Areas,0.4722760470913563,228190.0,2018
256,Agricultural Land,0.4736187922132637,3009394.0,2018
256,Forest,0.6364378772615452,3941097.0,2018
256,Grassland,0.5761167544653284,254849.0,2018
256,Unclassified,0.5780346315876075,43122.0,2018
256,Urban Areas,0.4989271700236613,565269.0,2018
264,Agricultural Land,0.4747595425013481,2293313.0,2018
264,Forest,0.6006387085859245,1671299.0,2018
264,Grassland,0.5405734102775962,125413.0,2018
264,Unclassified,0.5441923823342424,20394.0,2018
264,Urban Areas,0.4796955225611482,245348.0,2018
272,Agricultural Land,0.3685061180116487,4390400.0,2018
272,Forest,0.5578146159417031,3849328.0,2018
272,Grassland,0.4879219823269678,135061.0,2018
272,Unclassified,0.48338918772602785,65982.0,2018
272,Urban Areas,0.40396446709138045,469339.0,2018
281,Agricultural Land,0.5801595471812457,1871811.0,2018
281,Forest,0.6816861163386593,2118051.0,2018
281,Grassland,0.6298790309160348,93134.0,2018
281,Unclassified,0.6404066486616868,65637.0,2018
281,Urban Areas,0.5514982296879434,212199.0,2018
299,Agricultural Land,0.4544512357495056,1550461.0,2018
299,Forest,0.6082552257789149,850435.0,2018
299,Grassland,0.5451733230772773,20622.0,2018
299,Unclassified,0.4788198818488831,15756.0,2018
299,Urban Areas,0.4445555498299357,141644.0,2018
302,Agricultural Land,0.49266618141963125,4428780.0,2018
302,Forest,0.6241936432792933,3145270.0,2018
302,Grassland,0.580357098702147,87678.0,2018
302,Unclassified,0.533223311542444,101954.0,2018
302,Urban Areas,0.4706836822235847,997825.0,2018
311,Agricultural Land,0.6615176473579946,1633960.0,2018
311,Forest,0.7295186713445694,2718824.0,2018
311,Grassland,0.6854414107519844,231168.0,2018
311,Unclassified,0.7056477101109178,53217.0,2018
311,Urban Areas,0.6058414060162566,165581.0,2018
329,Agricultural Land,0.6427748522607482,2965284.0,2018
329,Forest,0.7145997434556914,6532440.0,2018
329,Grassland,0.6743517276660502,745813.0,2018
329,Unclassified,0.6697012133849581,175711.0,2018
329,Urban Areas,0.5983935561488252,367698.0,2018
337,Agricultural Land,0.43079154831289657,2645251.0,2018
337,Forest,0.5884550633997804,1731024.0,2018
337,Grassland,0.5596103532525832,64572.0,2018
337,Unclassified,0.5592439822971096,28863.0,2018
337,Urban Areas,0.43495020721623223,174564.0,2018
345,Agricultural Land,0.500277830897138,4072241.0,2018
345,Forest,0.6424637448142767,4065295.0,2018
345,Grassland,0.5760978463960309,252000.0,2018
345,Unclassified,0.6075531836229634,106079.0,2018
345,Urban Areas,0.4889045483963025,409644.0,2018
353,Agricultural Land,0.5252400086780913,1507767.0,2018
353,Forest,0.6624486296749571,2798934.0,2018
353,Grassland,0.5982519256790119,175915.0,2018
353,Unclassified,0.6160336307066053,153597.0,2018
353,Urban Areas,0.5010932010905907,205161.0,2018
361,Agricultural Land,0.44384359133030327,1147501.0,2018
361,Forest,0.5891499465290577,855772.0,2018
361,Grassland,0.5427642032065081,64119.0,2018
361,Unclassified,0.5850819266882623,15334.0,2018
361,Urban Areas,0.44570537636803814,145488.0,2018
370,Agricultural Land,0.4613082584259919,1341492.0,2018
370,Forest,0.6107254247182339,804387.0,2018
370,Grassland,0.5851054514168292,60410.0,2018
370,Unclassified,0.6025015190551113,10180.0,2018
370,Urban Areas,0.47438892447969777,110139.0,2018
388,Agricultural Land,0.4641972617258903,4659033.0,2018
388,Forest,0.6111720488938535,2873287.0,2018
388,Grassland,0.5620650269572901,174290.0,2018
388,Unclassified,0.5705851952595147,46190.0,2018
388,Urban Areas,0.47082232473858276,407390.0,2018
396,Agricultural Land,0.4584346513619346,2080714.0,2018
396,Forest,0.6045395496717082,1407397.0,2018
396,Grassland,0.5364055583232756,62937.0,2018
396,Unclassified,0.5539130205763403,14356.0,2018
396,Urban Areas,0.4614240653917927,172998.0,2018
400,Agricultural Land,0.46272503354082606,3752600.0,2018
400,Forest,0.6195020430748428,2876054.0,2018
400,Grassland,0.535885030977112,101949.0,2018
400,Unclassified,0.5584484265398135,54793.0,2018
400,Urban Areas,0.4657345531789275,393223.0,2018
418,Agricultural Land,0.5837947442638995,2770293.0,2018
418,Forest,0.6963832900643426,4656576.0,2018
418,Grassland,0.655201643239455,436372.0,2018
418,Unclassified,0.655833894174624,180619.0,2018
418,Urban Areas,0.5638880669308346,295481.0,2018
426,Agricultural Land,0.6453986250284384,1118591.0,2018
426,Forest,0.7075563120369671,3528582.0,2018
426,Grassland,0.6689526693765022,391788.0,2018
426,Unclassified,0.6664717762368714,135163.0,2018
426,Urban Areas,0.6096323158341722,167372.0,2018
434,Agricultural Land,0.45164110193664336,1534225.0,2018
434,Forest,0.5946677694454864,843787.0,2018
434,Grassland,0.5413675785735702,100732.0,2018
434,Unclassified,0.5437488470004997,19036.0,2018
434,Urban Areas,0.4626278678097487,140140.0,2018
442,Agricultural Land,0.4974841183640138,3419331.0,2018
442,Forest,0.6140057378440354,1636248.0,2018
442,Grassland,0.561919594862921,170226.0,2018
442,Unclassified,0.562576355337312,44061.0,2018
442,Urban Areas,0.4912949852972537,371345.0,2018
451,Agricultural Land,0.46407140797142393,1060944.0,2018
451,Forest,0.5889062358102919,516067.0,2018
451,Grassland,0.5392408592463295,25892.0,2018
451,Unclassified,0.5140434185809822,17355.0,2018
451,Urban Areas,0.45294797947179527,111066.0,2018
469,Agricultural Land,0.4530244305274554,1766528.0,2018
469,Forest,0.6078069615498156,976703.0,2018
469,Grassland,0.5515551648210504,91549.0,2018
469,Unclassified,0.5850423106249943,68553.0,2018
469,Urban Areas,0.4511985426557825,183106.0,2018
477,Agricultural Land,0.45499118409596595,5595059.0,2018
477,Forest,0.6084736423709745,3538938.0,2018
477,Grassland,0.5462409241452336,91457.0,2018
477,Unclassified,0.5506987465521026,73489.0,2018
477,Urban Areas,0.4629477593412619,585023.0,2018
485,Agricultural Land,0.45919876144260086,3363742.0,2018
485,Forest,0.6372797826041208,3557246.0,2018
485,Grassland,0.5661229048388712,276490.0,2018
485,Unclassified,0.5629154187951256,57008.0,2018
485,Urban Areas,0.4691480977556576,326587.0,2018
493,Agricultural Land,0.4090307205839514,1798449.0,2018
493,Forest,0.5715084774255547,879352.0,2018
493,Grassland,0.5301601986742581,35640.0,2018
493,Unclassified,0.5480444865795221,13209.0,2018
493,Urban Areas,0.4241662209500166,137731.0,2018
507,Agricultural Land,0.6019661762257843,428701.0,2018
507,Forest,0.7032827623668051,774802.0,2018
507,Grassland,0.654892086831361,90569.0,2018
507,Unclassified,0.6902836893830183,17776.0,2018
507,Urban Areas,0.5884147460565339,82441.0,2018
515,Agricultural Land,0.46809591033342113,2334288.0,2018
515,Forest,0.6335480803517183,1666498.0,2018
515,Grassland,0.5590949767666497,400869.0,2018
515,Unclassified,0.5070002355879379,93906.0,2018
515,Urban Areas,0.4931634318680452,293535.0,2018
523,Agricultural Land,0.5401434024444515,1092577.0,2018
523,Forest,0.6610611750800254,2174779.0,2018
523,Grassland,0.5895133636006079,525255.0,2018
523,Unclassified,0.6356701862017505,49767.0,2018
523,Urban Areas,0.5520913997097622,162516.0,2018
531,Agricultural Land,0.48291530121390425,2845906.0,2018
531,Forest,0.6441504432887772,5766744.0,2018
531,Grassland,0.5731815907038056,2308780.0,2018
531,Unclassified,0.5789285122872241,127976.0,2018
531,Urban Areas,0.5217269800066873,538036.0,2018
540,Agricultural Land,0.5032746620971777,321685.0,2018
540,Forest,0.6710221571518843,2230280.0,2018
540,Grassland,0.5784119934048881,506267.0,2018
540,Unclassified,0.5970435714249401,105130.0,2018
540,Urban Areas,0.5277212521027218,169361.0,2018
558,Agricultural Land,0.46157884722663944,1487421.0,2018
558,Forest,0.5857004640311513,770208.0,2018
558,Grassland,0.5486993861569006,103437.0,2018
558,Unclassified,0.5088153922670039,21301.0,2018
558,Urban Areas,0.4493902337690705,133524.0,2018
566,Agricultural Land,0.48385885029839776,3896184.0,2018
566,Forest,0.6367532442534501,4110703.0,2018
566,Grassland,0.577659821100121,474701.0,2018
566,Unclassified,0.5832612478855322,69082.0,2018
566,Urban Areas,0.49057361533199,443701.0,2018
574,Agricultural Land,0.5439319649541529,2049334.0,2018
574,Forest,0.6463448405731655,4832314.0,2018
574,Grassland,0.608494464338015,479456.0,2018
574,Unclassified,0.6384018237804155,152008.0,2018
574,Urban Areas,0.5403925248461848,251939.0,2018
582,Agricultural Land,0.41998827108370074,980052.0,2018
582,Forest,0.582714270523753,812765.0,2018
582,Grassland,0.5349469316723923,57180.0,2018
582,Unclassified,0.4816797130280446,41766.0,2018
582,Urban Areas,0.42921572830615595,695502.0,2018
591,Agricultural Land,0.499381544628327,1100218.0,2018
591,Forest,0.6457132418906911,917616.0,2018
591,Grassland,0.59789473410198,90612.0,2018
591,Unclassified,0.6068552896340929,13205.0,2018
591,Urban Areas,0.5283628204738227,153889.0,2018
604,Agricultural Land,0.47401653987452036,1512315.0,2018
604,Forest,0.6248254749123403,1207857.0,2018
604,Grassland,0.5628169303644162,151044.0,2018
604,Unclassified,0.5912357878099164,15933.0,2018
604,Urban Areas,0.5007077543887523,158772.0,2018
612,Agricultural Land,0.406154837584285,1438670.0,2018
612,Forest,0.5685162876690626,952002.0,2018
612,Grassland,0.4806898912542134,73539.0,2018
612,Unclassified,0.5263349305539489,18037.0,2018
612,Urban Areas,0.4125763625086032,215018.0,2018
621,Agricultural Land,0.37212857648154657,1385659.0,2018
621,Forest,0.5504942640261665,902266.0,2018
621,Grassland,0.45975430064104456,66976.0,2018
621,Unclassified,0.4240864050802165,30506.0,2018
621,Urban Areas,0.3814775673194153,190974.0,2018
639,Agricultural Land,0.42448415537834866,2763258.0,2018
639,Forest,0.5761653784158525,3243504.0,2018
639,Grassland,0.534780251986729,243561.0,2018
639,Unclassified,0.4881102201056198,63635.0,2018
639,Urban Areas,0.4487564819177862,254442.0,2018
647,Agricultural Land,0.39613209731393323,2999915.0,2018
647,Forest,0.563356591555305,2532965.0,2018
647,Grassland,0.5246201877601625,136232.0,2018
647,Unclassified,0.4575677650387182,70067.0,2018
647,Urban Areas,0.42569522252160674,481367.0,2018
655,Agricultural Land,0.4370212674383809,2350027.0,2018
655,Forest,0.60418239638597,3485660.0,2018
655,Grassland,0.5361790840999842,178636.0,2018
655,Unclassified,0.5362247291372669,45202.0,2018
655,Urban Areas,0.4578584936863502,444226.0,2018
663,Agricultural Land,0.620701795083153,276609.0,2018
663,Forest,0.689977094763265,1879990.0,2018
663,Grassland,0.6262957165491687,335106.0,2018
663,Unclassified,0.6150042356501563,68788.0,2018
663,Urban Areas,0.6095131055520857,69720.0,2018
671,Agricultural Land,0.541720321153761,963133.0,2018
671,Forest,0.645335812225435,2631544.0,2018
671,Grassland,0.5993187663928004,464728.0,2018
671,Unclassified,0.4157925287504879,294426.0,2018
671,Urban Areas,0.4905311534458,434409.0,2018
680,Agricultural Land,0.44554619441181137,2050108.0,2018
680,Forest,0.602010725901225,1918266.0,2018
680,Grassland,0.5595268492166418,100084.0,2018
680,Unclassified,0.6084821992052355,28093.0,2018
680,Urban Areas,0.46262557347324307,179478.0,2018
698,Agricultural Land,0.49523233204372774,3641816.0,2018
698,Forest,0.6474317624201156,4880391.0,2018
698,Grassland,0.5786887065128518,372361.0,2018
698,Unclassified,0.6132735628921325,117685.0,2018
698,Urban Areas,0.49021621688221834,327499.0,2018
701,Agricultural Land,0.4829692247898237,441216.0,2018
701,Forest,0.6514526305645871,1162023.0,2018
701,Grassland,0.5396144405735507,249422.0,2018
701,Unclassified,0.6078912122205908,19043.0,2018
701,Urban Areas,0.4935259005101509,125062.0,2018
710,Agricultural Land,0.46210127305015425,2727003.0,2018
710,Forest,0.6506490583251049,4629181.0,2018
710,Grassland,0.5355945162638546,643504.0,2018
710,Unclassified,0.597717365715975,166145.0,2018
710,Urban Areas,0.4738793574153378,445083.0,2018
728,Agricultural Land,0.49852048699842644,1252683.0,2018
728,Forest,0.6563053368176904,3192539.0,2018
728,Grassland,0.5275543083636391,529704.0,2018
728,Unclassified,0.6394621979753642,228393.0,2018
728,Urban Areas,0.4884521892153645,319440.0,2018
736,Agricultural Land,0.5243415240477806,830281.0,2018
736,Forest,0.6631249496601728,1342885.0,2018
736,Grassland,0.5474103614346215,184681.0,2018
736,Unclassified,0.6503550671987149,81346.0,2018
736,Urban Areas,0.5088148138523031,184952.0,2018
744,Agricultural Land,0.5153442523942682,175556.0,2018
744,Forest,0.6532909070091124,460759.0,2018
744,Grassland,0.5355730813866798,124246.0,2018
744,Unclassified,0.5930618839457118,10514.0,2018
744,Urban Areas,0.4765616463734391,104299.0,2018
752,Agricultural Land,0.42415805919637123,1398023.0,2018
752,Forest,0.65987770561808,2203219.0,2018
752,Grassland,0.56711541145781,293803.0,2018
752,Unclassified,0.4186335539637524,427547.0,2018
752,Urban Areas,0.46984635561664795,409947.0,2018
761,Agricultural Land,0.43839824210587364,1453672.0,2018
761,Forest,0.6405377940421815,2015721.0,2018
761,Grassland,0.551000678576263,568621.0,2018
761,Unclassified,0.5212775015036332,89295.0,2018
761,Urban Areas,0.473204918808979,257739.0,2018
779,Agricultural Land,0.5213197706319989,296361.0,2018
779,Forest,0.6722830303729901,942209.0,2018
779,Grassland,0.5802515386379106,119365.0,2018
779,Unclassified,0.6020537396850629,17976.0,2018
779,Urban Areas,0.511768426180214,168940.0,2018
787,Agricultural Land,0.5466957740114238,164385.0,2018
787,Forest,0.660630815236325,1474339.0,2018
787,Grassland,0.5699176185527849,129077.0,2018
787,Unclassified,0.6181120306700867,31039.0,2018
787,Urban Areas,0.5256790518958162,99602.0,2018
795,Agricultural Land,0.5459225169223414,217774.0,2018
795,Forest,0.6582689553767418,384258.0,2018
795,Grassland,0.5716617243161075,65639.0,2018
795,Unclassified,0.6187821308454962,9752.0,2018
795,Urban Areas,0.5433795165793727,62157.0,2018
809,Agricultural Land,0.5468645105244692,1173806.0,2018
809,Forest,0.7001531659455954,1872271.0,2018
809,Grassland,0.5996039258995041,199069.0,2018
809,Unclassified,0.6424395441048155,40323.0,2018
809,Urban Areas,0.5627462559013654,197355.0,2018
817,Agricultural Land,0.5011121290506717,1717060.0,2018
817,Forest,0.6657727708254891,2785999.0,2018
817,Grassland,0.5586450912774391,478717.0,2018
817,Unclassified,0.5809675350022374,53676.0,2018
817,Urban Areas,0.5132213562699711,726940.0,2018
825,Agricultural Land,0.42635300781569246,2611316.0,2018
825,Forest,0.6045183193808222,1406707.0,2018
825,Grassland,0.5063569993056708,216482.0,2018
825,Unclassified,0.42100657345431375,84751.0,2018
825,Urban Areas,0.444823528466379,357409.0,2018
833,Agricultural Land,0.3908424780939049,1702309.0,2018
833,Forest,0.5972437057823573,584814.0,2018
833,Grassland,0.4861311627803728,56845.0,2018
833,Unclassified,0.37506843593253625,45856.0,2018
833,Urban Areas,0.4023300504360736,221037.0,2018
841,Agricultural Land,0.3945331471547028,2254919.0,2018
841,Forest,0.566260614784874,440273.0,2018
841,Grassland,0.4512247197420294,28137.0,2018
841,Unclassified,0.38666332426659145,48030.0,2018
841,Urban Areas,0.40910000750826264,212034.0,2018
850,Agricultural Land,0.3521019581467639,3377878.0,2018
850,Forest,0.5209157461326909,901274.0,2018
850,Grassland,0.38305636709209495,66741.0,2018
850,Unclassified,0.44641823250192547,41131.0,2018
850,Urban Areas,0.37074315245230777,318799.0,2018
868,Agricultural Land,0.3702980653424211,2046142.0,2018
868,Forest,0.5369500591472102,1006203.0,2018
868,Grassland,0.526367028923665,170869.0,2018
868,Unclassified,0.42846582790954924,19220.0,2018
868,Urban Areas,0.3870230181594278,146503.0,2018
876,Agricultural Land,0.35521413342367175,2076991.0,2018
876,Forest,0.5260679484703004,703620.0,2018
876,Grassland,0.4118421307104958,40818.0,2018
876,Unclassified,0.4338751201192549,34610.0,2018
876,Urban Areas,0.37832851020436054,213568.0,2018
884,Agricultural Land,0.5186473525454637,220292.0,2018
884,Forest,0.6575664015918716,1624530.0,2018
884,Grassland,0.5994848359301916,131155.0,2018
884,Unclassified,0.4049186819886644,120528.0,2018
884,Urban Areas,0.486193454193921,211521.0,2018
892,Agricultural Land,0.37625280393119187,1081454.0,2018
892,Forest,0.5267829459513956,531707.0,2018
892,Grassland,0.4378144458366665,78872.0,2018
892,Unclassified,0.3468556398326203,233009.0,2018
892,Urban Areas,0.4159921894995101,324154.0,2018
906,Agricultural Land,0.4458448677621728,454409.0,2018
906,Forest,0.5801675908569423,492331.0,2018
906,Grassland,0.49602658409430433,24299.0,2018
906,Unclassified,0.3110856276030176,125789.0,2018
906,Urban Areas,0.42539992995552905,130303.0,2018
914,Agricultural Land,0.5050819472904069,836744.0,2018
914,Forest,0.661879728815144,1802720.0,2018
914,Grassland,0.5380744524700265,277139.0,2018
914,Unclassified,0.41826372514058313,101681.0,2018
914,Urban Areas,0.4968198526819179,385303.0,2018
922,Agricultural Land,0.5123229531918225,910947.0,2018
922,Forest,0.6309133456907863,1896908.0,2018
922,Grassland,0.5570223685470737,558114.0,2018
922,Unclassified,0.4808444332485117,73004.0,2018
922,Urban Areas,0.5015776525471856,560113.0,2018
931,Agricultural Land,0.40945309449279815,1813735.0,2018
931,Forest,0.579058890500201,1130421.0,2018
931,Grassland,0.5285716711942269,109236.0,2018
931,Unclassified,0.5485787594237964,23271.0,2018
931,Urban Areas,0.43169163336641103,174478.0,2018
949,Agricultural Land,0.40262234470084907,3992003.0,2018
949,Forest,0.5634645527213912,1859833.0,2018
949,Grassland,0.514850466740197,82317.0,2018
949,Unclassified,0.5193681825708901,46341.0,2018
949,Urban Areas,0.4194495543322475,407164.0,2018
957,Agricultural Land,0.42893134554488566,1432889.0,2018
957,Forest,0.573853068298153,1213372.0,2018
957,Grassland,0.5289043680201365,40295.0,2018
957,Unclassified,0.549409568455167,24599.0,2018
957,Urban Areas,0.44169440563635376,151848.0,2018
965,Agricultural Land,0.406015357305377,4288252.0,2018
965,Forest,0.5931042423514716,1326849.0,2018
965,Grassland,0.5142577888260348,70382.0,2018
965,Unclassified,0.48905582084852556,68039.0,2018
965,Urban Areas,0.41529884671578904,923696.0,2018
973,Agricultural Land,0.39124649007851936,1519590.0,2018
973,Forest,0.5736765927347426,377831.0,2018
973,Grassland,0.4893263268524451,60284.0,2018
973,Unclassified,0.521142906221936,9433.0,2018
973,Urban Areas,0.3985576549604531,157574.0,2018
981,Agricultural Land,0.3926297212118376,4232153.0,2018
981,Forest,0.5807285635983906,2342369.0,2018
981,Grassland,0.5056625352241496,119421.0,2018
981,Unclassified,0.4713733722233772,62500.0,2018
981,Urban Areas,0.40517878236334004,640712.0,2018
990,Agricultural Land,0.4609776534743921,1121033.0,2018
990,Forest,0.6083883773990321,1041586.0,2018
990,Grassland,0.5360746336707058,113777.0,2018
990,Unclassified,0.5753280622599445,20737.0,2018
990,Urban Areas,0.4719072145685314,142590.0,2018
1007,Agricultural Land,0.4373062621347217,1254322.0,2018
1007,Forest,0.6133083133237538,461900.0,2018
1007,Grassland,0.52857445745043,43490.0,2018
1007,Unclassified,0.5538444874822892,8870.0,2018
1007,Urban Areas,0.45604825022476064,150161.0,2018
1015,Agricultural Land,0.4216859885759228,3870892.0,2018
1015,Forest,0.5995233192563438,1454038.0,2018
1015,Grassland,0.5168727496717029,152687.0,2018
1015,Unclassified,0.5111099871797843,41798.0,2018
1015,Urban Areas,0.4344376707628749,391303.0,2018
1023,Agricultural Land,0.4503307684086988,445945.0,2018
1023,Forest,0.6001876758039699,388847.0,2018
1023,Grassland,0.5252033773929509,46194.0,2018
1023,Unclassified,0.579692412487523,3006.0,2018
1023,Urban Areas,0.4528815898985787,84202.0,2018
1031,Agricultural Land,0.47982725325519315,1237109.0,2018
1031,Forest,0.6326078444095217,1002281.0,2018
1031,Grassland,0.5553952612485406,216009.0,2018
1031,Unclassified,0.5736665217281665,18680.0,2018
1031,Urban Areas,0.5054131695324947,109904.0,2018
1040,Agricultural Land,0.37638407392586026,956242.0,2018
1040,Forest,0.5496638536403032,201196.0,2018
1040,Grassland,0.48447014302661523,35557.0,2018
1040,Unclassified,0.5320681324424664,12258.0,2018
1040,Urban Areas,0.4009650240075476,141153.0,2018
1058,Agricultural Land,0.38227154250078904,598275.0,2018
1058,Forest,0.565934393995557,210727.0,2018
1058,Grassland,0.4955451058858664,33496.0,2018
1058,Unclassified,0.5511652280577055,10578.0,2018
1058,Urban Areas,0.4082913132956105,81327.0,2018
1066,Agricultural Land,0.45329649903878255,1624523.0,2018
1066,Forest,0.6065342318924639,1306873.0,2018
1066,Grassland,0.5434506805289503,265633.0,2018
1066,Unclassified,0.5951386837133036,20672.0,2018
1066,Urban Areas,0.47298373277683375,308672.0,2018
1074,Agricultural Land,0.39318044058769924,1029866.0,2018
1074,Forest,0.6056230274715033,889216.0,2018
1074,Grassland,0.49979538377952265,38197.0,2018
1074,Unclassified,0.520644355700892,10386.0,2018
1074,Urban Areas,0.4090314115623458,153263.0,2018
1082,Agricultural Land,0.3861121229684675,2434905.0,2018
1082,Forest,0.5666522472007116,730610.0,2018
1082,Grassland,0.49869199602890707,36969.0,2018
1082,Unclassified,0.4949060497897694,58252.0,2018
1082,Urban Areas,0.40462504154307777,726743.0,2018
1091,Agricultural Land,0.4167910012772786,1279999.0,2018
1091,Forest,0.5685905608976535,935938.0,2018
1091,Grassland,0.5099010357909439,29888.0,2018
1091,Unclassified,0.4588973033545293,36241.0,2018
1091,Urban Areas,0.42406869535542996,243340.0,2018
1104,Agricultural Land,0.4063567123822827,1454265.0,2018
1104,Forest,0.604302276556168,940204.0,2018
1104,Grassland,0.5583261468424143,205553.0,2018
1104,Unclassified,0.554794058820318,14717.0,2018
1104,Urban Areas,0.43628073202081846,162309.0,2018
1112,Agricultural Land,0.47912925319572314,833212.0,2018
1112,Forest,0.6225725279594957,1091796.0,2018
1112,Grassland,0.5420658201517287,85964.0,2018
1112,Unclassified,0.5698817062255674,34323.0,2018
1112,Urban Areas,0.47783468299534665,170573.0,2018
1121,Agricultural Land,0.4544396880179872,2018655.0,2018
1121,Forest,0.6181723475645282,2069907.0,2018
1121,Grassland,0.5705810356047175,402660.0,2018
1121,Unclassified,0.5860513223692857,35497.0,2018
1121,Urban Areas,0.4660926929612498,255745.0,2018
1139,Agricultural Land,0.4867215575556576,798531.0,2018
1139,Forest,0.6431191898359268,1376400.0,2018
1139,Grassland,0.5487973087582214,422816.0,2018
1139,Unclassified,0.5828481143436882,22990.0,2018
1139,Urban Areas,0.5024315969194946,159296.0,2018
1147,Agricultural Land,0.49217663180272686,985553.0,2018
1147,Forest,0.6439878571199694,873436.0,2018
1147,Grassland,0.5645780339748946,248554.0,2018
1147,Unclassified,0.5448290199731807,23654.0,2018
1147,Urban Areas,0.5056786754559893,165962.0,2018
1155,Agricultural Land,0.46169892923252304,1197144.0,2018
1155,Forest,0.6382853595125368,766559.0,2018
1155,Grassland,0.5518588522532897,100336.0,2018
1155,Unclassified,0.6149388016670272,28652.0,2018
1155,Urban Areas,0.48110113475841265,219637.0,2018
1163,Agricultural Land,0.3753961824464974,2171985.0,2018
1163,Forest,0.5680224007993477,895628.0,2018
1163,Grassland,0.48321826865547207,78446.0,2018
1163,Unclassified,0.5119660106095705,10393.0,2018
1163,Urban Areas,0.4075515681845062,205362.0,2018
1171,Agricultural Land,0.3957312373937821,2020195.0,2018
1171,Forest,0.5606290536540532,1797549.0,2018
1171,Grassland,0.4850910151575586,127815.0,2018
1171,Unclassified,0.47679013381257834,20992.0,2018
1171,Urban Areas,0.40792160177410947,190700.0,2018
1180,Agricultural Land,0.4019653423707767,1447656.0,2018
1180,Forest,0.5668684835860006,1025742.0,2018
1180,Grassland,0.4893369970145303,81590.0,2018
1180,Unclassified,0.5046902046286723,10356.0,2018
1180,Urban Areas,0.4200470748375307,145763.0,2018
1198,Agricultural Land,0.3581308941375592,1943411.0,2018
1198,Forest,0.5541386698033501,1246562.0,2018
1198,Grassland,0.47090274706754803,90528.0,2018
1198,Unclassified,0.49942820744383704,7822.0,2018
1198,Urban Areas,0.39098928726657667,204833.0,2018
1201,Agricultural Land,0.441110008278106,1288922.0,2018
1201,Forest,0.614938882795014,1011406.0,2018
1201,Grassland,0.526241782383399,67845.0,2018
1201,Unclassified,0.5791268769934546,13287.0,2018
1201,Urban Areas,0.4816558125644368,182598.0,2018
1210,Agricultural Land,0.5347658512562424,1723529.0,2018
1210,Forest,0.6587532710471354,3296186.0,2018
1210,Grassland,0.5807927107426727,519436.0,2018
1210,Unclassified,0.5920036139336707,48254.0,2018
1210,Urban Areas,0.5267602850663019,351874.0,2018
1228,Agricultural Land,0.48515169775515365,730127.0,2018
1228,Forest,0.6407177173561315,1632530.0,2018
1228,Grassland,0.549942331111734,354359.0,2018
1228,Unclassified,0.540258426728248,55789.0,2018
1228,Urban Areas,0.4917981275367477,156127.0,2018
1236,Agricultural Land,0.5216260932878488,574668.0,2018
1236,Forest,0.6379102006210307,770556.0,2018
1236,Grassland,0.555984938629728,156408.0,2018
1236,Unclassified,0.6162680420780928,8945.0,2018
1236,Urban Areas,0.5128170461469209,70669.0,2018
1244,Agricultural Land,0.456162459514148,1366615.0,2018
1244,Forest,0.6424958556006904,1012206.0,2018
1244,Grassland,0.5509666897949621,196116.0,2018
1244,Unclassified,0.5640772526344062,15343.0,2018
1244,Urban Areas,0.4741663444796169,150600.0,2018
1252,Agricultural Land,0.4356643273888735,1785647.0,2018
1252,Forest,0.6047914099532266,666843.0,2018
1252,Grassland,0.5259343733161599,91269.0,2018
1252,Unclassified,0.5792635879037342,20670.0,2018
1252,Urban Areas,0.44728593844142106,221712.0,2018
1261,Agricultural Land,0.4840939029769671,1346321.0,2018
1261,Forest,0.6231636743679508,1019527.0,2018
1261,Grassland,0.5477208401540694,216998.0,2018
1261,Unclassified,0.5500269518240786,24791.0,2018
1261,Urban Areas,0.4972368882367316,193618.0,2018
1279,Agricultural Land,0.4603525205224561,257228.0,2018
1279,Forest,0.6276457241808413,404602.0,2018
1279,Grassland,0.5547914594548907,35226.0,2018
1279,Unclassified,0.5875760080985206,3126.0,2018
1279,Urban Areas,0.47816627399036205,94728.0,2018
1287,Agricultural Land,0.4747699190916561,823811.0,2018
1287,Forest,0.6367778942613701,721116.0,2018
1287,Grassland,0.5524624459960407,191267.0,2018
1287,Unclassified,0.6309886606153556,12544.0,2018
1287,Urban Areas,0.5029338483035886,151846.0,2018
1295,Agricultural Land,0.4311459587829559,1076352.0,2018
1295,Forest,0.6030850521037345,1986566.0,2018
1295,Grassland,0.5364174243164906,116639.0,2018
1295,Unclassified,0.5580438795135886,20736.0,2018
1295,Urban Areas,0.43677247964200744,299768.0,2018
1309,Agricultural Land,0.4184867931194569,2387583.0,2018
1309,Forest,0.5687416330083778,2204448.0,2018
1309,Grassland,0.4980719413779204,131907.0,2018
1309,Unclassified,0.4867277689219676,21670.0,2018
1309,Urban Areas,0.41466667856085543,334442.0,2018
1317,Agricultural Land,0.41045936167206964,511181.0,2018
1317,Forest,0.6030447318843561,747127.0,2018
1317,Grassland,0.5025005655773487,7913.0,2018
1317,Unclassified,0.4570063292078461,27068.0,2018
1317,Urban Areas,0.4161958483305329,981063.0,2018
1325,Agricultural Land,0.41749837895563013,855565.0,2018
1325,Forest,0.5879907939220483,676898.0,2018
1325,Grassland,0.5137990800487982,18918.0,2018
1325,Unclassified,0.5697321928612371,19450.0,2018
1325,Urban Areas,0.4246195399187307,148707.0,2018
1333,Agricultural Land,0.3992486170127234,322485.0,2018
1333,Forest,0.5705757608886091,303657.0,2018
1333,Grassland,0.46991876097920615,6629.0,2018
1333,Unclassified,0.46060262522629625,5484.0,2018
1333,Urban Areas,0.3961826953971671,130967.0,2018
1341,Agricultural Land,0.40318048687587554,701143.0,2018
1341,Forest,0.5849285480115101,862729.0,2018
1341,Grassland,0.548301296715869,8416.0,2018
1341,Unclassified,0.5400717226643962,5687.0,2018
1341,Urban Areas,0.4114765682791998,163682.0,2018
1350,Agricultural Land,0.4212145417120528,1302143.0,2018
1350,Forest,0.5728427294759455,1719999.0,2018
1350,Grassland,0.5078209003987963,114441.0,2018
1350,Unclassified,0.5212605881739985,27488.0,2018
1350,Urban Areas,0.43317429689758224,250371.0,2018
1368,Agricultural Land,0.3808435714628652,1513732.0,2018
1368,Forest,0.6067481868380327,1412544.0,2018
1368,Grassland,0.5545610613117107,19453.0,2018
1368,Unclassified,0.4169865632413032,38509.0,2018
1368,Urban Areas,0.388637354350844,438324.0,2018
1376,Agricultural Land,0.3797622610504169,1474785.0,2018
1376,Forest,0.5277750714402,168464.0,2018
1376,Grassland,0.469465670336412,22900.0,2018
1376,Unclassified,0.38909773663696756,38565.0,2018
1376,Urban Areas,0.36179329376835134,229744.0,2018
1384,Agricultural Land,0.4400073764583406,2495214.0,2018
1384,Forest,0.6298432095442237,1244806.0,2018
1384,Grassland,0.5755088046778157,82270.0,2018
1384,Unclassified,0.5991279615763824,109490.0,2018
1384,Urban Areas,0.43128256605962095,347795.0,2018
1392,Agricultural Land,0.42032958136717474,2602492.0,2018
1392,Forest,0.5657525343203963,518471.0,2018
1392,Grassland,0.49804314455148424,37286.0,2018
1392,Unclassified,0.525516462458749,20325.0,2018
1392,Urban Areas,0.40267415958278735,276975.0,2018
1406,Agricultural Land,0.44285537303374384,1587707.0,2018
1406,Forest,0.5794099676963799,450329.0,2018
1406,Grassland,0.49464904021017614,30270.0,2018
1406,Unclassified,0.5326414552713647,29773.0,2018
1406,Urban Areas,0.4325234315840964,145785.0,2018
1414,Agricultural Land,0.40404117640247955,1405127.0,2018
1414,Forest,0.5711474647602492,240077.0,2018
1414,Grassland,0.5280674545984899,1073.0,2018
1414,Unclassified,0.5256988960554874,29600.0,2018
1414,Urban Areas,0.40256145802520293,138136.0,2018
1422,Agricultural Land,0.5919410231964146,531189.0,2018
1422,Forest,0.713571741198241,994351.0,2018
1422,Grassland,0.6309204327574444,146083.0,2018
1422,Unclassified,0.6734166331367742,6728.0,2018
1422,Urban Areas,0.5523386439268089,97656.0,2018
1431,Agricultural Land,0.482367248946599,555991.0,2018
1431,Forest,0.6730926251291072,303851.0,2018
1431,Grassland,0.5787949397776578,20249.0,2018
1431,Unclassified,0.4955659881810537,16417.0,2018
1431,Urban Areas,0.48623864295162134,198886.0,2018
1449,Agricultural Land,0.6072430790038743,763222.0,2018
1449,Forest,0.722324418350018,1428841.0,2018
1449,Grassland,0.6641736188092591,266271.0,2018
1449,Unclassified,0.6897052688028295,10526.0,2018
1449,Urban Areas,0.5611259741369877,111261.0,2018
1457,Agricultural Land,0.5950838580510238,451412.0,2018
1457,Forest,0.7086793907653889,765812.0,2018
1457,Grassland,0.6497599407823017,113468.0,2018
1457,Unclassified,0.6579924358700548,5889.0,2018
1457,Urban Areas,0.5451239429832357,114997.0,2018
1465,Agricultural Land,0.5258619136467892,1136538.0,2018
1465,Forest,0.7081053949938927,1725930.0,2018
1465,Grassland,0.6564671694975878,164979.0,2018
1465,Unclassified,0.6279339099232913,13416.0,2018
1465,Urban Areas,0.5195938103242429,451839.0,2018
1473,Agricultural Land,0.41929228336667523,1667134.0,2018
1473,Forest,0.6142126566012565,782967.0,2018
1473,Grassland,0.5372836095170404,38098.0,2018
1473,Unclassified,0.5450087451904274,32593.0,2018
1473,Urban Areas,0.4062788708326475,276067.0,2018
1481,Agricultural Land,0.38156588473096914,2770637.0,2018
1481,Forest,0.5976520942348891,1509984.0,2018
1481,Grassland,0.493182307976489,35584.0,2018
1481,Unclassified,0.5083181527070262,34734.0,2018
1481,Urban Areas,0.3758752756824455,334410.0,2018
1490,Agricultural Land,0.5039778310365385,1816952.0,2018
1490,Forest,0.6829221614868749,983118.0,2018
1490,Grassland,0.624060694510964,357383.0,2018
1490,Unclassified,0.59962706244093,32764.0,2018
1490,Urban Areas,0.46635743168389737,216216.0,2018
1503,Agricultural Land,0.44625988979581255,4715628.0,2018
1503,Forest,0.6022678192607196,3273636.0,2018
1503,Grassland,0.5386079550048514,201301.0,2018
1503,Unclassified,0.5291506017574501,73533.0,2018
1503,Urban Areas,0.44124869808471817,693021.0,2018
1511,Agricultural Land,0.4471668185547548,1564460.0,2018
1511,Forest,0.6144436580835937,1056755.0,2018
1511,Grassland,0.567371767399873,85962.0,2018
1511,Unclassified,0.5681226967438201,23221.0,2018
1511,Urban Areas,0.4557880932182264,122938.0,2018
1520,Agricultural Land,0.47900410913387037,550357.0,2018
1520,Forest,0.708713884761516,918187.0,2018
1520,Grassland,0.6555175888556279,69855.0,2018
1520,Unclassified,0.6535445296769515,6956.0,2018
1520,Urban Areas,0.49558909819067176,90834.0,2018
1538,Agricultural Land,0.44908059651252114,958587.0,2018
1538,Forest,0.6268102661913938,203545.0,2018
1538,Grassland,0.5685126721553962,20714.0,2018
1538,Unclassified,0.5010601875730042,5505.0,2018
1538,Urban Areas,0.45175090858283484,134427.0,2018
1546,Agricultural Land,0.4251049834479069,3088318.0,2018
1546,Forest,0.638750982955564,1357790.0,2018
1546,Grassland,0.5757336837914786,51130.0,2018
1546,Unclassified,0.5634030577525558,33941.0,2018
1546,Urban Areas,0.4279964917349376,393641.0,2018
1554,Agricultural Land,0.44335276527856676,1022071.0,2018
1554,Forest,0.585098394019486,786433.0,2018
1554,Grassland,0.5548695810123063,36984.0,2018
1554,Unclassified,0.5505728411694243,5434.0,2018
1554,Urban Areas,0.45020788352585356,105218.0,2018
1562,Agricultural Land,0.4231991611886401,4117543.0,2018
1562,Forest,0.5919906109621451,1064065.0,2018
1562,Grassland,0.5303889374833243,67563.0,2018
1562,Unclassified,0.4916047383061099,21180.0,2018
1562,Urban Areas,0.41778030439907843,514036.0,2018
1571,Agricultural Land,0.4028335030580342,2762705.0,2018
1571,Forest,0.5867462294211494,1112524.0,2018
1571,Grassland,0.5407502499742507,29312.0,2018
1571,Unclassified,0.5234575149437966,15721.0,2018
1571,Urban Areas,0.3936697399265559,181517.0,2018
1589,Agricultural Land,0.4096230246620821,1123189.0,2018
1589,Forest,0.5669359443805236,787306.0,2018
1589,Grassland,0.5285750716211296,26194.0,2018
1589,Unclassified,0.5496047494127116,13625.0,2018
1589,Urban Areas,0.41079181040123725,110267.0,2018
1597,Agricultural Land,0.3880810838910986,5151677.0,2018
1597,Forest,0.5356894238088639,2558589.0,2018
1597,Grassland,0.5099559531873965,61350.0,2018
1597,Unclassified,0.5206609116195953,37684.0,2018
1597,Urban Areas,0.38254344781594524,455936.0,2018
1601,Agricultural Land,0.4332820925663177,2774836.0,2018
1601,Forest,0.6570465360350375,1745428.0,2018
1601,Grassland,0.5699669921439284,102910.0,2018
1601,Unclassified,0.49417710873283227,38566.0,2018
1601,Urban Areas,0.41858789131499075,451789.0,2018
1619,Agricultural Land,0.5413626446797337,2078647.0,2018
1619,Forest,0.7038810356119568,1901582.0,2018
1619,Grassland,0.6509727616888612,457481.0,2018
1619,Unclassified,0.6368561379760431,16408.0,2018
1619,Urban Areas,0.5101755181052045,263188.0,2018
1627,Agricultural Land,0.33426169681391,1115807.0,2018
1627,Forest,0.5711017791518801,435265.0,2018
1627,Grassland,0.4093579662662825,13079.0,2018
1627,Unclassified,0.43139013739143534,5896.0,2018
1627,Urban Areas,0.34955234804534435,133163.0,2018
1635,Agricultural Land,0.34966501610548034,1061246.0,2018
1635,Forest,0.5757468296531002,318530.0,2018
1635,Grassland,0.4170796956015883,3738.0,2018
1635,Unclassified,0.42802953866064863,3971.0,2018
1635,Urban Areas,0.3534628568530127,183736.0,2018
1643,Agricultural Land,0.4048688256985009,2374686.0,2018
1643,Forest,0.6111233152628169,2611720.0,2018
1643,Grassland,0.5587449930103142,42922.0,2018
1643,Unclassified,0.49121577688314516,26636.0,2018
1643,Urban Areas,0.39957670178736737,320709.0,2018
1651,Agricultural Land,0.3995891384134007,2458567.0,2018
1651,Forest,0.5783362640026123,787162.0,2018
1651,Grassland,0.4961770801567244,20114.0,2018
1651,Unclassified,0.5288046090065301,17971.0,2018
1651,Urban Areas,0.40032725115751605,181301.0,2018
1660,Agricultural Land,0.4013327548363915,8138512.0,2018
1660,Forest,0.5795895040996748,3265671.0,2018
1660,Grassland,0.5140251178970144,101721.0,2018
1660,Unclassified,0.5338329035830495,91970.0,2018
1660,Urban Areas,0.4043849952374963,650428.0,2018
1678,Agricultural Land,0.42509544740093463,1662011.0,2018
1678,Forest,0.5778313266682312,1407589.0,2018
1678,Grassland,0.5133613759830536,160114.0,2018
1678,Unclassified,0.5581073985881426,20118.0,2018
1678,Urban Areas,0.4323804720283001,186220.0,2018
1686,Agricultural Land,0.43483972692611766,1427198.0,2018
1686,Forest,0.576640288586744,1202937.0,2018
1686,Grassland,0.5221743383585283,100800.0,2018
1686,Unclassified,0.5289237299883591,20791.0,2018
1686,Urban Areas,0.4403349582908171,150605.0,2018
1694,Agricultural Land,0.4292794373476746,2695207.0,2018
1694,Forest,0.5672833808151067,1586179.0,2018
1694,Grassland,0.5219075453778554,44528.0,2018
1694,Unclassified,0.5063909767272824,23753.0,2018
1694,Urban Areas,0.40372631414060645,289658.0,2018
1708,Agricultural Land,0.43265801539796384,2112344.0,2018
1708,Forest,0.5950854209346503,2035178.0,2018
1708,Grassland,0.5323890535678772,106952.0,2018
1708,Unclassified,0.5543100228643717,35040.0,2018
1708,Urban Areas,0.4324327581263851,235367.0,2018
1716,Agricultural Land,0.5231622396158238,2348961.0,2018
1716,Forest,0.6597686349044931,3239880.0,2018
1716,Grassland,0.598505377898468,319514.0,2018
1716,Unclassified,0.6121495670300792,36475.0,2018
1716,Urban Areas,0.5322128557639202,257941.0,2018
1724,Agricultural Land,0.5310255337416955,2277394.0,2018
1724,Forest,0.66921488923766,2742464.0,2018
1724,Grassland,0.6544239223852718,408789.0,2018
1724,Unclassified,0.6296140958291612,26745.0,2018
1724,Urban Areas,0.548955265687124,267211.0,2018
1732,Agricultural Land,0.5484958366335952,1073575.0,2018
1732,Forest,0.6595166379970514,1826686.0,2018
1732,Grassland,0.5709131441464225,281161.0,2018
1732,Unclassified,0.6486302463233274,18180.0,2018
1732,Urban Areas,0.5515008217399389,119461.0,2018
1741,Agricultural Land,0.6100064641702418,1634196.0,2018
1741,Forest,0.7136696447685814,2193632.0,2018
1741,Grassland,0.7043057811358859,178627.0,2018
1741,Unclassified,0.6633902701358936,41859.0,2018
1741,Urban Areas,0.5909444892316928,702734.0,2018
1759,Agricultural Land,0.6883171018208448,400563.0,2018
1759,Forest,0.7147129988562856,2330769.0,2018
1759,Grassland,0.7041737805073983,217643.0,2018
1759,Unclassified,0.72140405703249,23550.0,2018
1759,Urban Areas,0.6665373028622547,172632.0,2018
1767,Agricultural Land,0.6937718620512222,387390.0,2018
1767,Forest,0.7310793257133853,1145108.0,2018
1767,Grassland,0.7094991848430815,122583.0,2018
1767,Unclassified,0.732529289318087,12220.0,2018
1767,Urban Areas,0.6564395793153196,88369.0,2018
1775,Agricultural Land,0.710718269260612,704149.0,2018
1775,Forest,0.7509111110204655,1271108.0,2018
1775,Grassland,0.7325150960938606,115591.0,2018
1775,Unclassified,0.7295438818702346,15705.0,2018
1775,Urban Areas,0.6384178609795642,234138.0,2018
1783,Agricultural Land,0.5856516739844604,301700.0,2018
1783,Forest,0.6949134662594029,138950.0,2018
1783,Grassland,0.6430931273266499,12759.0,2018
1783,Unclassified,0.6118449632048869,22321.0,2018
1783,Urban Areas,0.5883559492890496,213792.0,2018
1791,Agricultural Land,0.6683034892493233,317013.0,2018
1791,Forest,0.7395885694994518,239325.0,2018
1791,Grassland,0.7260717878147994,5244.0,2018
1791,Unclassified,0.6425446058854825,12432.0,2018
1791,Urban Areas,0.6328755291463529,274811.0,2018
1805,Agricultural Land,0.6042400142836251,319117.0,2018
1805,Forest,0.7114081048350559,336596.0,2018
1805,Grassland,0.658358504111899,6801.0,2018
1805,Unclassified,0.6172974162798306,38130.0,2018
1805,Urban Areas,0.588820778232755,307246.0,2018
1813,Agricultural Land,0.6261814704315427,103855.0,2018
1813,Forest,0.7030618511430515,157989.0,2018
1813,Grassland,0.6715829723915382,2942.0,2018
1813,Unclassified,0.6044026986480587,6763.0,2018
1813,Urban Areas,0.6037084422052538,162764.0,2018
1821,Agricultural Land,0.7103268668779427,222892.0,2018
1821,Forest,0.7553557134921112,120157.0,2018
1821,Grassland,0.7406516192207301,8482.0,2018
1821,Unclassified,0.6982034291614714,3527.0,2018
1821,Urban Areas,0.629570266067748,85435.0,2018
1830,Agricultural Land,0.46327480632829654,1034342.0,2018
1830,Forest,0.6324979062043482,300177.0,2018
1830,Grassland,0.5978917372835184,61753.0,2018
1830,Unclassified,0.6224622628870089,17111.0,2018
1830,Urban Areas,0.4770977743435952,153229.0,2018
1848,Agricultural Land,0.6674658939340457,319463.0,2018
1848,Forest,0.7003185598700318,503321.0,2018
1848,Grassland,0.6907191297540897,65992.0,2018
1848,Unclassified,0.7008948354785772,6080.0,2018
1848,Urban Areas,0.6245112085305922,91157.0,2018
1856,Agricultural Land,0.543208854688017,692596.0,2018
1856,Forest,0.6533204467070484,266870.0,2018
1856,Grassland,0.673748075102507,39699.0,2018
1856,Unclassified,0.5732604341322572,13008.0,2018
1856,Urban Areas,0.5354443440227572,195292.0,2018
1864,Agricultural Land,0.49841789605273396,1626665.0,2018
1864,Forest,0.6513241311422597,702331.0,2018
1864,Grassland,0.646151818921366,143062.0,2018
1864,Unclassified,0.6058827360580549,18968.0,2018
1864,Urban Areas,0.5091979661006151,243876.0,2018
1872,Agricultural Land,0.47284049342739815,1223972.0,2018
1872,Forest,0.6144707230448669,826441.0,2018
1872,Grassland,0.5576751905882783,40210.0,2018
1872,Unclassified,0.48614909814447504,19396.0,2018
1872,Urban Areas,0.47672121210577084,115823.0,2018
1881,Agricultural Land,0.42464088285013224,1309861.0,2018
1881,Forest,0.6012496967157622,896247.0,2018
1881,Grassland,0.5583866649554448,29051.0,2018
1881,Unclassified,0.5479431260496364,22159.0,2018
1881,Urban Areas,0.43132542644253513,199388.0,2018
1899,Agricultural Land,0.4366611086173107,3594268.0,2018
1899,Forest,0.6199757193323241,3283029.0,2018
1899,Grassland,0.5897815901807223,232143.0,2018
1899,Unclassified,0.5547794175499725,62983.0,2018
1899,Urban Areas,0.4345651127595773,827340.0,2018
1902,Agricultural Land,0.4172239586925187,1525119.0,2018
1902,Forest,0.6057736137073542,380602.0,2018
1902,Grassland,0.5255676293507011,13621.0,2018
1902,Unclassified,0.5412636089253228,6399.0,2018
1902,Urban Areas,0.4234152152363339,139830.0,2018
1911,Agricultural Land,0.4864719836480583,1835007.0,2018
1911,Forest,0.6081354311387411,1337236.0,2018
1911,Grassland,0.5672091124272192,96614.0,2018
1911,Unclassified,0.551345305118583,17060.0,2018
1911,Urban Areas,0.47244588268753096,195511.0,2018
1929,Agricultural Land,0.5004762942307064,851566.0,2018
1929,Forest,0.6624320382367388,501145.0,2018
1929,Grassland,0.5836755782048331,22530.0,2018
1929,Unclassified,0.5659372115740732,20848.0,2018
1929,Urban Areas,0.5181328004040062,209348.0,2018
1937,Agricultural Land,0.46525400451435844,756114.0,2018
1937,Forest,0.6555415105472584,139139.0,2018
1937,Grassland,0.6212983518360039,14377.0,2018
1937,Unclassified,0.5100567045738317,7116.0,2018
1937,Urban Areas,0.47116881207006417,85728.0,2018
1945,Agricultural Land,0.45292718294875567,3386451.0,2018
1945,Forest,0.6383116567416682,1692957.0,2018
1945,Grassland,0.5699084917659707,70007.0,2018
1945,Unclassified,0.5762685914495352,35723.0,2018
1945,Urban Areas,0.4771585897033497,455416.0,2018
1953,Agricultural Land,0.4983288000413834,1385522.0,2018
1953,Forest,0.6261327787928829,1224381.0,2018
1953,Grassland,0.568642214978166,79005.0,2018
1953,Unclassified,0.6212785594437885,16292.0,2018
1953,Urban Areas,0.5077881316294511,101488.0,2018
1961,Agricultural Land,0.5144212842686995,1059552.0,2018
1961,Forest,0.6518534558978016,779401.0,2018
1961,Grassland,0.6240400714142086,54471.0,2018
1961,Unclassified,0.5962705275515142,61314.0,2018
1961,Urban Areas,0.510537355149191,1314370.0,2018
1970,Agricultural Land,0.47627059403481126,1988815.0,2018
1970,Forest,0.6425655838459914,950919.0,2018
1970,Grassland,0.5807559094777857,111370.0,2018
1970,Unclassified,0.5284652105202444,32207.0,2018
1970,Urban Areas,0.4895012989663565,237608.0,2018
1988,Agricultural Land,0.44260937702678155,739383.0,2018
1988,Forest,0.5910122935022404,282878.0,2018
1988,Grassland,0.5512020235795047,28341.0,2018
1988,Unclassified,0.4512336810276079,18730.0,2018
1988,Urban Areas,0.4420456683820709,109465.0,2018
1996,Agricultural Land,0.4082895625151969,2903780.0,2018
1996,Forest,0.5953339615226849,555501.0,2018
1996,Grassland,0.5356920012221531,42157.0,2018
1996,Unclassified,0.5167759537562789,33571.0,2018
1996,Urban Areas,0.4036615053564744,402132.0,2018
2003,Agricultural Land,0.4475342495362665,953409.0,2018
2003,Forest,0.6096442176630804,735659.0,2018
2003,Grassland,0.530624694421851,36413.0,2018
2003,Unclassified,0.5346936721729075,13892.0,2018
2003,Urban Areas,0.4519352329534196,122803.0,2018
2011,Agricultural Land,0.44946906023805827,1219192.0,2018
2011,Forest,0.6211973538341031,1127123.0,2018
2011,Grassland,0.5266059219036064,114950.0,2018
2011,Unclassified,0.5312330793388338,20608.0,2018
2011,Urban Areas,0.4456311533224798,183256.0,2018
2020,Agricultural Land,0.5023598411569137,2157830.0,2018
2020,Forest,0.6518906421643158,5206144.0,2018
2020,Grassland,0.5678798686069604,734316.0,2018
2020,Unclassified,0.5977241240417964,56579.0,2018
2020,Urban Areas,0.4974454918541505,406167.0,2018
2038,Agricultural Land,0.6465807503582753,334710.0,2018
2038,Forest,0.704421223479613,1568487.0,2018
2038,Grassland,0.6788813851278521,321799.0,2018
2038,Unclassified,0.692648281430254,14092.0,2018
2038,Urban Areas,0.6087845549716918,148311.0,2018
2046,Agricultural Land,0.5687608765307076,998636.0,2018
2046,Forest,0.6792736688495904,931863.0,2018
2046,Grassland,0.6587724449908108,123168.0,2018
2046,Unclassified,0.6492635164394648,18837.0,2018
2046,Urban Areas,0.5369043498360249,210579.0,2018
2054,Agricultural Land,0.6604125063056627,726132.0,2018
2054,Forest,0.7315567412486155,4427814.0,2018
2054,Grassland,0.6990429164432814,1136790.0,2018
2054,Unclassified,0.7044400661086789,35617.0,2018
2054,Urban Areas,0.6147885548361091,276536.0,2018
2062,Agricultural Land,0.6065339420127083,1923316.0,2018
2062,Forest,0.7326600054462231,4559349.0,2018
2062,Grassland,0.7052908591737562,372736.0,2018
2062,Unclassified,0.6608456753815869,52085.0,2018
2062,Urban Areas,0.6179841727028084,263496.0,2018
19,Agricultural Land,0.46566928296592136,1361153.0,2019
19,Forest,0.5780215736974271,789369.0,2019
19,Grassland,0.5570029451768402,44457.0,2019
19,Unclassified,0.36738722465963497,81862.0,2019
19,Urban Areas,0.4314049087397144,2643813.0,2019
27,Agricultural Land,0.562481840768249,3383923.0,2019
27,Forest,0.6659827865006371,2614466.0,2019
27,Grassland,0.6407946225967903,127790.0,2019
27,Unclassified,0.6263189062641674,57258.0,2019
27,Urban Areas,0.5686486310505863,622546.0,2019
35,Agricultural Land,0.5159956467210827,2810698.0,2019
35,Forest,0.6343290030096369,1699173.0,2019
35,Grassland,0.6258094594979042,57771.0,2019
35,Unclassified,0.6147924432704327,26103.0,2019
35,Urban Areas,0.5039642136566441,248059.0,2019
43,Agricultural Land,0.539531642430251,1745434.0,2019
43,Forest,0.6496549035041563,846442.0,2019
43,Grassland,0.6189611641784171,59820.0,2019
43,Unclassified,0.6211316420427485,13095.0,2019
43,Urban Areas,0.5376944516236747,173877.0,2019
51,Agricultural Land,0.49544091500179077,1593989.0,2019
51,Forest,0.6303453261268303,1913505.0,2019
51,Grassland,0.5809049829617868,185268.0,2019
51,Unclassified,0.46343840078262927,65797.0,2019
51,Urban Areas,0.4885480677165456,480627.0,2019
60,Agricultural Land,0.509181336625918,1244382.0,2019
60,Forest,0.6459020180463246,1214144.0,2019
60,Grassland,0.5922190224446888,100932.0,2019
60,Unclassified,0.5834661898731036,13480.0,2019
60,Urban Areas,0.4756160426107031,198080.0,2019
78,Agricultural Land,0.4909730589838164,1608299.0,2019
78,Forest,0.628282210457061,1252657.0,2019
78,Grassland,0.5908871974292378,55264.0,2019
78,Unclassified,0.5359104348700238,19256.0,2019
78,Urban Areas,0.4778473578817429,552279.0,2019
86,Agricultural Land,0.4414152039212576,2749492.0,2019
86,Forest,0.6077586588431938,534041.0,2019
86,Grassland,0.5080891235273391,20151.0,2019
86,Unclassified,0.4862703505088806,19649.0,2019
86,Urban Areas,0.4436784749465685,347662.0,2019
94,Agricultural Land,0.5063000023667814,4045008.0,2019
94,Forest,0.6245178611688258,1023423.0,2019
94,Grassland,0.5989562846498725,53787.0,2019
94,Unclassified,0.5349061103223546,71729.0,2019
94,Urban Areas,0.4730964893580137,572908.0,2019
108,Agricultural Land,0.47086981551713813,1199675.0,2019
108,Forest,0.6211949462800247,233438.0,2019
108,Grassland,0.580987554655836,3547.0,2019
108,Unclassified,0.5336399191592877,8315.0,2019
108,Urban Areas,0.466571894646045,181820.0,2019
116,Agricultural Land,0.5438636308918899,3713143.0,2019
116,Forest,0.6603458934945883,2072772.0,2019
116,Grassland,0.6452367425493897,81690.0,2019
116,Unclassified,0.6279454292608316,50570.0,2019
116,Urban Areas,0.5424797645501795,428262.0,2019
124,Agricultural Land,0.530341075394253,1925070.0,2019
124,Forest,0.6602518791567221,541079.0,2019
124,Grassland,0.6108050681706976,21160.0,2019
124,Unclassified,0.6296181053413237,16603.0,2019
124,Urban Areas,0.5239881885331593,225115.0,2019
132,Agricultural Land,0.4382681630518138,825220.0,2019
132,Forest,0.5551071989445837,180168.0,2019
132,Grassland,0.5103217100938865,8136.0,2019
132,Unclassified,0.33452039898730335,51603.0,2019
132,Urban Areas,0.41702503651727996,240766.0,2019
141,Agricultural Land,0.4887724184478246,2567638.0,2019
141,Forest,0.6436908634436135,1432295.0,2019
141,Grassland,0.5967785554080905,48769.0,2019
141,Unclassified,0.5575162705139415,87409.0,2019
141,Urban Areas,0.4849713182279978,410180.0,2019
159,Agricultural Land,0.4721153284262748,739187.0,2019
159,Forest,0.6271142249257485,138708.0,2019
159,Grassland,0.5743021663388456,13025.0,2019
159,Unclassified,0.5004931789117067,37102.0,2019
159,Urban Areas,0.467174430642005,184771.0,2019
167,Agricultural Land,0.5222154430107353,4810845.0,2019
167,Forest,0.6468433935283805,2383713.0,2019
167,Grassland,0.5991444907531028,164601.0,2019
167,Unclassified,0.611072474663379,51636.0,2019
167,Urban Areas,0.4883605945176018,642120.0,2019
175,Agricultural Land,0.5501854433844572,1137358.0,2019
175,Forest,0.656565720166827,732793.0,2019
175,Grassland,0.6158497573635617,67911.0,2019
175,Unclassified,0.6494806114334896,28465.0,2019
175,Urban Areas,0.537464245892875,137045.0,2019
183,Agricultural Land,0.4430698973387625,839166.0,2019
183,Forest,0.6124029319234748,333730.0,2019
183,Grassland,0.5522085574115138,37795.0,2019
183,Unclassified,0.5130088027092157,16463.0,2019
183,Urban Areas,0.4633762196302653,181702.0,2019
191,Agricultural Land,0.47044929613698133,2385873.0,2019
191,Forest,0.630445561826994,749280.0,2019
191,Grassland,0.6037025765416373,18469.0,2019
191,Unclassified,0.4782569720218343,36165.0,2019
191,Urban Areas,0.4552250751810953,342075.0,2019
205,Agricultural Land,0.4981041407127444,2417541.0,2019
205,Forest,0.633400844901651,683480.0,2019
205,Grassland,0.5788010020504342,50286.0,2019
205,Unclassified,0.5641323467446248,32419.0,2019
205,Urban Areas,0.47907847955766714,263932.0,2019
213,Agricultural Land,0.4538499405792333,2374892.0,2019
213,Forest,0.6090506331726443,615189.0,2019
213,Grassland,0.5650135369675324,20717.0,2019
213,Unclassified,0.44762650930009235,51250.0,2019
213,Urban Areas,0.4377243654595349,677187.0,2019
221,Agricultural Land,0.5624755298273005,1546766.0,2019
221,Forest,0.677412073321645,1495701.0,2019
221,Grassland,0.6692332990819042,38748.0,2019
221,Unclassified,0.6036562728650979,21094.0,2019
221,Urban Areas,0.5498787245512355,639446.0,2019
230,Agricultural Land,0.47765773956438995,2633077.0,2019
230,Forest,0.5934241451405686,1936236.0,2019
230,Grassland,0.5568742426589369,54797.0,2019
230,Unclassified,0.5104793079678752,49284.0,2019
230,Urban Areas,0.4738159651060033,1057706.0,2019
248,Agricultural Land,0.46774893216006197,1109395.0,2019
248,Forest,0.5916831225105129,1679516.0,2019
248,Grassland,0.5506321688719218,80615.0,2019
248,Unclassified,0.5540963655248777,12297.0,2019
248,Urban Areas,0.46456254765576155,228190.0,2019
256,Agricultural Land,0.4588067909458162,3009394.0,2019
256,Forest,0.606308907170701,3941097.0,2019
256,Grassland,0.5535850009749902,254849.0,2019
256,Unclassified,0.5616421729355966,43122.0,2019
256,Urban Areas,0.45297821717798314,565269.0,2019
264,Agricultural Land,0.49696366403233694,2293313.0,2019
264,Forest,0.5940097888909288,1671299.0,2019
264,Grassland,0.564532210253027,125413.0,2019
264,Unclassified,0.5430631045384701,20394.0,2019
264,Urban Areas,0.4882771355781466,245348.0,2019
272,Agricultural Land,0.49267659667338676,4390400.0,2019
272,Forest,0.6355054303721899,3849328.0,2019
272,Grassland,0.5902631025720793,135061.0,2019
272,Unclassified,0.5592783918158623,65982.0,2019
272,Urban Areas,0.48944444540785115,469339.0,2019
281,Agricultural Land,0.5753764743462804,1871811.0,2019
281,Forest,0.6612321050336226,2118051.0,2019
281,Grassland,0.6172232021220803,93134.0,2019
281,Unclassified,0.6256941638055227,65637.0,2019
281,Urban Areas,0.5529124354791909,212199.0,2019
299,Agricultural Land,0.5031759982942773,1550461.0,2019
299,Forest,0.6457644792855639,850435.0,2019
299,Grassland,0.5861932441307518,20622.0,2019
299,Unclassified,0.4986042497463488,15756.0,2019
299,Urban Areas,0.4762262172351271,141644.0,2019
302,Agricultural Land,0.5292358495649443,4428780.0,2019
302,Forest,0.6476730927459986,3145270.0,2019
302,Grassland,0.6124091962789048,87678.0,2019
302,Unclassified,0.5633304114840899,101954.0,2019
302,Urban Areas,0.4782075152898657,997825.0,2019
311,Agricultural Land,0.5964305462163836,1633960.0,2019
311,Forest,0.6665373309603012,2718824.0,2019
311,Grassland,0.6230779741850763,231168.0,2019
311,Unclassified,0.6484532699901459,53217.0,2019
311,Urban Areas,0.5432673339264021,165581.0,2019
329,Agricultural Land,0.5944014203604803,2965284.0,2019
329,Forest,0.6618910342428358,6532440.0,2019
329,Grassland,0.6261036479572357,745813.0,2019
329,Unclassified,0.6202801485054006,175711.0,2019
329,Urban Areas,0.5322076086670403,367698.0,2019
337,Agricultural Land,0.508722943554399,2645251.0,2019
337,Forest,0.6098767858420967,1731024.0,2019
337,Grassland,0.6044592718050721,64572.0,2019
337,Unclassified,0.6182647662758269,28863.0,2019
337,Urban Areas,0.5002481850648048,174564.0,2019
345,Agricultural Land,0.54629165867689,4072241.0,2019
345,Forest,0.6501132487867399,4065295.0,2019
345,Grassland,0.6177752659295996,252000.0,2019
345,Unclassified,0.6399351459376758,106079.0,2019
345,Urban Areas,0.5255545914063671,409644.0,2019
353,Agricultural Land,0.5581288209403026,1507767.0,2019
353,Forest,0.6551320184183057,2798934.0,2019
353,Grassland,0.5987338082529072,175915.0,2019
353,Unclassified,0.6198732759028508,153597.0,2019
353,Urban Areas,0.5155427257965695,205161.0,2019
361,Agricultural Land,0.5668866786083103,1147501.0,2019
361,Forest,0.6534292003258075,855772.0,2019
361,Grassland,0.6603309481777823,64119.0,2019
361,Unclassified,0.6746682305215965,15334.0,2019
361,Urban Areas,0.5458451565019119,145488.0,2019
370,Agricultural Land,0.550012522865552,1341492.0,2019
370,Forest,0.6644368246756133,804387.0,2019
370,Grassland,0.6582925068224094,60410.0,2019
370,Unclassified,0.6669044868797357,10180.0,2019
370,Urban Areas,0.5489421224064629,110139.0,2019
388,Agricultural Land,0.5707357957912584,4659033.0,2019
388,Forest,0.6776257639803962,2873287.0,2019
388,Grassland,0.6664389628164397,174290.0,2019
388,Unclassified,0.6640258362303437,46190.0,2019
388,Urban Areas,0.5615344759845228,407390.0,2019
396,Agricultural Land,0.5194237042778005,2080714.0,2019
396,Forest,0.6433347393971551,1407397.0,2019
396,Grassland,0.6118681872133657,62937.0,2019
396,Unclassified,0.5969131886927936,14356.0,2019
396,Urban Areas,0.5092030951711936,172998.0,2019
400,Agricultural Land,0.5121854364435657,3752600.0,2019
400,Forest,0.6494971653083016,2876054.0,2019
400,Grassland,0.6003643962483096,101949.0,2019
400,Unclassified,0.6132308853982197,54793.0,2019
400,Urban Areas,0.5041843704872254,393223.0,2019
418,Agricultural Land,0.6043797678457438,2770293.0,2019
418,Forest,0.6673229834999844,4656576.0,2019
418,Grassland,0.6356892801158286,436372.0,2019
418,Unclassified,0.6160894454475784,180619.0,2019
418,Urban Areas,0.564379308839253,295481.0,2019
426,Agricultural Land,0.6018969530815499,1118591.0,2019
426,Forest,0.6337709775916132,3528582.0,2019
426,Grassland,0.603180752555601,391788.0,2019
426,Unclassified,0.5945759210769874,135163.0,2019
426,Urban Areas,0.5561968716750362,167372.0,2019
434,Agricultural Land,0.5197481432709932,1534225.0,2019
434,Forest,0.6423773804381576,843787.0,2019
434,Grassland,0.6150003161410194,100732.0,2019
434,Unclassified,0.6055090152138947,19036.0,2019
434,Urban Areas,0.5044096518426483,140140.0,2019
442,Agricultural Land,0.5663765387750983,3419331.0,2019
442,Forest,0.6607091063602278,1636248.0,2019
442,Grassland,0.6233758990959274,170226.0,2019
442,Unclassified,0.6243087075159803,44061.0,2019
442,Urban Areas,0.537806479829018,371345.0,2019
451,Agricultural Land,0.5731406968139374,1060944.0,2019
451,Forest,0.686198361201676,516067.0,2019
451,Grassland,0.6584008973170686,25892.0,2019
451,Unclassified,0.6206017242345848,17355.0,2019
451,Urban Areas,0.5442605738808998,111066.0,2019
469,Agricultural Land,0.5200677913900486,1766528.0,2019
469,Forest,0.6498970416820696,976703.0,2019
469,Grassland,0.5999694270948135,91549.0,2019
469,Unclassified,0.6391043230775371,68553.0,2019
469,Urban Areas,0.49646677956045776,183106.0,2019
477,Agricultural Land,0.5362601075133119,5595059.0,2019
477,Forest,0.6568742676923849,3538938.0,2019
477,Grassland,0.6190582141142498,91457.0,2019
477,Unclassified,0.601460877717491,73489.0,2019
477,Urban Areas,0.5163512994687707,585023.0,2019
485,Agricultural Land,0.5558629966278537,3363742.0,2019
485,Forest,0.6669542322964663,3557246.0,2019
485,Grassland,0.6307706397327102,276490.0,2019
485,Unclassified,0.6180553012753626,57008.0,2019
485,Urban Areas,0.5511176225650035,326587.0,2019
493,Agricultural Land,0.5059094755103697,1798449.0,2019
493,Forest,0.6233488367894767,879352.0,2019
493,Grassland,0.6101016723171429,35640.0,2019
493,Unclassified,0.6204055766160812,13209.0,2019
493,Urban Areas,0.5006308393674573,137731.0,2019
507,Agricultural Land,0.5586400975340374,428701.0,2019
507,Forest,0.6587461018866163,774802.0,2019
507,Grassland,0.6066944584330904,90569.0,2019
507,Unclassified,0.650589062566563,17776.0,2019
507,Urban Areas,0.5221319738955111,82441.0,2019
515,Agricultural Land,0.5344578692767341,2334288.0,2019
515,Forest,0.6637329782073839,1666498.0,2019
515,Grassland,0.6058373913750317,400869.0,2019
515,Unclassified,0.529380502277132,93906.0,2019
515,Urban Areas,0.5248361781195598,293535.0,2019
523,Agricultural Land,0.5708179866670884,1092577.0,2019
523,Forest,0.6766285242661839,2174779.0,2019
523,Grassland,0.6112913290417312,525255.0,2019
523,Unclassified,0.653231079978854,49767.0,2019
523,Urban Areas,0.546146102420625,162516.0,2019
531,Agricultural Land,0.555858497020614,2845906.0,2019
531,Forest,0.6529074656759702,5766744.0,2019
531,Grassland,0.6165951407737366,2308780.0,2019
531,Unclassified,0.5682212461532233,127976.0,2019
531,Urban Areas,0.5105529795336995,538036.0,2019
540,Agricultural Land,0.5239304720203868,321685.0,2019
540,Forest,0.6325825537602107,2230280.0,2019
540,Grassland,0.5661515580461494,506267.0,2019
540,Unclassified,0.5396657223276483,105130.0,2019
540,Urban Areas,0.5111743439822556,169361.0,2019
558,Agricultural Land,0.543337622897972,1487421.0,2019
558,Forest,0.6485623584647685,770208.0,2019
558,Grassland,0.6216944020928991,103437.0,2019
558,Unclassified,0.5933116642838436,21301.0,2019
558,Urban Areas,0.5237852121403376,133524.0,2019
566,Agricultural Land,0.5785311126149497,3896184.0,2019
566,Forest,0.6605109124942926,4110703.0,2019
566,Grassland,0.6305081132397987,474701.0,2019
566,Unclassified,0.620932664170545,69082.0,2019
566,Urban Areas,0.5456911397417973,443701.0,2019
574,Agricultural Land,0.5996412738041486,2049334.0,2019
574,Forest,0.6181792296886802,4832314.0,2019
574,Grassland,0.622458736595595,479456.0,2019
574,Unclassified,0.5751754374977898,152008.0,2019
574,Urban Areas,0.5794653429859453,251939.0,2019
582,Agricultural Land,0.49632494447991027,980052.0,2019
582,Forest,0.6297627259659727,812765.0,2019
582,Grassland,0.6050262896981886,57180.0,2019
582,Unclassified,0.5340134884464793,41766.0,2019
582,Urban Areas,0.45251813606582336,695502.0,2019
591,Agricultural Land,0.5039716233435203,1100218.0,2019
591,Forest,0.6426670425293571,917616.0,2019
591,Grassland,0.5863851761129741,90612.0,2019
591,Unclassified,0.5875765896078223,13205.0,2019
591,Urban Areas,0.5156426685652393,153889.0,2019
604,Agricultural Land,0.5555968505701988,1512315.0,2019
604,Forest,0.6664222067476258,1207857.0,2019
604,Grassland,0.6301552632881349,151044.0,2019
604,Unclassified,0.6661260336130598,15933.0,2019
604,Urban Areas,0.5633850686711619,158772.0,2019
612,Agricultural Land,0.4981229436961046,1438670.0,2019
612,Forest,0.6435851533781539,952002.0,2019
612,Grassland,0.5915730049251273,73539.0,2019
612,Unclassified,0.6266234478367838,18037.0,2019
612,Urban Areas,0.49281265655171536,215018.0,2019
621,Agricultural Land,0.4792726019141556,1385659.0,2019
621,Forest,0.6157330860426878,902266.0,2019
621,Grassland,0.593857869630029,66976.0,2019
621,Unclassified,0.5452932295779209,30506.0,2019
621,Urban Areas,0.48127463034135276,190974.0,2019
639,Agricultural Land,0.5162628584239694,2763258.0,2019
639,Forest,0.6133179476152076,3243504.0,2019
639,Grassland,0.5946496098554647,243561.0,2019
639,Unclassified,0.5461092458340231,63635.0,2019
639,Urban Areas,0.5150659370253324,254442.0,2019
647,Agricultural Land,0.48713459168817286,2999915.0,2019
647,Forest,0.6037022916460864,2532965.0,2019
647,Grassland,0.5942575704592723,136232.0,2019
647,Unclassified,0.5080764748180847,70067.0,2019
647,Urban Areas,0.48347089270069427,481367.0,2019
655,Agricultural Land,0.5209892754640372,2350027.0,2019
655,Forest,0.6426861134147511,3485660.0,2019
655,Grassland,0.6056208135955757,178636.0,2019
655,Unclassified,0.5921753965122716,45202.0,2019
655,Urban Areas,0.5035901402520514,444226.0,2019
663,Agricultural Land,0.602618467465302,276609.0,2019
663,Forest,0.6540933005748872,1879990.0,2019
663,Grassland,0.6037863794247464,335106.0,2019
663,Unclassified,0.5716088296838082,68788.0,2019
663,Urban Areas,0.5804388988525855,69720.0,2019
671,Agricultural Land,0.5842152277676934,963133.0,2019
671,Forest,0.6602715709930028,2631544.0,2019
671,Grassland,0.6297306002455603,464728.0,2019
671,Unclassified,0.3814403726026488,294426.0,2019
671,Urban Areas,0.4742067394424893,434409.0,2019
680,Agricultural Land,0.474295680667441,2050108.0,2019
680,Forest,0.5735243599436626,1918266.0,2019
680,Grassland,0.5558054302704989,100084.0,2019
680,Unclassified,0.5777927295216354,28093.0,2019
680,Urban Areas,0.4633769472137374,179478.0,2019
698,Agricultural Land,0.5032437885441435,3641816.0,2019
698,Forest,0.624488770543622,4880391.0,2019
698,Grassland,0.5769342384211448,372361.0,2019
698,Unclassified,0.5957085663187082,117685.0,2019
698,Urban Areas,0.47117636807785257,327499.0,2019
701,Agricultural Land,0.6296670270222773,441216.0,2019
701,Forest,0.698864851867208,1162023.0,2019
701,Grassland,0.6571169583592045,249422.0,2019
701,Unclassified,0.6847045042040543,19043.0,2019
701,Urban Areas,0.6136339290834255,125062.0,2019
710,Agricultural Land,0.6017165613334399,2727003.0,2019
710,Forest,0.6795688303403709,4629181.0,2019
710,Grassland,0.6523489279222299,643504.0,2019
710,Unclassified,0.6643865526696512,166145.0,2019
710,Urban Areas,0.5720458897700832,445083.0,2019
728,Agricultural Land,0.6256398775997399,1252683.0,2019
728,Forest,0.6863260317709978,3192539.0,2019
728,Grassland,0.6526034218634635,529704.0,2019
728,Unclassified,0.6444204579982759,228393.0,2019
728,Urban Areas,0.5776436010180165,319440.0,2019
736,Agricultural Land,0.6450404865040549,830281.0,2019
736,Forest,0.7130619295071003,1342885.0,2019
736,Grassland,0.6643550850337185,184681.0,2019
736,Unclassified,0.6709974814822129,81346.0,2019
736,Urban Areas,0.611898989205934,184952.0,2019
744,Agricultural Land,0.6425734783487921,175556.0,2019
744,Forest,0.7126042286043648,460759.0,2019
744,Grassland,0.6597224307635343,124246.0,2019
744,Unclassified,0.6744216989632997,10514.0,2019
744,Urban Areas,0.5960373218558395,104299.0,2019
752,Agricultural Land,0.505283120880849,1398023.0,2019
752,Forest,0.6682573617039881,2203219.0,2019
752,Grassland,0.618657852311759,293803.0,2019
752,Unclassified,0.40014933073568576,427547.0,2019
752,Urban Areas,0.5055857278718331,409947.0,2019
761,Agricultural Land,0.4934488252436933,1453672.0,2019
761,Forest,0.6455392605552632,2015721.0,2019
761,Grassland,0.5838116349054037,568621.0,2019
761,Unclassified,0.5112232082665511,89295.0,2019
761,Urban Areas,0.4681989404905285,257739.0,2019
779,Agricultural Land,0.6018489013859012,296361.0,2019
779,Forest,0.6641881159356376,942209.0,2019
779,Grassland,0.622478015554499,119365.0,2019
779,Unclassified,0.6148885075163725,17976.0,2019
779,Urban Areas,0.5453999544814365,168940.0,2019
787,Agricultural Land,0.6307547184320307,164385.0,2019
787,Forest,0.6627826874236764,1474339.0,2019
787,Grassland,0.6472764675507241,129077.0,2019
787,Unclassified,0.6264477963866429,31039.0,2019
787,Urban Areas,0.5958024524841219,99602.0,2019
795,Agricultural Land,0.6272527200520376,217774.0,2019
795,Forest,0.6943079852454739,384258.0,2019
795,Grassland,0.6483664619477503,65639.0,2019
795,Unclassified,0.6630697331748066,9752.0,2019
795,Urban Areas,0.6140871370852503,62157.0,2019
809,Agricultural Land,0.6542448606599368,1173806.0,2019
809,Forest,0.706655577289168,1872271.0,2019
809,Grassland,0.6815047897445443,199069.0,2019
809,Unclassified,0.6647148629990409,40323.0,2019
809,Urban Areas,0.6455718612219986,197355.0,2019
817,Agricultural Land,0.6125916772412111,1717060.0,2019
817,Forest,0.6939484530625629,2785999.0,2019
817,Grassland,0.6432796216630207,478717.0,2019
817,Unclassified,0.6409724152686033,53676.0,2019
817,Urban Areas,0.5708508979810893,726940.0,2019
825,Agricultural Land,0.5174712471453626,2611316.0,2019
825,Forest,0.6438927694274754,1406707.0,2019
825,Grassland,0.611547077274315,216482.0,2019
825,Unclassified,0.4800612634323622,84751.0,2019
825,Urban Areas,0.50782307760067,357409.0,2019
833,Agricultural Land,0.47385583111869156,1702309.0,2019
833,Forest,0.6417046473283408,584814.0,2019
833,Grassland,0.5465003179181628,56845.0,2019
833,Unclassified,0.4182763679283856,45856.0,2019
833,Urban Areas,0.4697942036168618,221037.0,2019
841,Agricultural Land,0.43741849699764124,2254919.0,2019
841,Forest,0.5924481517036514,440273.0,2019
841,Grassland,0.4882593494529988,28137.0,2019
841,Unclassified,0.43855369870653504,48030.0,2019
841,Urban Areas,0.4403467692462336,212034.0,2019
850,Agricultural Land,0.4169925049322307,3377878.0,2019
850,Forest,0.5822413859305929,901274.0,2019
850,Grassland,0.4702993866870966,66741.0,2019
850,Unclassified,0.49562078801029397,41131.0,2019
850,Urban Areas,0.41355761652867723,318799.0,2019
868,Agricultural Land,0.4939866155782237,2046142.0,2019
868,Forest,0.622553148567473,1006203.0,2019
868,Grassland,0.5803377320717278,170869.0,2019
868,Unclassified,0.5443547683315396,19220.0,2019
868,Urban Areas,0.5044298428280606,146503.0,2019
876,Agricultural Land,0.4370534046888277,2076991.0,2019
876,Forest,0.5935136399707215,703620.0,2019
876,Grassland,0.5056410637093266,40818.0,2019
876,Unclassified,0.4637498780736273,34610.0,2019
876,Urban Areas,0.4395978794546766,213568.0,2019
884,Agricultural Land,0.5870858600960996,220292.0,2019
884,Forest,0.652773595889904,1624530.0,2019
884,Grassland,0.6323966933532429,131155.0,2019
884,Unclassified,0.4459998738924411,120528.0,2019
884,Urban Areas,0.5212180823658037,211521.0,2019
892,Agricultural Land,0.4919450858972741,1081454.0,2019
892,Forest,0.5878753923704405,531707.0,2019
892,Grassland,0.5181595531086044,78872.0,2019
892,Unclassified,0.3979872336237046,233009.0,2019
892,Urban Areas,0.4760468141565368,324154.0,2019
906,Agricultural Land,0.5702315392576922,454409.0,2019
906,Forest,0.6554052199819541,492331.0,2019
906,Grassland,0.5921303252572067,24299.0,2019
906,Unclassified,0.33354903564231064,125789.0,2019
906,Urban Areas,0.48835185626140964,130303.0,2019
914,Agricultural Land,0.557876632365824,836744.0,2019
914,Forest,0.6512368543537667,1802720.0,2019
914,Grassland,0.5884661675422168,277139.0,2019
914,Unclassified,0.4236215029020531,101681.0,2019
914,Urban Areas,0.5010568758456958,385303.0,2019
922,Agricultural Land,0.5713990145403862,910947.0,2019
922,Forest,0.6438067719705699,1896908.0,2019
922,Grassland,0.5997858366058099,558114.0,2019
922,Unclassified,0.5115601937011767,73004.0,2019
922,Urban Areas,0.5189382722932795,560113.0,2019
931,Agricultural Land,0.5701225050796553,1813735.0,2019
931,Forest,0.66534146341581,1130421.0,2019
931,Grassland,0.6412686988658974,109236.0,2019
931,Unclassified,0.6584483733951628,23271.0,2019
931,Urban Areas,0.5695847331899212,174478.0,2019
949,Agricultural Land,0.5563281547165085,3992003.0,2019
949,Forest,0.650676571996234,1859833.0,2019
949,Grassland,0.6499744243792681,82317.0,2019
949,Unclassified,0.6488387080726634,46341.0,2019
949,Urban Areas,0.5529636970084234,407164.0,2019
957,Agricultural Land,0.5593142660775109,1432889.0,2019
957,Forest,0.6558694063585497,1213372.0,2019
957,Grassland,0.6440206537295222,40295.0,2019
957,Unclassified,0.6433198481484387,24599.0,2019
957,Urban Areas,0.5488542386801061,151848.0,2019
965,Agricultural Land,0.5087121922881308,4288252.0,2019
965,Forest,0.6388377273126438,1326849.0,2019
965,Grassland,0.5926619254560551,70382.0,2019
965,Unclassified,0.5559840937976591,68039.0,2019
965,Urban Areas,0.48796296703618114,923696.0,2019
973,Agricultural Land,0.5102742599086098,1519590.0,2019
973,Forest,0.6192575469965066,377831.0,2019
973,Grassland,0.5867100787988567,60284.0,2019
973,Unclassified,0.6033121838930314,9433.0,2019
973,Urban Areas,0.4998185828248508,157574.0,2019
981,Agricultural Land,0.5244936353099579,4232153.0,2019
981,Forest,0.6360646605905128,2342369.0,2019
981,Grassland,0.6074658796514267,119421.0,2019
981,Unclassified,0.5631092515780926,62500.0,2019
981,Urban Areas,0.5191523124922709,640712.0,2019
990,Agricultural Land,0.5796488586453118,1121033.0,2019
990,Forest,0.6636822776436602,1041586.0,2019
990,Grassland,0.6407716852218603,113777.0,2019
990,Unclassified,0.6545130206050055,20737.0,2019
990,Urban Areas,0.5683973751671143,142590.0,2019
1007,Agricultural Land,0.535433346046435,1254322.0,2019
1007,Forest,0.6394490233248228,461900.0,2019
1007,Grassland,0.6079451037504449,43490.0,2019
1007,Unclassified,0.6177507005993113,8870.0,2019
1007,Urban Areas,0.5148131980076065,150161.0,2019
1015,Agricultural Land,0.5474746401968668,3870892.0,2019
1015,Forest,0.6610114084883402,1454038.0,2019
1015,Grassland,0.614823504082693,152687.0,2019
1015,Unclassified,0.6014920412382531,41798.0,2019
1015,Urban Areas,0.533475298573653,391303.0,2019
1023,Agricultural Land,0.5625766201716934,445945.0,2019
1023,Forest,0.6543544786363431,388847.0,2019
1023,Grassland,0.6166143098625677,46194.0,2019
1023,Unclassified,0.6482854744869316,3006.0,2019
1023,Urban Areas,0.5441392386978402,84202.0,2019
1031,Agricultural Land,0.6255491853385603,1237109.0,2019
1031,Forest,0.6815461550138481,1002281.0,2019
1031,Grassland,0.6721827132179946,216009.0,2019
1031,Unclassified,0.6562603154453016,18680.0,2019
1031,Urban Areas,0.6166005449662139,109904.0,2019
1040,Agricultural Land,0.520993670841451,956242.0,2019
1040,Forest,0.6331200336339734,201196.0,2019
1040,Grassland,0.5762124183552972,35557.0,2019
1040,Unclassified,0.6238239850222257,12258.0,2019
1040,Urban Areas,0.513217399573857,141153.0,2019
1058,Agricultural Land,0.5328079874980246,598275.0,2019
1058,Forest,0.6548870177090491,210727.0,2019
1058,Grassland,0.6297297351016032,33496.0,2019
1058,Unclassified,0.6479672314364961,10578.0,2019
1058,Urban Areas,0.5200203605508228,81327.0,2019
1066,Agricultural Land,0.5749479243384356,1624523.0,2019
1066,Forest,0.6587271294000978,1306873.0,2019
1066,Grassland,0.6299586731581194,265633.0,2019
1066,Unclassified,0.6518143110219446,20672.0,2019
1066,Urban Areas,0.5488145773964462,308672.0,2019
1074,Agricultural Land,0.5548942954191588,1029866.0,2019
1074,Forest,0.6652320199123553,889216.0,2019
1074,Grassland,0.6314878610654018,38197.0,2019
1074,Unclassified,0.6276762445015919,10386.0,2019
1074,Urban Areas,0.5286908735982797,153263.0,2019
1082,Agricultural Land,0.49633846917014973,2434905.0,2019
1082,Forest,0.6275439386970991,730610.0,2019
1082,Grassland,0.5859302887481183,36969.0,2019
1082,Unclassified,0.5715003365859638,58252.0,2019
1082,Urban Areas,0.47248034377081743,726743.0,2019
1091,Agricultural Land,0.5290009163257264,1279999.0,2019
1091,Forest,0.637547032865251,935938.0,2019
1091,Grassland,0.6157790190207212,29888.0,2019
1091,Unclassified,0.5361554506486794,36241.0,2019
1091,Urban Areas,0.5181260978738588,243340.0,2019
1104,Agricultural Land,0.5592882025040425,1454265.0,2019
1104,Forest,0.657866992584644,940204.0,2019
1104,Grassland,0.6152137426337025,205553.0,2019
1104,Unclassified,0.6566545439777373,14717.0,2019
1104,Urban Areas,0.5547727462167339,162309.0,2019
1112,Agricultural Land,0.5856109085886716,833212.0,2019
1112,Forest,0.6697730591081199,1091796.0,2019
1112,Grassland,0.6395414662378618,85964.0,2019
1112,Unclassified,0.6398645557683064,34323.0,2019
1112,Urban Areas,0.5598392642611945,170573.0,2019
1121,Agricultural Land,0.5876190392375794,2018655.0,2019
1121,Forest,0.6676496847080856,2069907.0,2019
1121,Grassland,0.6179367729068329,402660.0,2019
1121,Unclassified,0.6480339817812124,35497.0,2019
1121,Urban Areas,0.5742035047719877,255745.0,2019
1139,Agricultural Land,0.5786558896033082,798531.0,2019
1139,Forest,0.6728943779263445,1376400.0,2019
1139,Grassland,0.6188281772148339,422816.0,2019
1139,Unclassified,0.6082020511908238,22990.0,2019
1139,Urban Areas,0.572734566325342,159296.0,2019
1147,Agricultural Land,0.5806393503575837,985553.0,2019
1147,Forest,0.6834909894484618,873436.0,2019
1147,Grassland,0.6373068153701352,248554.0,2019
1147,Unclassified,0.6000688841374777,23654.0,2019
1147,Urban Areas,0.5765604079791455,165962.0,2019
1155,Agricultural Land,0.5507069193526284,1197144.0,2019
1155,Forest,0.6625086339977457,766559.0,2019
1155,Grassland,0.6164503531912771,100336.0,2019
1155,Unclassified,0.6431728001144633,28652.0,2019
1155,Urban Areas,0.5384223555611691,219637.0,2019
1163,Agricultural Land,0.5240269197815949,2171985.0,2019
1163,Forest,0.6760687953688672,895628.0,2019
1163,Grassland,0.6392932816201311,78446.0,2019
1163,Unclassified,0.6174690341405777,10393.0,2019
1163,Urban Areas,0.5269614306172253,205362.0,2019
1171,Agricultural Land,0.5460046458123621,2020195.0,2019
1171,Forest,0.6685461092490957,1797549.0,2019
1171,Grassland,0.6240814977973596,127815.0,2019
1171,Unclassified,0.6001346239496431,20992.0,2019
1171,Urban Areas,0.5307765276029542,190700.0,2019
1180,Agricultural Land,0.5653906033302887,1447656.0,2019
1180,Forest,0.6682548908152215,1025742.0,2019
1180,Grassland,0.645645198598915,81590.0,2019
1180,Unclassified,0.6421446526828145,10356.0,2019
1180,Urban Areas,0.5491403238641414,145763.0,2019
1198,Agricultural Land,0.5595272162276518,1943411.0,2019
1198,Forest,0.6895360560654901,1246562.0,2019
1198,Grassland,0.64046142039147,90528.0,2019
1198,Unclassified,0.6455258476066638,7822.0,2019
1198,Urban Areas,0.552103330962811,204833.0,2019
1201,Agricultural Land,0.5624429345467945,1288922.0,2019
1201,Forest,0.6583500816053723,1011406.0,2019
1201,Grassland,0.6222114818116719,67845.0,2019
1201,Unclassified,0.641355970463545,13287.0,2019
1201,Urban Areas,0.5584510879269354,182598.0,2019
1210,Agricultural Land,0.6071450192609866,1723529.0,2019
1210,Forest,0.6709689609369087,3296186.0,2019
1210,Grassland,0.6270870349418906,519436.0,2019
1210,Unclassified,0.6063210916584879,48254.0,2019
1210,Urban Areas,0.576977166667256,351874.0,2019
1228,Agricultural Land,0.5428565817121522,730127.0,2019
1228,Forest,0.6426357620408789,1632530.0,2019
1228,Grassland,0.5728365231187335,354359.0,2019
1228,Unclassified,0.5316825989482821,55789.0,2019
1228,Urban Areas,0.5218716565753239,156127.0,2019
1236,Agricultural Land,0.6294677570294771,574668.0,2019
1236,Forest,0.681885530783855,770556.0,2019
1236,Grassland,0.6393510369190208,156408.0,2019
1236,Unclassified,0.6665385558026806,8945.0,2019
1236,Urban Areas,0.6140902169886633,70669.0,2019
1244,Agricultural Land,0.5735893534225777,1366615.0,2019
1244,Forest,0.711466029655658,1012206.0,2019
1244,Grassland,0.6537485941322115,196116.0,2019
1244,Unclassified,0.6615698209764096,15343.0,2019
1244,Urban Areas,0.5692371957162383,150600.0,2019
1252,Agricultural Land,0.5196008760893465,1785647.0,2019
1252,Forest,0.642804150119097,666843.0,2019
1252,Grassland,0.5982912606289947,91269.0,2019
1252,Unclassified,0.6297337083660524,20670.0,2019
1252,Urban Areas,0.5022177870483205,221712.0,2019
1261,Agricultural Land,0.5606327330028485,1346321.0,2019
1261,Forest,0.666787182393245,1019527.0,2019
1261,Grassland,0.6272125470317615,216998.0,2019
1261,Unclassified,0.5957205205979061,24791.0,2019
1261,Urban Areas,0.5490865140061557,193618.0,2019
1279,Agricultural Land,0.5853874115065824,257228.0,2019
1279,Forest,0.6983994957896915,404602.0,2019
1279,Grassland,0.6630885306573812,35226.0,2019
1279,Unclassified,0.6656987214233352,3126.0,2019
1279,Urban Areas,0.5523687096487407,94728.0,2019
1287,Agricultural Land,0.5859838847769119,823811.0,2019
1287,Forest,0.7023294896529365,721116.0,2019
1287,Grassland,0.6650563320250332,191267.0,2019
1287,Unclassified,0.6834419475706789,12544.0,2019
1287,Urban Areas,0.5726001965086845,151846.0,2019
1295,Agricultural Land,0.5609189018742037,1076352.0,2019
1295,Forest,0.6969680088418891,1986566.0,2019
1295,Grassland,0.6565715392696523,116639.0,2019
1295,Unclassified,0.662875270706682,20736.0,2019
1295,Urban Areas,0.5425165979774399,299768.0,2019
1309,Agricultural Land,0.5791440468180981,2387583.0,2019
1309,Forest,0.6767998848478403,2204448.0,2019
1309,Grassland,0.646697424192151,131907.0,2019
1309,Unclassified,0.6151377553537137,21670.0,2019
1309,Urban Areas,0.547000359862462,334442.0,2019
1317,Agricultural Land,0.507540135474584,511181.0,2019
1317,Forest,0.6585126078728334,747127.0,2019
1317,Grassland,0.5931474089351327,7913.0,2019
1317,Unclassified,0.49014134108425683,27068.0,2019
1317,Urban Areas,0.4467819458807165,981063.0,2019
1325,Agricultural Land,0.4711519956777543,855565.0,2019
1325,Forest,0.6022193295547295,676898.0,2019
1325,Grassland,0.5553481326031753,18918.0,2019
1325,Unclassified,0.5924957216375898,19450.0,2019
1325,Urban Areas,0.45788953710262664,148707.0,2019
1333,Agricultural Land,0.5273177874368858,322485.0,2019
1333,Forest,0.6591800249319486,303657.0,2019
1333,Grassland,0.6000862178228473,6629.0,2019
1333,Unclassified,0.5835585380333084,5484.0,2019
1333,Urban Areas,0.5133621901920213,130967.0,2019
1341,Agricultural Land,0.5129723843354687,701143.0,2019
1341,Forest,0.6365556985415648,862729.0,2019
1341,Grassland,0.6315320000059534,8416.0,2019
1341,Unclassified,0.6126804336347373,5687.0,2019
1341,Urban Areas,0.4908203169272149,163682.0,2019
1350,Agricultural Land,0.5625190003124961,1302143.0,2019
1350,Forest,0.6735504863751488,1719999.0,2019
1350,Grassland,0.6416686395417629,114441.0,2019
1350,Unclassified,0.6381848629540194,27488.0,2019
1350,Urban Areas,0.5470747020486296,250371.0,2019
1368,Agricultural Land,0.508894791826148,1513732.0,2019
1368,Forest,0.6879262378024029,1412544.0,2019
1368,Grassland,0.6725250475848971,19453.0,2019
1368,Unclassified,0.5234051713323676,38509.0,2019
1368,Urban Areas,0.49455114915600035,438324.0,2019
1376,Agricultural Land,0.4799476749829945,1474785.0,2019
1376,Forest,0.6019395712075083,168464.0,2019
1376,Grassland,0.565787221716481,22900.0,2019
1376,Unclassified,0.45067291757011946,38565.0,2019
1376,Urban Areas,0.44877772371757035,229744.0,2019
1384,Agricultural Land,0.5355294536304549,2495214.0,2019
1384,Forest,0.7064124428272415,1244806.0,2019
1384,Grassland,0.648653988600125,82270.0,2019
1384,Unclassified,0.657630796976444,109490.0,2019
1384,Urban Areas,0.4829910219920031,347795.0,2019
1392,Agricultural Land,0.5135500608298867,2602492.0,2019
1392,Forest,0.6454718966853993,518471.0,2019
1392,Grassland,0.5717577643563408,37286.0,2019
1392,Unclassified,0.6227549162540049,20325.0,2019
1392,Urban Areas,0.4762725693483475,276975.0,2019
1406,Agricultural Land,0.5114145067555851,1587707.0,2019
1406,Forest,0.6517692220798593,450329.0,2019
1406,Grassland,0.5473859929609188,30270.0,2019
1406,Unclassified,0.6021928489413423,29773.0,2019
1406,Urban Areas,0.4778641242074857,145785.0,2019
1414,Agricultural Land,0.4769277507602788,1405127.0,2019
1414,Forest,0.6329466611948973,240077.0,2019
1414,Grassland,0.640938140722712,1073.0,2019
1414,Unclassified,0.5648356998485287,29600.0,2019
1414,Urban Areas,0.46206425586390104,138136.0,2019
1422,Agricultural Land,0.6285648950816495,531189.0,2019
1422,Forest,0.719522003863987,994351.0,2019
1422,Grassland,0.662357303002331,146083.0,2019
1422,Unclassified,0.6945541866619791,6728.0,2019
1422,Urban Areas,0.5722415536014022,97656.0,2019
1431,Agricultural Land,0.5650875520941523,555991.0,2019
1431,Forest,0.715716863902415,303851.0,2019
1431,Grassland,0.6542523436263389,20249.0,2019
1431,Unclassified,0.542419005603573,16417.0,2019
1431,Urban Areas,0.5188466400477032,198886.0,2019
1449,Agricultural Land,0.6246379183089006,763222.0,2019
1449,Forest,0.7098972505869205,1428841.0,2019
1449,Grassland,0.6546873199178236,266271.0,2019
1449,Unclassified,0.6880864732628559,10526.0,2019
1449,Urban Areas,0.5614184531612579,111261.0,2019
1457,Agricultural Land,0.6862944121702891,451412.0,2019
1457,Forest,0.7569571646978135,765812.0,2019
1457,Grassland,0.730429756607296,113468.0,2019
1457,Unclassified,0.7204013901294077,5889.0,2019
1457,Urban Areas,0.6105065336061307,114997.0,2019
1465,Agricultural Land,0.627802497156286,1136538.0,2019
1465,Forest,0.7496840241736972,1725930.0,2019
1465,Grassland,0.7084381594518817,164979.0,2019
1465,Unclassified,0.6936253532922794,13416.0,2019
1465,Urban Areas,0.5854621090731014,451839.0,2019
1473,Agricultural Land,0.5207900589043967,1667134.0,2019
1473,Forest,0.6787188067629041,782967.0,2019
1473,Grassland,0.6042395032239439,38098.0,2019
1473,Unclassified,0.6065731308363348,32593.0,2019
1473,Urban Areas,0.47220644319249666,276067.0,2019
1481,Agricultural Land,0.5239023225638466,2770637.0,2019
1481,Forest,0.6670938093239168,1509984.0,2019
1481,Grassland,0.574898759241504,35584.0,2019
1481,Unclassified,0.5748551339404415,34734.0,2019
1481,Urban Areas,0.4836144516270988,334410.0,2019
1490,Agricultural Land,0.5461675698839927,1816952.0,2019
1490,Forest,0.7205702891187423,983118.0,2019
1490,Grassland,0.6500669996371943,357383.0,2019
1490,Unclassified,0.6513425912924076,32764.0,2019
1490,Urban Areas,0.506545608486598,216216.0,2019
1503,Agricultural Land,0.5556526852120448,4715628.0,2019
1503,Forest,0.6519007242831277,3273636.0,2019
1503,Grassland,0.6441967083184854,201301.0,2019
1503,Unclassified,0.6227101059446992,73533.0,2019
1503,Urban Areas,0.5231893990677631,693021.0,2019
1511,Agricultural Land,0.5210636118089955,1564460.0,2019
1511,Forest,0.6250760677124625,1056755.0,2019
1511,Grassland,0.6192470476572489,85962.0,2019
1511,Unclassified,0.6105402556674064,23221.0,2019
1511,Urban Areas,0.5176239444572615,122938.0,2019
1520,Agricultural Land,0.6214833903673804,550357.0,2019
1520,Forest,0.7383296710023973,918187.0,2019
1520,Grassland,0.731489575484309,69855.0,2019
1520,Unclassified,0.7227010141079148,6956.0,2019
1520,Urban Areas,0.5828977927108208,90834.0,2019
1538,Agricultural Land,0.5734998228752105,958587.0,2019
1538,Forest,0.7146803618180215,203545.0,2019
1538,Grassland,0.6567619008925634,20714.0,2019
1538,Unclassified,0.6258652565210759,5505.0,2019
1538,Urban Areas,0.5483478289775253,134427.0,2019
1546,Agricultural Land,0.5707384153074851,3088318.0,2019
1546,Forest,0.7323037487401767,1357790.0,2019
1546,Grassland,0.7003718276016171,51130.0,2019
1546,Unclassified,0.66030958740134,33941.0,2019
1546,Urban Areas,0.5537779573159364,393641.0,2019
1554,Agricultural Land,0.5761639783774231,1022071.0,2019
1554,Forest,0.6818232816600228,786433.0,2019
1554,Grassland,0.6701472377710378,36984.0,2019
1554,Unclassified,0.6486443282873875,5434.0,2019
1554,Urban Areas,0.561598136325985,105218.0,2019
1562,Agricultural Land,0.5463250570480543,4117543.0,2019
1562,Forest,0.6736128827262192,1064065.0,2019
1562,Grassland,0.6443762863116212,67563.0,2019
1562,Unclassified,0.6096578343225268,21180.0,2019
1562,Urban Areas,0.5039256593349934,514036.0,2019
1571,Agricultural Land,0.4453715000375783,2762705.0,2019
1571,Forest,0.5701076618842379,1112524.0,2019
1571,Grassland,0.561851071340223,29312.0,2019
1571,Unclassified,0.5364459858740811,15721.0,2019
1571,Urban Areas,0.42601395584953805,181517.0,2019
1589,Agricultural Land,0.505814631006289,1123189.0,2019
1589,Forest,0.6195018646674959,787306.0,2019
1589,Grassland,0.593658948173102,26194.0,2019
1589,Unclassified,0.6229217936423941,13625.0,2019
1589,Urban Areas,0.4887070393018958,110267.0,2019
1597,Agricultural Land,0.4721952376097147,5151677.0,2019
1597,Forest,0.5622411979122098,2558589.0,2019
1597,Grassland,0.5629756537657884,61350.0,2019
1597,Unclassified,0.579931475366836,37684.0,2019
1597,Urban Areas,0.44196866142665425,455936.0,2019
1601,Agricultural Land,0.5264007290683437,2774836.0,2019
1601,Forest,0.719251599528792,1745428.0,2019
1601,Grassland,0.6595909975500244,102910.0,2019
1601,Unclassified,0.5631543342774633,38566.0,2019
1601,Urban Areas,0.48699714455083415,451789.0,2019
1619,Agricultural Land,0.5542708069802914,2078647.0,2019
1619,Forest,0.714800909668201,1901582.0,2019
1619,Grassland,0.6681350936529916,457481.0,2019
1619,Unclassified,0.6487297988330981,16408.0,2019
1619,Urban Areas,0.5191676351297324,263188.0,2019
1627,Agricultural Land,0.5260813031837406,1115807.0,2019
1627,Forest,0.6908692000869546,435265.0,2019
1627,Grassland,0.5878074462146368,13079.0,2019
1627,Unclassified,0.6150113445033131,5896.0,2019
1627,Urban Areas,0.5295863883776589,133163.0,2019
1635,Agricultural Land,0.5174919003991169,1061246.0,2019
1635,Forest,0.6961978429871758,318530.0,2019
1635,Grassland,0.5819837650221386,3738.0,2019
1635,Unclassified,0.6002188805247758,3971.0,2019
1635,Urban Areas,0.5208972561181535,183736.0,2019
1643,Agricultural Land,0.5103620054625173,2374686.0,2019
1643,Forest,0.674505286837098,2611720.0,2019
1643,Grassland,0.6368311693759351,42922.0,2019
1643,Unclassified,0.5631877785549407,26636.0,2019
1643,Urban Areas,0.46933039206810173,320709.0,2019
1651,Agricultural Land,0.4378311668572317,2458567.0,2019
1651,Forest,0.5864298101878465,787162.0,2019
1651,Grassland,0.515531629354704,20114.0,2019
1651,Unclassified,0.555612005875867,17971.0,2019
1651,Urban Areas,0.43067778140079127,181301.0,2019
1660,Agricultural Land,0.4252134300891451,8138512.0,2019
1660,Forest,0.5780711412952767,3265671.0,2019
1660,Grassland,0.5037491833504107,101721.0,2019
1660,Unclassified,0.5439343941688694,91970.0,2019
1660,Urban Areas,0.3982786384884421,650428.0,2019
1678,Agricultural Land,0.5781091898762397,1662011.0,2019
1678,Forest,0.6789356005016248,1407589.0,2019
1678,Grassland,0.6564705947637096,160114.0,2019
1678,Unclassified,0.6662976818955647,20118.0,2019
1678,Urban Areas,0.5650919858814758,186220.0,2019
1686,Agricultural Land,0.593416372991678,1427198.0,2019
1686,Forest,0.6703578184843476,1202937.0,2019
1686,Grassland,0.6650986591933502,100800.0,2019
1686,Unclassified,0.6548765668847345,20791.0,2019
1686,Urban Areas,0.5893625033201162,150605.0,2019
1694,Agricultural Land,0.5355133404673049,2695207.0,2019
1694,Forest,0.6155796955752606,1586179.0,2019
1694,Grassland,0.6117740410714377,44528.0,2019
1694,Unclassified,0.5896143936618566,23753.0,2019
1694,Urban Areas,0.5007069390644862,289658.0,2019
1708,Agricultural Land,0.5590335122531085,2112344.0,2019
1708,Forest,0.6482777799345683,2035178.0,2019
1708,Grassland,0.6395221201902049,106952.0,2019
1708,Unclassified,0.6388647987877261,35040.0,2019
1708,Urban Areas,0.5375416776391788,235367.0,2019
1716,Agricultural Land,0.6171829354040704,2348961.0,2019
1716,Forest,0.6887383269674797,3239880.0,2019
1716,Grassland,0.6803140853967056,319514.0,2019
1716,Unclassified,0.66558374820955,36475.0,2019
1716,Urban Areas,0.5855733721204106,257941.0,2019
1724,Agricultural Land,0.5730566397797587,2277394.0,2019
1724,Forest,0.6817288154249472,2742464.0,2019
1724,Grassland,0.6569760342096367,408789.0,2019
1724,Unclassified,0.656090489951979,26745.0,2019
1724,Urban Areas,0.5751760513905694,267211.0,2019
1732,Agricultural Land,0.656886012537374,1073575.0,2019
1732,Forest,0.7164929203991276,1826686.0,2019
1732,Grassland,0.679469631431835,281161.0,2019
1732,Unclassified,0.7022564004832106,18180.0,2019
1732,Urban Areas,0.6353327830744375,119461.0,2019
1741,Agricultural Land,0.5613135931035892,1634196.0,2019
1741,Forest,0.6655942242560117,2193632.0,2019
1741,Grassland,0.6525617776116288,178627.0,2019
1741,Unclassified,0.6092160623180203,41859.0,2019
1741,Urban Areas,0.5331452676945246,702734.0,2019
1759,Agricultural Land,0.6444818910537676,400563.0,2019
1759,Forest,0.6735106918832444,2330769.0,2019
1759,Grassland,0.6684939056893842,217643.0,2019
1759,Unclassified,0.6764538562955876,23550.0,2019
1759,Urban Areas,0.6218858024649143,172632.0,2019
1767,Agricultural Land,0.6738211270622821,387390.0,2019
1767,Forest,0.7166805385541489,1145108.0,2019
1767,Grassland,0.6981840314849397,122583.0,2019
1767,Unclassified,0.7078889478052892,12220.0,2019
1767,Urban Areas,0.6286891950795717,88369.0,2019
1775,Agricultural Land,0.6555364889794663,704149.0,2019
1775,Forest,0.7089706264623836,1271108.0,2019
1775,Grassland,0.7015918642325027,115591.0,2019
1775,Unclassified,0.6776152352814612,15705.0,2019
1775,Urban Areas,0.5708594992191697,234138.0,2019
1783,Agricultural Land,0.6176582396730291,301700.0,2019
1783,Forest,0.7075136329510865,138950.0,2019
1783,Grassland,0.6776263674805648,12759.0,2019
1783,Unclassified,0.6281964794615094,22321.0,2019
1783,Urban Areas,0.6043132166880733,213792.0,2019
1791,Agricultural Land,0.5879018224973752,317013.0,2019
1791,Forest,0.663743797218888,239325.0,2019
1791,Grassland,0.6609200583522234,5244.0,2019
1791,Unclassified,0.591667964335344,12432.0,2019
1791,Urban Areas,0.5378443877489754,274811.0,2019
1805,Agricultural Land,0.6269333559503273,319117.0,2019
1805,Forest,0.7024893854750831,336596.0,2019
1805,Grassland,0.701314183775598,6801.0,2019
1805,Unclassified,0.6136527879373189,38130.0,2019
1805,Urban Areas,0.5964802491121541,307246.0,2019
1813,Agricultural Land,0.648838080072155,103855.0,2019
1813,Forest,0.7055482247800469,157989.0,2019
1813,Grassland,0.690590790588786,2942.0,2019
1813,Unclassified,0.6135912099683777,6763.0,2019
1813,Urban Areas,0.6095825447227486,162764.0,2019
1821,Agricultural Land,0.6431382206980216,222892.0,2019
1821,Forest,0.6874179149634475,120157.0,2019
1821,Grassland,0.677166823310915,8482.0,2019
1821,Unclassified,0.6257468230593533,3527.0,2019
1821,Urban Areas,0.5388342733056882,85435.0,2019
1830,Agricultural Land,0.5129684120905336,1034342.0,2019
1830,Forest,0.639206004039428,300177.0,2019
1830,Grassland,0.6760528352305646,61753.0,2019
1830,Unclassified,0.6749299590985143,17111.0,2019
1830,Urban Areas,0.5121294294386268,153229.0,2019
1848,Agricultural Land,0.6102184593416872,319463.0,2019
1848,Forest,0.6662087816213466,503321.0,2019
1848,Grassland,0.6493845783144232,65992.0,2019
1848,Unclassified,0.6537874192097469,6080.0,2019
1848,Urban Areas,0.5578550209146519,91157.0,2019
1856,Agricultural Land,0.5482953822734529,692596.0,2019
1856,Forest,0.6493350051067328,266870.0,2019
1856,Grassland,0.651373414575863,39699.0,2019
1856,Unclassified,0.5565119110790125,13008.0,2019
1856,Urban Areas,0.500829508236411,195292.0,2019
1864,Agricultural Land,0.5138545628693194,1626665.0,2019
1864,Forest,0.6512430193143316,702331.0,2019
1864,Grassland,0.6179483038671199,143062.0,2019
1864,Unclassified,0.6137201833043393,18968.0,2019
1864,Urban Areas,0.481995327990009,243876.0,2019
1872,Agricultural Land,0.4800300711250584,1223972.0,2019
1872,Forest,0.6027065466231581,826441.0,2019
1872,Grassland,0.5668184294129331,40210.0,2019
1872,Unclassified,0.4511338343133562,19396.0,2019
1872,Urban Areas,0.472567055514328,115823.0,2019
1881,Agricultural Land,0.545513019263594,1309861.0,2019
1881,Forest,0.6804872181653068,896247.0,2019
1881,Grassland,0.6524013593951411,29051.0,2019
1881,Unclassified,0.6421815749392128,22159.0,2019
1881,Urban Areas,0.5419693265263011,199388.0,2019
1899,Agricultural Land,0.5133873736111378,3594268.0,2019
1899,Forest,0.6435859665662015,3283029.0,2019
1899,Grassland,0.6277485131469727,232143.0,2019
1899,Unclassified,0.6159230842314544,62983.0,2019
1899,Urban Areas,0.48440434937399685,827340.0,2019
1902,Agricultural Land,0.5415201191978585,1525119.0,2019
1902,Forest,0.7026644725989111,380602.0,2019
1902,Grassland,0.6646739845364797,13621.0,2019
1902,Unclassified,0.6629874777479048,6399.0,2019
1902,Urban Areas,0.5371782872224028,139830.0,2019
1911,Agricultural Land,0.5498428084852764,1835007.0,2019
1911,Forest,0.6418426337701254,1337236.0,2019
1911,Grassland,0.6166836463739632,96614.0,2019
1911,Unclassified,0.5943679673817764,17060.0,2019
1911,Urban Areas,0.507634391377675,195511.0,2019
1929,Agricultural Land,0.5776087753996081,851566.0,2019
1929,Forest,0.7060659324311446,501145.0,2019
1929,Grassland,0.6743872842548478,22530.0,2019
1929,Unclassified,0.6050849539868917,20848.0,2019
1929,Urban Areas,0.576197984085658,209348.0,2019
1937,Agricultural Land,0.5472651042920894,756114.0,2019
1937,Forest,0.7085855949076579,139139.0,2019
1937,Grassland,0.703669567899428,14377.0,2019
1937,Unclassified,0.584810593524061,7116.0,2019
1937,Urban Areas,0.5410345964168156,85728.0,2019
1945,Agricultural Land,0.5289267376024267,3386451.0,2019
1945,Forest,0.6854904759844469,1692957.0,2019
1945,Grassland,0.6518795574916311,70007.0,2019
1945,Unclassified,0.6148986577949295,35723.0,2019
1945,Urban Areas,0.5196522018245991,455416.0,2019
1953,Agricultural Land,0.5619672710095621,1385522.0,2019
1953,Forest,0.6769920910673033,1224381.0,2019
1953,Grassland,0.6143681491087467,79005.0,2019
1953,Unclassified,0.6837714864848844,16292.0,2019
1953,Urban Areas,0.5400774328539657,101488.0,2019
1961,Agricultural Land,0.5558603876870449,1059552.0,2019
1961,Forest,0.6647898742249475,779401.0,2019
1961,Grassland,0.6650760409366772,54471.0,2019
1961,Unclassified,0.6016095116601811,61314.0,2019
1961,Urban Areas,0.5193607712438072,1314370.0,2019
1970,Agricultural Land,0.5223159415477658,1988815.0,2019
1970,Forest,0.64214926668043,950919.0,2019
1970,Grassland,0.5951094116395109,111370.0,2019
1970,Unclassified,0.5270740977732025,32207.0,2019
1970,Urban Areas,0.5044888224533509,237608.0,2019
1988,Agricultural Land,0.5389034606941167,739383.0,2019
1988,Forest,0.6635093526796627,282878.0,2019
1988,Grassland,0.6447520173673619,28341.0,2019
1988,Unclassified,0.5115158443782206,18730.0,2019
1988,Urban Areas,0.4941092739722888,109465.0,2019
1996,Agricultural Land,0.5548123830817516,2903780.0,2019
1996,Forest,0.705773750489579,555501.0,2019
1996,Grassland,0.6474201126030711,42157.0,2019
1996,Unclassified,0.6434987674310996,33571.0,2019
1996,Urban Areas,0.5210893712341611,402132.0,2019
2003,Agricultural Land,0.5621915551096132,953409.0,2019
2003,Forest,0.686097692144277,735659.0,2019
2003,Grassland,0.649497418613575,36413.0,2019
2003,Unclassified,0.6062668940331813,13892.0,2019
2003,Urban Areas,0.5408310008792546,122803.0,2019
2011,Agricultural Land,0.6073340772850717,1219192.0,2019
2011,Forest,0.7206404611069306,1127123.0,2019
2011,Grassland,0.6729966230569273,114950.0,2019
2011,Unclassified,0.6552351397731173,20608.0,2019
2011,Urban Areas,0.5652367138874351,183256.0,2019
2020,Agricultural Land,0.6428427876046454,2157830.0,2019
2020,Forest,0.7187545002435426,5206144.0,2019
2020,Grassland,0.6823228789503213,734316.0,2019
2020,Unclassified,0.6718610864434925,56579.0,2019
2020,Urban Areas,0.5994191509324276,406167.0,2019
2038,Agricultural Land,0.6797984416805695,334710.0,2019
2038,Forest,0.7033721082009227,1568487.0,2019
2038,Grassland,0.6921193020348648,321799.0,2019
2038,Unclassified,0.6973290329790068,14092.0,2019
2038,Urban Areas,0.6274852565989755,148311.0,2019
2046,Agricultural Land,0.6510723345911131,998636.0,2019
2046,Forest,0.7213960995761256,931863.0,2019
2046,Grassland,0.7239133321568099,123168.0,2019
2046,Unclassified,0.6943696188105262,18837.0,2019
2046,Urban Areas,0.5871740197777486,210579.0,2019
2054,Agricultural Land,0.666618683794273,726132.0,2019
2054,Forest,0.7328035758086162,4427814.0,2019
2054,Grassland,0.7022077239693888,1136790.0,2019
2054,Unclassified,0.7060822518844422,35617.0,2019
2054,Urban Areas,0.60643408763152,276536.0,2019
2062,Agricultural Land,0.6409835049878964,1923316.0,2019
2062,Forest,0.7287621814942353,4559349.0,2019
2062,Grassland,0.7214329520691856,372736.0,2019
2062,Unclassified,0.6739051505587111,52085.0,2019
2062,Urban Areas,0.6313953059680364,263496.0,2019
19,Agricultural Land,0.5009532127225391,1361153.0,2020
19,Forest,0.6356015292267618,789369.0,2020
19,Grassland,0.603918596314824,44457.0,2020
19,Unclassified,0.43880023963230447,81862.0,2020
19,Urban Areas,0.4887949840492287,2643813.0,2020
27,Agricultural Land,0.521569293486832,3383923.0,2020
27,Forest,0.6400930962951581,2614466.0,2020
27,Grassland,0.6036189788724067,127790.0,2020
27,Unclassified,0.5960279289601677,57258.0,2020
27,Urban Areas,0.5337451300721366,622546.0,2020
35,Agricultural Land,0.5179764687586287,2810698.0,2020
35,Forest,0.613444634759573,1699173.0,2020
35,Grassland,0.6272268839128495,57771.0,2020
35,Unclassified,0.6030212786628502,26103.0,2020
35,Urban Areas,0.5035298648295198,248059.0,2020
43,Agricultural Land,0.5440177590478321,1745434.0,2020
43,Forest,0.6476871077865767,846442.0,2020
43,Grassland,0.6271946440180263,59820.0,2020
43,Unclassified,0.6149254153422519,13095.0,2020
43,Urban Areas,0.5489639706940809,173877.0,2020
51,Agricultural Land,0.5449248363266387,1593989.0,2020
51,Forest,0.6597335841176896,1913505.0,2020
51,Grassland,0.6009600470288741,185268.0,2020
51,Unclassified,0.49364307370267674,65797.0,2020
51,Urban Areas,0.5258264528558584,480627.0,2020
60,Agricultural Land,0.5615505693059002,1244382.0,2020
60,Forest,0.6655551190972332,1214144.0,2020
60,Grassland,0.6348342597546596,100932.0,2020
60,Unclassified,0.6042868714691181,13480.0,2020
60,Urban Areas,0.5318927594934484,198080.0,2020
78,Agricultural Land,0.4694546261235557,1608299.0,2020
78,Forest,0.6430886809711743,1252657.0,2020
78,Grassland,0.6033125288032759,55264.0,2020
78,Unclassified,0.5431654496520052,19256.0,2020
78,Urban Areas,0.4617387552764414,552279.0,2020
86,Agricultural Land,0.43359047937135803,2749492.0,2020
86,Forest,0.5917886804945539,534041.0,2020
86,Grassland,0.5203723124070864,20151.0,2020
86,Unclassified,0.4816653404950404,19649.0,2020
86,Urban Areas,0.4462235935367584,347662.0,2020
94,Agricultural Land,0.5125992884481996,4045008.0,2020
94,Forest,0.6496778011526504,1023423.0,2020
94,Grassland,0.622626497070777,53787.0,2020
94,Unclassified,0.5552116488624801,71729.0,2020
94,Urban Areas,0.4963222659215367,572908.0,2020
108,Agricultural Land,0.5112179600429453,1199675.0,2020
108,Forest,0.6651252992098511,233438.0,2020
108,Grassland,0.6454511563778595,3547.0,2020
108,Unclassified,0.5968446016365409,8315.0,2020
108,Urban Areas,0.5149870180557361,181820.0,2020
116,Agricultural Land,0.5372909918706765,3713143.0,2020
116,Forest,0.6511167349683008,2072772.0,2020
116,Grassland,0.6350564605483578,81690.0,2020
116,Unclassified,0.626218722563547,50570.0,2020
116,Urban Areas,0.5480264975144205,428262.0,2020
124,Agricultural Land,0.5378137058611265,1925070.0,2020
124,Forest,0.6464406509360167,541079.0,2020
124,Grassland,0.6515057395094397,21160.0,2020
124,Unclassified,0.6384626204964771,16603.0,2020
124,Urban Areas,0.5351258212835397,225115.0,2020
132,Agricultural Land,0.45091210851780167,825220.0,2020
132,Forest,0.5746536678562836,180168.0,2020
132,Grassland,0.529249502336762,8136.0,2020
132,Unclassified,0.3835282843142931,51603.0,2020
132,Urban Areas,0.4427318227841389,240766.0,2020
141,Agricultural Land,0.49891683877624843,2567638.0,2020
141,Forest,0.6396881217138546,1432295.0,2020
141,Grassland,0.6132579217070706,48769.0,2020
141,Unclassified,0.5665980555784289,87409.0,2020
141,Urban Areas,0.5073094705134896,410180.0,2020
159,Agricultural Land,0.47945971855134956,739187.0,2020
159,Forest,0.6525122866224226,138708.0,2020
159,Grassland,0.6068392019994886,13025.0,2020
159,Unclassified,0.5322535210677886,37102.0,2020
159,Urban Areas,0.5031697160480707,184771.0,2020
167,Agricultural Land,0.5000576497449928,4810845.0,2020
167,Forest,0.6355532526532298,2383713.0,2020
167,Grassland,0.6046096635980414,164601.0,2020
167,Unclassified,0.6083518326099541,51636.0,2020
167,Urban Areas,0.4903658150230734,642120.0,2020
175,Agricultural Land,0.5374830175719871,1137358.0,2020
175,Forest,0.6464842177569633,732793.0,2020
175,Grassland,0.62929240266798,67911.0,2020
175,Unclassified,0.6569764743805266,28465.0,2020
175,Urban Areas,0.5422540239585547,137045.0,2020
183,Agricultural Land,0.4950001246984044,839166.0,2020
183,Forest,0.6471542707408788,333730.0,2020
183,Grassland,0.5939340173906397,37795.0,2020
183,Unclassified,0.533351380064154,16463.0,2020
183,Urban Areas,0.5033854646709002,181702.0,2020
191,Agricultural Land,0.5048212700917216,2385873.0,2020
191,Forest,0.6606656984930026,749280.0,2020
191,Grassland,0.6287467381128525,18469.0,2020
191,Unclassified,0.5257555600000783,36165.0,2020
191,Urban Areas,0.5132406772913696,342075.0,2020
205,Agricultural Land,0.46882956881923354,2417541.0,2020
205,Forest,0.6265304809586962,683480.0,2020
205,Grassland,0.5959805184104432,50286.0,2020
205,Unclassified,0.571316473794813,32419.0,2020
205,Urban Areas,0.4710068621077633,263932.0,2020
213,Agricultural Land,0.48319200585914013,2374892.0,2020
213,Forest,0.6315940693881552,615189.0,2020
213,Grassland,0.5975002325564535,20717.0,2020
213,Unclassified,0.48115680991701965,51250.0,2020
213,Urban Areas,0.48371648362165576,677187.0,2020
221,Agricultural Land,0.5391806633958858,1546766.0,2020
221,Forest,0.6881989551188367,1495701.0,2020
221,Grassland,0.656063299188476,38748.0,2020
221,Unclassified,0.5975431199441185,21094.0,2020
221,Urban Areas,0.5432719857084418,639446.0,2020
230,Agricultural Land,0.5009244618544072,2633077.0,2020
230,Forest,0.6510460826633303,1936236.0,2020
230,Grassland,0.6073666209536887,54797.0,2020
230,Unclassified,0.54857339020179,49284.0,2020
230,Urban Areas,0.514035586297471,1057706.0,2020
248,Agricultural Land,0.5210951527973657,1109395.0,2020
248,Forest,0.6488623883946781,1679516.0,2020
248,Grassland,0.609035081570759,80615.0,2020
248,Unclassified,0.6058443091858826,12297.0,2020
248,Urban Areas,0.5153102983480332,228190.0,2020
256,Agricultural Land,0.5116248905451163,3009394.0,2020
256,Forest,0.6234941045264498,3941097.0,2020
256,Grassland,0.587181085128666,254849.0,2020
256,Unclassified,0.5833095994637465,43122.0,2020
256,Urban Areas,0.49356314960653663,565269.0,2020
264,Agricultural Land,0.5802087396722515,2293313.0,2020
264,Forest,0.670726743289964,1671299.0,2020
264,Grassland,0.6489124741377119,125413.0,2020
264,Unclassified,0.6143002664357806,20394.0,2020
264,Urban Areas,0.5691977953302192,245348.0,2020
272,Agricultural Land,0.491315766316136,4390400.0,2020
272,Forest,0.6500840830317985,3849328.0,2020
272,Grassland,0.6082102926648718,135061.0,2020
272,Unclassified,0.5687473046597518,65982.0,2020
272,Urban Areas,0.5078594872525116,469339.0,2020
281,Agricultural Land,0.6255979799807367,1871811.0,2020
281,Forest,0.6985199067527008,2118051.0,2020
281,Grassland,0.6695352260634624,93134.0,2020
281,Unclassified,0.6716310453765079,65637.0,2020
281,Urban Areas,0.597380639028149,212199.0,2020
299,Agricultural Land,0.5237819464469158,1550461.0,2020
299,Forest,0.6458132535170307,850435.0,2020
299,Grassland,0.6174957509843654,20622.0,2020
299,Unclassified,0.5273015305180482,15756.0,2020
299,Urban Areas,0.5049614488424379,141644.0,2020
302,Agricultural Land,0.5574764778429964,4428780.0,2020
302,Forest,0.6659433577905919,3145270.0,2020
302,Grassland,0.6412194311389708,87678.0,2020
302,Unclassified,0.5889058793610911,101954.0,2020
302,Urban Areas,0.5211800471126602,997825.0,2020
311,Agricultural Land,0.6668662476919427,1633960.0,2020
311,Forest,0.7132777887552806,2718824.0,2020
311,Grassland,0.6886398864688005,231168.0,2020
311,Unclassified,0.6882887414601295,53217.0,2020
311,Urban Areas,0.6080205885290048,165581.0,2020
329,Agricultural Land,0.6399537816907127,2965284.0,2020
329,Forest,0.6955234835237798,6532440.0,2020
329,Grassland,0.6721972560675354,745813.0,2020
329,Unclassified,0.6478974890205793,175711.0,2020
329,Urban Areas,0.5867240871174545,367698.0,2020
337,Agricultural Land,0.4803544886062019,2645251.0,2020
337,Forest,0.5655620519350141,1731024.0,2020
337,Grassland,0.5895359767108781,64572.0,2020
337,Unclassified,0.5766132041428353,28863.0,2020
337,Urban Areas,0.4763479367532692,174564.0,2020
345,Agricultural Land,0.5713328696334353,4072241.0,2020
345,Forest,0.6463634613582102,4065295.0,2020
345,Grassland,0.6406475413990991,252000.0,2020
345,Unclassified,0.6380835093186216,106079.0,2020
345,Urban Areas,0.5465351164596259,409644.0,2020
353,Agricultural Land,0.5835943652456157,1507767.0,2020
353,Forest,0.6616719379801145,2798934.0,2020
353,Grassland,0.641107821687317,175915.0,2020
353,Unclassified,0.6305319633724219,153597.0,2020
353,Urban Areas,0.5517396324181838,205161.0,2020
361,Agricultural Land,0.5626784466799131,1147501.0,2020
361,Forest,0.6431286890447887,855772.0,2020
361,Grassland,0.6589799282374895,64119.0,2020
361,Unclassified,0.6552744586950209,15334.0,2020
361,Urban Areas,0.5345730836429771,145488.0,2020
370,Agricultural Land,0.5465039500199929,1341492.0,2020
370,Forest,0.6321310356160812,804387.0,2020
370,Grassland,0.6514647706472366,60410.0,2020
370,Unclassified,0.6547742388542368,10180.0,2020
370,Urban Areas,0.5445035063759562,110139.0,2020
388,Agricultural Land,0.5458945752883149,4659033.0,2020
388,Forest,0.6377508816614824,2873287.0,2020
388,Grassland,0.6362928170719138,174290.0,2020
388,Unclassified,0.6238902565868522,46190.0,2020
388,Urban Areas,0.5373333011449924,407390.0,2020
396,Agricultural Land,0.5566301302771105,2080714.0,2020
396,Forest,0.6385535518145047,1407397.0,2020
396,Grassland,0.629266722357485,62937.0,2020
396,Unclassified,0.6158059112796148,14356.0,2020
396,Urban Areas,0.5423137044104942,172998.0,2020
400,Agricultural Land,0.5290813681803561,3752600.0,2020
400,Forest,0.6403051715540687,2876054.0,2020
400,Grassland,0.6077559374138427,101949.0,2020
400,Unclassified,0.5995926176786658,54793.0,2020
400,Urban Areas,0.5145173853700771,393223.0,2020
418,Agricultural Land,0.6031488221901038,2770293.0,2020
418,Forest,0.6702622821562049,4656576.0,2020
418,Grassland,0.6553390534099699,436372.0,2020
418,Unclassified,0.6294516356687873,180619.0,2020
418,Urban Areas,0.5690801617685431,295481.0,2020
426,Agricultural Land,0.6514671988732095,1118591.0,2020
426,Forest,0.6708895778608706,3528582.0,2020
426,Grassland,0.651462980109021,391788.0,2020
426,Unclassified,0.6464511878763611,135163.0,2020
426,Urban Areas,0.602611097617643,167372.0,2020
434,Agricultural Land,0.5277226252564511,1534225.0,2020
434,Forest,0.6163549553839113,843787.0,2020
434,Grassland,0.6091810848686838,100732.0,2020
434,Unclassified,0.6024998828876755,19036.0,2020
434,Urban Areas,0.5152637203841385,140140.0,2020
442,Agricultural Land,0.5498311155817212,3419331.0,2020
442,Forest,0.6432416194360316,1636248.0,2020
442,Grassland,0.6287058891051133,170226.0,2020
442,Unclassified,0.6023724731484429,44061.0,2020
442,Urban Areas,0.531509548906924,371345.0,2020
451,Agricultural Land,0.5410170066881291,1060944.0,2020
451,Forest,0.6413840728957517,516067.0,2020
451,Grassland,0.6079665905628086,25892.0,2020
451,Unclassified,0.5946142924661356,17355.0,2020
451,Urban Areas,0.5190280673778318,111066.0,2020
469,Agricultural Land,0.5172762393564286,1766528.0,2020
469,Forest,0.6292845236938437,976703.0,2020
469,Grassland,0.609158728688854,91549.0,2020
469,Unclassified,0.6220060656278095,68553.0,2020
469,Urban Areas,0.489579664056924,183106.0,2020
477,Agricultural Land,0.5508897507937826,5595059.0,2020
477,Forest,0.6536221634219955,3538938.0,2020
477,Grassland,0.6300696453900203,91457.0,2020
477,Unclassified,0.6095732629183992,73489.0,2020
477,Urban Areas,0.531404606303549,585023.0,2020
485,Agricultural Land,0.5664794550602282,3363742.0,2020
485,Forest,0.6798730392292824,3557246.0,2020
485,Grassland,0.660934896610254,276490.0,2020
485,Unclassified,0.6283677335472533,57008.0,2020
485,Urban Areas,0.5616189874884431,326587.0,2020
493,Agricultural Land,0.4981880223801878,1798449.0,2020
493,Forest,0.6161352335095931,879352.0,2020
493,Grassland,0.5918476409307031,35640.0,2020
493,Unclassified,0.6143635987166028,13209.0,2020
493,Urban Areas,0.4941537809842273,137731.0,2020
507,Agricultural Land,0.5900659820076377,428701.0,2020
507,Forest,0.6519513156991547,774802.0,2020
507,Grassland,0.6314469807287684,90569.0,2020
507,Unclassified,0.6517284108153154,17776.0,2020
507,Urban Areas,0.5694457232309373,82441.0,2020
515,Agricultural Land,0.5237908066285155,2334288.0,2020
515,Forest,0.6484823542407372,1666498.0,2020
515,Grassland,0.6096947616549139,400869.0,2020
515,Unclassified,0.5288023242992992,93906.0,2020
515,Urban Areas,0.5117428373856785,293535.0,2020
523,Agricultural Land,0.6529133151960967,1092577.0,2020
523,Forest,0.7134794607204081,2174779.0,2020
523,Grassland,0.6886706389060185,525255.0,2020
523,Unclassified,0.71179061783077,49767.0,2020
523,Urban Areas,0.6362302049859867,162516.0,2020
531,Agricultural Land,0.6129002567258126,2845906.0,2020
531,Forest,0.6951685099785517,5766744.0,2020
531,Grassland,0.6546865443808741,2308780.0,2020
531,Unclassified,0.6397692702159647,127976.0,2020
531,Urban Areas,0.5932421653529533,538036.0,2020
540,Agricultural Land,0.5849689477703144,321685.0,2020
540,Forest,0.6794231508613949,2230280.0,2020
540,Grassland,0.6257208205213491,506267.0,2020
540,Unclassified,0.6216806932400764,105130.0,2020
540,Urban Areas,0.5670337482197872,169361.0,2020
558,Agricultural Land,0.5421779670463379,1487421.0,2020
558,Forest,0.6323496786435977,770208.0,2020
558,Grassland,0.6133148593755278,103437.0,2020
558,Unclassified,0.5678548232412781,21301.0,2020
558,Urban Areas,0.5151430704689473,133524.0,2020
566,Agricultural Land,0.5863867171644627,3896184.0,2020
566,Forest,0.6765659679079877,4110703.0,2020
566,Grassland,0.6597308244237989,474701.0,2020
566,Unclassified,0.6431251051827762,69082.0,2020
566,Urban Areas,0.5721774138671681,443701.0,2020
574,Agricultural Land,0.6382371881107902,2049334.0,2020
574,Forest,0.6707900834741277,4832314.0,2020
574,Grassland,0.6633021044258014,479456.0,2020
574,Unclassified,0.6558258712756766,152008.0,2020
574,Urban Areas,0.6173533057345227,251939.0,2020
582,Agricultural Land,0.4637430316340995,980052.0,2020
582,Forest,0.6085333008475413,812765.0,2020
582,Grassland,0.5740712838834422,57180.0,2020
582,Unclassified,0.4981979937312481,41766.0,2020
582,Urban Areas,0.42120614509591275,695502.0,2020
591,Agricultural Land,0.5333882961802346,1100218.0,2020
591,Forest,0.6478961901743137,917616.0,2020
591,Grassland,0.6161694386902853,90612.0,2020
591,Unclassified,0.6239180810611296,13205.0,2020
591,Urban Areas,0.5444662416866867,153889.0,2020
604,Agricultural Land,0.5564995697698573,1512315.0,2020
604,Forest,0.6529892462252328,1207857.0,2020
604,Grassland,0.6390580521366066,151044.0,2020
604,Unclassified,0.6435514483337819,15933.0,2020
604,Urban Areas,0.5619445554288909,158772.0,2020
612,Agricultural Land,0.4823639465278059,1438670.0,2020
612,Forest,0.6021339197171859,952002.0,2020
612,Grassland,0.5489622388135816,73539.0,2020
612,Unclassified,0.5818024262502545,18037.0,2020
612,Urban Areas,0.46348397993124796,215018.0,2020
621,Agricultural Land,0.43611402950853356,1385659.0,2020
621,Forest,0.5819469719922028,902266.0,2020
621,Grassland,0.5367532712985872,66976.0,2020
621,Unclassified,0.4999049944356294,30506.0,2020
621,Urban Areas,0.43537834010337023,190974.0,2020
639,Agricultural Land,0.5456140615799786,2763258.0,2020
639,Forest,0.6625444594382758,3243504.0,2020
639,Grassland,0.6446405140523932,243561.0,2020
639,Unclassified,0.5685111362893063,63635.0,2020
639,Urban Areas,0.5468718083311757,254442.0,2020
647,Agricultural Land,0.4878427159600068,2999915.0,2020
647,Forest,0.6180098383609813,2532965.0,2020
647,Grassland,0.630216026408839,136232.0,2020
647,Unclassified,0.5236148288293542,70067.0,2020
647,Urban Areas,0.48305160470438235,481367.0,2020
655,Agricultural Land,0.5473155891799492,2350027.0,2020
655,Forest,0.6662675691307716,3485660.0,2020
655,Grassland,0.6248135575114788,178636.0,2020
655,Unclassified,0.6074202088522523,45202.0,2020
655,Urban Areas,0.5463894341333915,444226.0,2020
663,Agricultural Land,0.6183352944252386,276609.0,2020
663,Forest,0.6769489254604608,1879990.0,2020
663,Grassland,0.6435720474867256,335106.0,2020
663,Unclassified,0.6523859417540927,68788.0,2020
663,Urban Areas,0.5913767990966637,69720.0,2020
671,Agricultural Land,0.6275980420794258,963133.0,2020
671,Forest,0.6904701547406185,2631544.0,2020
671,Grassland,0.684873905282782,464728.0,2020
671,Unclassified,0.4615647266078668,294426.0,2020
671,Urban Areas,0.5414384468129003,434409.0,2020
680,Agricultural Land,0.5085661193780684,2050108.0,2020
680,Forest,0.6151349126440153,1918266.0,2020
680,Grassland,0.6185849508794181,100084.0,2020
680,Unclassified,0.6265453133127796,28093.0,2020
680,Urban Areas,0.48954841451038533,179478.0,2020
698,Agricultural Land,0.5905198241605245,3641816.0,2020
698,Forest,0.671504683165759,4880391.0,2020
698,Grassland,0.655629626466273,372361.0,2020
698,Unclassified,0.657137451686784,117685.0,2020
698,Urban Areas,0.5625116618920654,327499.0,2020
701,Agricultural Land,0.5685277026658513,441216.0,2020
701,Forest,0.6465694341071058,1162023.0,2020
701,Grassland,0.6138537516875326,249422.0,2020
701,Unclassified,0.6296087676491087,19043.0,2020
701,Urban Areas,0.5535909523455119,125062.0,2020
710,Agricultural Land,0.5646741770292051,2727003.0,2020
710,Forest,0.6673075434238189,4629181.0,2020
710,Grassland,0.6309449259777513,643504.0,2020
710,Unclassified,0.6456155548444337,166145.0,2020
710,Urban Areas,0.542594693711865,445083.0,2020
728,Agricultural Land,0.6231302728294702,1252683.0,2020
728,Forest,0.6608585910277852,3192539.0,2020
728,Grassland,0.6520327555827181,529704.0,2020
728,Unclassified,0.601704350117444,228393.0,2020
728,Urban Areas,0.5597165711624783,319440.0,2020
736,Agricultural Land,0.621302240236955,830281.0,2020
736,Forest,0.679070382141492,1342885.0,2020
736,Grassland,0.6529716738477508,184681.0,2020
736,Unclassified,0.6427687784075323,81346.0,2020
736,Urban Areas,0.5939381944320249,184952.0,2020
744,Agricultural Land,0.643003499079227,175556.0,2020
744,Forest,0.7010122594336801,460759.0,2020
744,Grassland,0.6640544345466359,124246.0,2020
744,Unclassified,0.6691957356722518,10514.0,2020
744,Urban Areas,0.5689471134534075,104299.0,2020
752,Agricultural Land,0.41054062041020767,1398023.0,2020
752,Forest,0.6385018638195497,2203219.0,2020
752,Grassland,0.6021921937510708,293803.0,2020
752,Unclassified,0.4118583087078438,427547.0,2020
752,Urban Areas,0.46160027119252217,409947.0,2020
761,Agricultural Land,0.470843920974625,1453672.0,2020
761,Forest,0.632772175075467,2015721.0,2020
761,Grassland,0.5898577710269215,568621.0,2020
761,Unclassified,0.5244481305053535,89295.0,2020
761,Urban Areas,0.5019623701709296,257739.0,2020
779,Agricultural Land,0.6199989808650531,296361.0,2020
779,Forest,0.6689589370443486,942209.0,2020
779,Grassland,0.6437395134492189,119365.0,2020
779,Unclassified,0.623007108963459,17976.0,2020
779,Urban Areas,0.5529229962894221,168940.0,2020
787,Agricultural Land,0.6474452397493883,164385.0,2020
787,Forest,0.6671666525497073,1474339.0,2020
787,Grassland,0.6634594893680298,129077.0,2020
787,Unclassified,0.6336752711754914,31039.0,2020
787,Urban Areas,0.5994665222377682,99602.0,2020
795,Agricultural Land,0.6523166544755207,217774.0,2020
795,Forest,0.7091621445371142,384258.0,2020
795,Grassland,0.6732892997104425,65639.0,2020
795,Unclassified,0.668551393418624,9752.0,2020
795,Urban Areas,0.6224501746790226,62157.0,2020
809,Agricultural Land,0.6256739378594561,1173806.0,2020
809,Forest,0.6949498561221092,1872271.0,2020
809,Grassland,0.661497961275119,199069.0,2020
809,Unclassified,0.6493604932959388,40323.0,2020
809,Urban Areas,0.6208217423410262,197355.0,2020
817,Agricultural Land,0.5998458679104914,1717060.0,2020
817,Forest,0.6920016474202513,2785999.0,2020
817,Grassland,0.6451027460681836,478717.0,2020
817,Unclassified,0.6256361944903954,53676.0,2020
817,Urban Areas,0.5576718273900779,726940.0,2020
825,Agricultural Land,0.4930995187532947,2611316.0,2020
825,Forest,0.618405639617947,1406707.0,2020
825,Grassland,0.5698135413019593,216482.0,2020
825,Unclassified,0.4319610822824032,84751.0,2020
825,Urban Areas,0.47659631004945446,357409.0,2020
833,Agricultural Land,0.47218085544872596,1702309.0,2020
833,Forest,0.605114208830344,584814.0,2020
833,Grassland,0.5258094782769098,56845.0,2020
833,Unclassified,0.3988460165462135,45856.0,2020
833,Urban Areas,0.45240027017860496,221037.0,2020
841,Agricultural Land,0.4638457067438644,2254919.0,2020
841,Forest,0.6163930618020513,440273.0,2020
841,Grassland,0.5456376666346859,28137.0,2020
841,Unclassified,0.4260593392535061,48030.0,2020
841,Urban Areas,0.4710530808248408,212034.0,2020
850,Agricultural Land,0.41637864997048496,3377878.0,2020
850,Forest,0.5811457320232916,901274.0,2020
850,Grassland,0.4137754393791863,66741.0,2020
850,Unclassified,0.4971113695827425,41131.0,2020
850,Urban Areas,0.42070014518492027,318799.0,2020
868,Agricultural Land,0.437361607115237,2046142.0,2020
868,Forest,0.5984323936295881,1006203.0,2020
868,Grassland,0.5358506550167449,170869.0,2020
868,Unclassified,0.4840332736213702,19220.0,2020
868,Urban Areas,0.4343311989966164,146503.0,2020
876,Agricultural Land,0.3778051908116754,2076991.0,2020
876,Forest,0.5640678249586274,703620.0,2020
876,Grassland,0.4217681090650335,40818.0,2020
876,Unclassified,0.3947281644359657,34610.0,2020
876,Urban Areas,0.3640412322125111,213568.0,2020
884,Agricultural Land,0.5211655051888601,220292.0,2020
884,Forest,0.6178315104437733,1624530.0,2020
884,Grassland,0.5998124515184077,131155.0,2020
884,Unclassified,0.4208882849807651,120528.0,2020
884,Urban Areas,0.45635896032495726,211521.0,2020
892,Agricultural Land,0.38389796619912,1081454.0,2020
892,Forest,0.5360096689282171,531707.0,2020
892,Grassland,0.4407692186406689,78872.0,2020
892,Unclassified,0.36099017760185687,233009.0,2020
892,Urban Areas,0.42552334240110845,324154.0,2020
906,Agricultural Land,0.47025060500614885,454409.0,2020
906,Forest,0.5769748399764266,492331.0,2020
906,Grassland,0.49185650963573097,24299.0,2020
906,Unclassified,0.340940563053634,125789.0,2020
906,Urban Areas,0.43222843060501254,130303.0,2020
914,Agricultural Land,0.47044412805553715,836744.0,2020
914,Forest,0.5962910674436588,1802720.0,2020
914,Grassland,0.5725221452172659,277139.0,2020
914,Unclassified,0.4081589186273391,101681.0,2020
914,Urban Areas,0.4373259409182217,385303.0,2020
922,Agricultural Land,0.5498080767579714,910947.0,2020
922,Forest,0.6253711858160976,1896908.0,2020
922,Grassland,0.5889222591370176,558114.0,2020
922,Unclassified,0.4872719919919628,73004.0,2020
922,Urban Areas,0.5032721609642574,560113.0,2020
931,Agricultural Land,0.5275815623326496,1813735.0,2020
931,Forest,0.6330616189634225,1130421.0,2020
931,Grassland,0.6137158566895362,109236.0,2020
931,Unclassified,0.6197893373829237,23271.0,2020
931,Urban Areas,0.5176026097339373,174478.0,2020
949,Agricultural Land,0.5278919871613461,3992003.0,2020
949,Forest,0.6091443639202053,1859833.0,2020
949,Grassland,0.626596487018326,82317.0,2020
949,Unclassified,0.6095027821615808,46341.0,2020
949,Urban Areas,0.5154118661793593,407164.0,2020
957,Agricultural Land,0.5566041782976013,1432889.0,2020
957,Forest,0.6344253212233019,1213372.0,2020
957,Grassland,0.6437479440236095,40295.0,2020
957,Unclassified,0.6422668439624047,24599.0,2020
957,Urban Areas,0.55612649464931,151848.0,2020
965,Agricultural Land,0.4762900225494777,4288252.0,2020
965,Forest,0.5910067938354553,1326849.0,2020
965,Grassland,0.5596790086870839,70382.0,2020
965,Unclassified,0.5154268302227198,68039.0,2020
965,Urban Areas,0.45757331336987317,923696.0,2020
973,Agricultural Land,0.47759694731869407,1519590.0,2020
973,Forest,0.626361816333915,377831.0,2020
973,Grassland,0.5645912254932299,60284.0,2020
973,Unclassified,0.5838564089648003,9433.0,2020
973,Urban Areas,0.4707381848964042,157574.0,2020
981,Agricultural Land,0.5019637347111353,4232153.0,2020
981,Forest,0.6255036974974748,2342369.0,2020
981,Grassland,0.6031869326848288,119421.0,2020
981,Unclassified,0.5369771973223686,62500.0,2020
981,Urban Areas,0.4984418299919144,640712.0,2020
990,Agricultural Land,0.5710023045551553,1121033.0,2020
990,Forest,0.6583114963565265,1041586.0,2020
990,Grassland,0.6428983775400627,113777.0,2020
990,Unclassified,0.6379571528474304,20737.0,2020
990,Urban Areas,0.5533127369601192,142590.0,2020
1007,Agricultural Land,0.5261360846995421,1254322.0,2020
1007,Forest,0.6364533565548443,461900.0,2020
1007,Grassland,0.603654052105052,43490.0,2020
1007,Unclassified,0.6101490659368347,8870.0,2020
1007,Urban Areas,0.5070694366568358,150161.0,2020
1015,Agricultural Land,0.5151322294324271,3870892.0,2020
1015,Forest,0.6323736799436204,1454038.0,2020
1015,Grassland,0.6023516676438692,152687.0,2020
1015,Unclassified,0.5629540151410699,41798.0,2020
1015,Urban Areas,0.503922591803305,391303.0,2020
1023,Agricultural Land,0.5760237655733851,445945.0,2020
1023,Forest,0.6497223868676738,388847.0,2020
1023,Grassland,0.623326756586893,46194.0,2020
1023,Unclassified,0.6510822510945344,3006.0,2020
1023,Urban Areas,0.5448773124552261,84202.0,2020
1031,Agricultural Land,0.537630674247524,1237109.0,2020
1031,Forest,0.613045224618294,1002281.0,2020
1031,Grassland,0.5981774178962141,216009.0,2020
1031,Unclassified,0.5773529180271723,18680.0,2020
1031,Urban Areas,0.5409528760758495,109904.0,2020
1040,Agricultural Land,0.4534318599785573,956242.0,2020
1040,Forest,0.5706730045326512,201196.0,2020
1040,Grassland,0.543540543346795,35557.0,2020
1040,Unclassified,0.5636899856490983,12258.0,2020
1040,Urban Areas,0.4492416260971772,141153.0,2020
1058,Agricultural Land,0.5212612598876659,598275.0,2020
1058,Forest,0.6465630649594266,210727.0,2020
1058,Grassland,0.6300502255423729,33496.0,2020
1058,Unclassified,0.6413342105286359,10578.0,2020
1058,Urban Areas,0.5171744898109113,81327.0,2020
1066,Agricultural Land,0.5414162986335744,1624523.0,2020
1066,Forest,0.6279805464156237,1306873.0,2020
1066,Grassland,0.6180337207675645,265633.0,2020
1066,Unclassified,0.629532333554256,20672.0,2020
1066,Urban Areas,0.5304056780271637,308672.0,2020
1074,Agricultural Land,0.4656957174371597,1029866.0,2020
1074,Forest,0.5652705221160752,889216.0,2020
1074,Grassland,0.5222176106788414,38197.0,2020
1074,Unclassified,0.5206784498633021,10386.0,2020
1074,Urban Areas,0.4591000580275588,153263.0,2020
1082,Agricultural Land,0.45010357996835926,2434905.0,2020
1082,Forest,0.580816062200404,730610.0,2020
1082,Grassland,0.5140205249192346,36969.0,2020
1082,Unclassified,0.5138881832482984,58252.0,2020
1082,Urban Areas,0.43914492202370886,726743.0,2020
1091,Agricultural Land,0.527794544343095,1279999.0,2020
1091,Forest,0.6416947683228241,935938.0,2020
1091,Grassland,0.608125360220934,29888.0,2020
1091,Unclassified,0.5308442122765334,36241.0,2020
1091,Urban Areas,0.5096452729411076,243340.0,2020
1104,Agricultural Land,0.5388699883298671,1454265.0,2020
1104,Forest,0.6719050264420939,940204.0,2020
1104,Grassland,0.6497320940224133,205553.0,2020
1104,Unclassified,0.6500369450227393,14717.0,2020
1104,Urban Areas,0.5509405003309966,162309.0,2020
1112,Agricultural Land,0.5180572047499847,833212.0,2020
1112,Forest,0.5926472825838768,1091796.0,2020
1112,Grassland,0.580389661154107,85964.0,2020
1112,Unclassified,0.5612557689881986,34323.0,2020
1112,Urban Areas,0.4969791287177227,170573.0,2020
1121,Agricultural Land,0.5383538115800564,2018655.0,2020
1121,Forest,0.6427320184881301,2069907.0,2020
1121,Grassland,0.627019556016892,402660.0,2020
1121,Unclassified,0.6181070426267568,35497.0,2020
1121,Urban Areas,0.5196269985643583,255745.0,2020
1139,Agricultural Land,0.6251963867297677,798531.0,2020
1139,Forest,0.6903558406772066,1376400.0,2020
1139,Grassland,0.6709401879836645,422816.0,2020
1139,Unclassified,0.6391468087996333,22990.0,2020
1139,Urban Areas,0.6176550647871724,159296.0,2020
1147,Agricultural Land,0.6310722302198861,985553.0,2020
1147,Forest,0.7175885028625152,873436.0,2020
1147,Grassland,0.695827010824719,248554.0,2020
1147,Unclassified,0.6270763348702033,23654.0,2020
1147,Urban Areas,0.612351326314383,165962.0,2020
1155,Agricultural Land,0.5702188828081147,1197144.0,2020
1155,Forest,0.6814721332721012,766559.0,2020
1155,Grassland,0.6483430584036902,100336.0,2020
1155,Unclassified,0.6676392986279376,28652.0,2020
1155,Urban Areas,0.5574824337887385,219637.0,2020
1163,Agricultural Land,0.51315992040569,2171985.0,2020
1163,Forest,0.6108744035589752,895628.0,2020
1163,Grassland,0.6151088355586594,78446.0,2020
1163,Unclassified,0.5687266361589531,10393.0,2020
1163,Urban Areas,0.527833890793117,205362.0,2020
1171,Agricultural Land,0.5321466644471837,2020195.0,2020
1171,Forest,0.6241639100015035,1797549.0,2020
1171,Grassland,0.6091982443910555,127815.0,2020
1171,Unclassified,0.5673851783312119,20992.0,2020
1171,Urban Areas,0.5310429126000024,190700.0,2020
1180,Agricultural Land,0.5298689767180428,1447656.0,2020
1180,Forest,0.6211786061027033,1025742.0,2020
1180,Grassland,0.6208062885986384,81590.0,2020
1180,Unclassified,0.5961059584476949,10356.0,2020
1180,Urban Areas,0.5279400292061347,145763.0,2020
1198,Agricultural Land,0.4992191123219823,1943411.0,2020
1198,Forest,0.6298762274094952,1246562.0,2020
1198,Grassland,0.6059615369227749,90528.0,2020
1198,Unclassified,0.610777716846516,7822.0,2020
1198,Urban Areas,0.5034405313339135,204833.0,2020
1201,Agricultural Land,0.5252085178034291,1288922.0,2020
1201,Forest,0.6214920334175543,1011406.0,2020
1201,Grassland,0.6083339424081116,67845.0,2020
1201,Unclassified,0.5999242694426168,13287.0,2020
1201,Urban Areas,0.5230012806321864,182598.0,2020
1210,Agricultural Land,0.6135905569951916,1723529.0,2020
1210,Forest,0.6659760927979879,3296186.0,2020
1210,Grassland,0.6354621160396436,519436.0,2020
1210,Unclassified,0.608229753724252,48254.0,2020
1210,Urban Areas,0.5850292500183119,351874.0,2020
1228,Agricultural Land,0.5953866544928245,730127.0,2020
1228,Forest,0.661766247880095,1632530.0,2020
1228,Grassland,0.6142947073797522,354359.0,2020
1228,Unclassified,0.5504142663001771,55789.0,2020
1228,Urban Areas,0.5635177271450086,156127.0,2020
1236,Agricultural Land,0.6448531303824783,574668.0,2020
1236,Forest,0.6778767163573933,770556.0,2020
1236,Grassland,0.6645443635258118,156408.0,2020
1236,Unclassified,0.6806134737923933,8945.0,2020
1236,Urban Areas,0.6185441576769408,70669.0,2020
1244,Agricultural Land,0.5980070941971101,1366615.0,2020
1244,Forest,0.6993880838339942,1012206.0,2020
1244,Grassland,0.6652998549389154,196116.0,2020
1244,Unclassified,0.6402377712344328,15343.0,2020
1244,Urban Areas,0.6005061707001521,150600.0,2020
1252,Agricultural Land,0.505138802244449,1785647.0,2020
1252,Forest,0.5820745764473125,666843.0,2020
1252,Grassland,0.5810846140348128,91269.0,2020
1252,Unclassified,0.5684491022851771,20670.0,2020
1252,Urban Areas,0.4855249330832637,221712.0,2020
1261,Agricultural Land,0.5933916597537043,1346321.0,2020
1261,Forest,0.6774981945524302,1019527.0,2020
1261,Grassland,0.6532153986842612,216998.0,2020
1261,Unclassified,0.6189121352429398,24791.0,2020
1261,Urban Areas,0.5764139589671445,193618.0,2020
1279,Agricultural Land,0.5761777381394365,257228.0,2020
1279,Forest,0.6720457415060815,404602.0,2020
1279,Grassland,0.6424917602047687,35226.0,2020
1279,Unclassified,0.652243730364819,3126.0,2020
1279,Urban Areas,0.5538702084019135,94728.0,2020
1287,Agricultural Land,0.5753013984934162,823811.0,2020
1287,Forest,0.6617045622136706,721116.0,2020
1287,Grassland,0.6410345246221156,191267.0,2020
1287,Unclassified,0.6424035655396363,12544.0,2020
1287,Urban Areas,0.5629876485808618,151846.0,2020
1295,Agricultural Land,0.5122125085991293,1076352.0,2020
1295,Forest,0.628577309760713,1986566.0,2020
1295,Grassland,0.6075170204749999,116639.0,2020
1295,Unclassified,0.5943094485735428,20736.0,2020
1295,Urban Areas,0.49478809099553156,299768.0,2020
1309,Agricultural Land,0.5237683723042801,2387583.0,2020
1309,Forest,0.6026279888035303,2204448.0,2020
1309,Grassland,0.5990516534035815,131907.0,2020
1309,Unclassified,0.5494918406848595,21670.0,2020
1309,Urban Areas,0.494408311312028,334442.0,2020
1317,Agricultural Land,0.472747926696166,511181.0,2020
1317,Forest,0.615576507347328,747127.0,2020
1317,Grassland,0.5524524767118927,7913.0,2020
1317,Unclassified,0.4644486327051843,27068.0,2020
1317,Urban Areas,0.42547427292748546,981063.0,2020
1325,Agricultural Land,0.4855536635057544,855565.0,2020
1325,Forest,0.6176963355553414,676898.0,2020
1325,Grassland,0.5722961508124383,18918.0,2020
1325,Unclassified,0.5945012036846965,19450.0,2020
1325,Urban Areas,0.45972211704327365,148707.0,2020
1333,Agricultural Land,0.4897000940185255,322485.0,2020
1333,Forest,0.6166937842873311,303657.0,2020
1333,Grassland,0.5605727484016185,6629.0,2020
1333,Unclassified,0.5311807859430863,5484.0,2020
1333,Urban Areas,0.48501277842894003,130967.0,2020
1341,Agricultural Land,0.4748803612615989,701143.0,2020
1341,Forest,0.6049508039444711,862729.0,2020
1341,Grassland,0.6188554073800775,8416.0,2020
1341,Unclassified,0.576466634961283,5687.0,2020
1341,Urban Areas,0.45807971792151897,163682.0,2020
1350,Agricultural Land,0.5278579314858732,1302143.0,2020
1350,Forest,0.6356300428045272,1719999.0,2020
1350,Grassland,0.6229905932544052,114441.0,2020
1350,Unclassified,0.5908837162567535,27488.0,2020
1350,Urban Areas,0.5201372752352507,250371.0,2020
1368,Agricultural Land,0.4852365966283308,1513732.0,2020
1368,Forest,0.6448790124100671,1412544.0,2020
1368,Grassland,0.6201134136156613,19453.0,2020
1368,Unclassified,0.4700885729987049,38509.0,2020
1368,Urban Areas,0.46030863430642016,438324.0,2020
1376,Agricultural Land,0.489985857534774,1474785.0,2020
1376,Forest,0.6191155606553861,168464.0,2020
1376,Grassland,0.5388541678479145,22900.0,2020
1376,Unclassified,0.4600574487674164,38565.0,2020
1376,Urban Areas,0.4422981678532869,229744.0,2020
1384,Agricultural Land,0.5181256639225269,2495214.0,2020
1384,Forest,0.6587805621177665,1244806.0,2020
1384,Grassland,0.6204853424241161,82270.0,2020
1384,Unclassified,0.6298026891512183,109490.0,2020
1384,Urban Areas,0.46859449843662737,347795.0,2020
1392,Agricultural Land,0.4824005500604695,2602492.0,2020
1392,Forest,0.606263876458056,518471.0,2020
1392,Grassland,0.5393102609861219,37286.0,2020
1392,Unclassified,0.5667752267711716,20325.0,2020
1392,Urban Areas,0.44522067350744715,276975.0,2020
1406,Agricultural Land,0.4905230046025582,1587707.0,2020
1406,Forest,0.6012639020841823,450329.0,2020
1406,Grassland,0.527866411131327,30270.0,2020
1406,Unclassified,0.5557377161165034,29773.0,2020
1406,Urban Areas,0.45078161006151546,145785.0,2020
1414,Agricultural Land,0.49330704840836914,1405127.0,2020
1414,Forest,0.6292080963251847,240077.0,2020
1414,Grassland,0.6155530060992992,1073.0,2020
1414,Unclassified,0.5772419393042455,29600.0,2020
1414,Urban Areas,0.45430129938430164,138136.0,2020
1422,Agricultural Land,0.6149726888716646,531189.0,2020
1422,Forest,0.6814246081250703,994351.0,2020
1422,Grassland,0.6483636612143697,146083.0,2020
1422,Unclassified,0.6712739746508218,6728.0,2020
1422,Urban Areas,0.5496195796301888,97656.0,2020
1431,Agricultural Land,0.5379593682768787,555991.0,2020
1431,Forest,0.673018276427498,303851.0,2020
1431,Grassland,0.618740049447417,20249.0,2020
1431,Unclassified,0.49740958043437145,16417.0,2020
1431,Urban Areas,0.5009641944382471,198886.0,2020
1449,Agricultural Land,0.606817701558812,763222.0,2020
1449,Forest,0.6642597302453443,1428841.0,2020
1449,Grassland,0.6410143408175019,266271.0,2020
1449,Unclassified,0.6560061331679108,10526.0,2020
1449,Urban Areas,0.5447358086234713,111261.0,2020
1457,Agricultural Land,0.6393479780532887,451412.0,2020
1457,Forest,0.6871211808097114,765812.0,2020
1457,Grassland,0.6605921062570029,113468.0,2020
1457,Unclassified,0.6636446518350647,5889.0,2020
1457,Urban Areas,0.5728462847134654,114997.0,2020
1465,Agricultural Land,0.5542205337234586,1136538.0,2020
1465,Forest,0.668048973539844,1725930.0,2020
1465,Grassland,0.6381676886689653,164979.0,2020
1465,Unclassified,0.6140814500143913,13416.0,2020
1465,Urban Areas,0.5128750222404532,451839.0,2020
1473,Agricultural Land,0.5105542231083979,1667134.0,2020
1473,Forest,0.6551948473613737,782967.0,2020
1473,Grassland,0.5940074289234312,38098.0,2020
1473,Unclassified,0.5890647267497402,32593.0,2020
1473,Urban Areas,0.4528253284942823,276067.0,2020
1481,Agricultural Land,0.4487925727496708,2770637.0,2020
1481,Forest,0.622772622678057,1509984.0,2020
1481,Grassland,0.5276261277416413,35584.0,2020
1481,Unclassified,0.5427385028304746,34734.0,2020
1481,Urban Areas,0.42008627193406567,334410.0,2020
1490,Agricultural Land,0.5369985780499195,1816952.0,2020
1490,Forest,0.7042664447286581,983118.0,2020
1490,Grassland,0.6433712060473963,357383.0,2020
1490,Unclassified,0.635266346340523,32764.0,2020
1490,Urban Areas,0.4926950303654266,216216.0,2020
1503,Agricultural Land,0.5314283929306021,4715628.0,2020
1503,Forest,0.5875933771776176,3273636.0,2020
1503,Grassland,0.6175110748391911,201301.0,2020
1503,Unclassified,0.5839890245100329,73533.0,2020
1503,Urban Areas,0.5087166544717764,693021.0,2020
1511,Agricultural Land,0.4906711134947059,1564460.0,2020
1511,Forest,0.5605093397885867,1056755.0,2020
1511,Grassland,0.5914214720887516,85962.0,2020
1511,Unclassified,0.5667309329894864,23221.0,2020
1511,Urban Areas,0.48628597196643236,122938.0,2020
1520,Agricultural Land,0.49102406424901746,550357.0,2020
1520,Forest,0.6450486574273157,918187.0,2020
1520,Grassland,0.642212629449853,69855.0,2020
1520,Unclassified,0.6229191104838085,6956.0,2020
1520,Urban Areas,0.48113250088786663,90834.0,2020
1538,Agricultural Land,0.49137286979075057,958587.0,2020
1538,Forest,0.6267974418654579,203545.0,2020
1538,Grassland,0.5944003968210861,20714.0,2020
1538,Unclassified,0.518703691172773,5505.0,2020
1538,Urban Areas,0.47175976343422615,134427.0,2020
1546,Agricultural Land,0.45317415041594816,3088318.0,2020
1546,Forest,0.6338426904585557,1357790.0,2020
1546,Grassland,0.5926946615522304,51130.0,2020
1546,Unclassified,0.5586847058884512,33941.0,2020
1546,Urban Areas,0.4394755762439813,393641.0,2020
1554,Agricultural Land,0.5109321592325787,1022071.0,2020
1554,Forest,0.6051097061555695,786433.0,2020
1554,Grassland,0.6081884407021126,36984.0,2020
1554,Unclassified,0.5787444928791929,5434.0,2020
1554,Urban Areas,0.5013069725152156,105218.0,2020
1562,Agricultural Land,0.43666888440957624,4117543.0,2020
1562,Forest,0.5704684937521237,1064065.0,2020
1562,Grassland,0.5590252713476799,67563.0,2020
1562,Unclassified,0.4837995843921381,21180.0,2020
1562,Urban Areas,0.4058891384013535,514036.0,2020
1571,Agricultural Land,0.4200705722435181,2762705.0,2020
1571,Forest,0.5240991377888068,1112524.0,2020
1571,Grassland,0.5228497553332079,29312.0,2020
1571,Unclassified,0.5113506661255877,15721.0,2020
1571,Urban Areas,0.4074020554478955,181517.0,2020
1589,Agricultural Land,0.4627863412360696,1123189.0,2020
1589,Forest,0.5825487610163542,787306.0,2020
1589,Grassland,0.5787907085434993,26194.0,2020
1589,Unclassified,0.5888123284961105,13625.0,2020
1589,Urban Areas,0.4483818170564143,110267.0,2020
1597,Agricultural Land,0.4832835358753443,5151677.0,2020
1597,Forest,0.567237959698502,2558589.0,2020
1597,Grassland,0.5859973336898319,61350.0,2020
1597,Unclassified,0.5808963616583336,37684.0,2020
1597,Urban Areas,0.45625634609466936,455936.0,2020
1601,Agricultural Land,0.5064412762401282,2774836.0,2020
1601,Forest,0.6699962796931982,1745428.0,2020
1601,Grassland,0.624769768801581,102910.0,2020
1601,Unclassified,0.5526748489037326,38566.0,2020
1601,Urban Areas,0.47236362858632464,451789.0,2020
1619,Agricultural Land,0.583367018474777,2078647.0,2020
1619,Forest,0.6890788777740801,1901582.0,2020
1619,Grassland,0.6556555040641238,457481.0,2020
1619,Unclassified,0.6417383567072716,16408.0,2020
1619,Urban Areas,0.5342640024390964,263188.0,2020
1627,Agricultural Land,0.40621165001009846,1115807.0,2020
1627,Forest,0.6157928859129815,435265.0,2020
1627,Grassland,0.4847886085109213,13079.0,2020
1627,Unclassified,0.504025546624104,5896.0,2020
1627,Urban Areas,0.40925746045604505,133163.0,2020
1635,Agricultural Land,0.4723692509293033,1061246.0,2020
1635,Forest,0.6076852396445398,318530.0,2020
1635,Grassland,0.5430134357999135,3738.0,2020
1635,Unclassified,0.5344364770944459,3971.0,2020
1635,Urban Areas,0.45818996485244856,183736.0,2020
1643,Agricultural Land,0.42755396228535053,2374686.0,2020
1643,Forest,0.601826606410681,2611720.0,2020
1643,Grassland,0.5827593365557001,42922.0,2020
1643,Unclassified,0.48620683389135017,26636.0,2020
1643,Urban Areas,0.40428115609506604,320709.0,2020
1651,Agricultural Land,0.4489023926465657,2458567.0,2020
1651,Forest,0.5948739090323134,787162.0,2020
1651,Grassland,0.5327160811471965,20114.0,2020
1651,Unclassified,0.5424655801334429,17971.0,2020
1651,Urban Areas,0.43461837064011455,181301.0,2020
1660,Agricultural Land,0.464580948982151,8138512.0,2020
1660,Forest,0.5822126790852479,3265671.0,2020
1660,Grassland,0.5362846381307707,101721.0,2020
1660,Unclassified,0.5646703067580047,91970.0,2020
1660,Urban Areas,0.45020162320703555,650428.0,2020
1678,Agricultural Land,0.5241813125540995,1662011.0,2020
1678,Forest,0.6026337699220832,1407589.0,2020
1678,Grassland,0.6014992376873884,160114.0,2020
1678,Unclassified,0.6059933606291139,20118.0,2020
1678,Urban Areas,0.5070230177338698,186220.0,2020
1686,Agricultural Land,0.5438051492072111,1427198.0,2020
1686,Forest,0.6140732673174858,1202937.0,2020
1686,Grassland,0.6130940694771412,100800.0,2020
1686,Unclassified,0.5976058221519563,20791.0,2020
1686,Urban Areas,0.5328887750256216,150605.0,2020
1694,Agricultural Land,0.4987596172579177,2695207.0,2020
1694,Forest,0.5563669630782825,1586179.0,2020
1694,Grassland,0.5879243165455381,44528.0,2020
1694,Unclassified,0.5441150259351558,23753.0,2020
1694,Urban Areas,0.45705271636965045,289658.0,2020
1708,Agricultural Land,0.5290922354531578,2112344.0,2020
1708,Forest,0.6135544205776688,2035178.0,2020
1708,Grassland,0.6272490122554408,106952.0,2020
1708,Unclassified,0.6038991959191451,35040.0,2020
1708,Urban Areas,0.5029535901147395,235367.0,2020
1716,Agricultural Land,0.679367286713258,2348961.0,2020
1716,Forest,0.7080164379965821,3239880.0,2020
1716,Grassland,0.7119631005475953,319514.0,2020
1716,Unclassified,0.691233284046096,36475.0,2020
1716,Urban Areas,0.6477644066674761,257941.0,2020
1724,Agricultural Land,0.6358731146683128,2277394.0,2020
1724,Forest,0.7102400218077384,2742464.0,2020
1724,Grassland,0.7155200635357118,408789.0,2020
1724,Unclassified,0.6883627142543368,26745.0,2020
1724,Urban Areas,0.6227143994932709,267211.0,2020
1732,Agricultural Land,0.6668536296935801,1073575.0,2020
1732,Forest,0.69255196819378,1826686.0,2020
1732,Grassland,0.6743110531331963,281161.0,2020
1732,Unclassified,0.6883109896784961,18180.0,2020
1732,Urban Areas,0.6374997993722755,119461.0,2020
1741,Agricultural Land,0.5907391029408808,1634196.0,2020
1741,Forest,0.6682821509770658,2193632.0,2020
1741,Grassland,0.6772414768789652,178627.0,2020
1741,Unclassified,0.6330414350453182,41859.0,2020
1741,Urban Areas,0.5642549196079163,702734.0,2020
1759,Agricultural Land,0.6614182975384356,400563.0,2020
1759,Forest,0.6374129281535865,2330769.0,2020
1759,Grassland,0.6627295449850782,217643.0,2020
1759,Unclassified,0.6569121751005735,23550.0,2020
1759,Urban Areas,0.6263738649475314,172632.0,2020
1767,Agricultural Land,0.6594113728378427,387390.0,2020
1767,Forest,0.683707791620441,1145108.0,2020
1767,Grassland,0.674547798363246,122583.0,2020
1767,Unclassified,0.686541586350985,12220.0,2020
1767,Urban Areas,0.6139717197842877,88369.0,2020
1775,Agricultural Land,0.6592619968074261,704149.0,2020
1775,Forest,0.6921017687056359,1271108.0,2020
1775,Grassland,0.6833924718234742,115591.0,2020
1775,Unclassified,0.6670251071092544,15705.0,2020
1775,Urban Areas,0.5752791862246119,234138.0,2020
1783,Agricultural Land,0.6254505404352865,301700.0,2020
1783,Forest,0.7130137781776855,138950.0,2020
1783,Grassland,0.6919039813260766,12759.0,2020
1783,Unclassified,0.6291507556910989,22321.0,2020
1783,Urban Areas,0.6140723069905321,213792.0,2020
1791,Agricultural Land,0.6338765841241986,317013.0,2020
1791,Forest,0.694872276818106,239325.0,2020
1791,Grassland,0.6926141886721123,5244.0,2020
1791,Unclassified,0.6396393292275482,12432.0,2020
1791,Urban Areas,0.5832729033227623,274811.0,2020
1805,Agricultural Land,0.6197519953347518,319117.0,2020
1805,Forest,0.6940789705861525,336596.0,2020
1805,Grassland,0.6709472711972149,6801.0,2020
1805,Unclassified,0.6279854433260782,38130.0,2020
1805,Urban Areas,0.5929766714224295,307246.0,2020
1813,Agricultural Land,0.6657838813138051,103855.0,2020
1813,Forest,0.7242343006261385,157989.0,2020
1813,Grassland,0.7075641595895885,2942.0,2020
1813,Unclassified,0.6489108788196847,6763.0,2020
1813,Urban Areas,0.6374123986959765,162764.0,2020
1821,Agricultural Land,0.6597130246079506,222892.0,2020
1821,Forest,0.7034196614818798,120157.0,2020
1821,Grassland,0.6973374786382013,8482.0,2020
1821,Unclassified,0.6344429054737158,3527.0,2020
1821,Urban Areas,0.564593761231982,85435.0,2020
1830,Agricultural Land,0.5291138695643176,1034342.0,2020
1830,Forest,0.6912285153331444,300177.0,2020
1830,Grassland,0.6359526315951655,61753.0,2020
1830,Unclassified,0.658256318975558,17111.0,2020
1830,Urban Areas,0.527649975771396,153229.0,2020
1848,Agricultural Land,0.6539215212394428,319463.0,2020
1848,Forest,0.6630338698091537,503321.0,2020
1848,Grassland,0.6775484754510764,65992.0,2020
1848,Unclassified,0.6705722342441348,6080.0,2020
1848,Urban Areas,0.5964438251877451,91157.0,2020
1856,Agricultural Land,0.5854662897774618,692596.0,2020
1856,Forest,0.6949531258387108,266870.0,2020
1856,Grassland,0.6883646664784541,39699.0,2020
1856,Unclassified,0.5765642659305646,13008.0,2020
1856,Urban Areas,0.5493552720500117,195292.0,2020
1864,Agricultural Land,0.5539554157136688,1626665.0,2020
1864,Forest,0.6922717769125223,702331.0,2020
1864,Grassland,0.6893280491534307,143062.0,2020
1864,Unclassified,0.6630434099347569,18968.0,2020
1864,Urban Areas,0.5468856186441123,243876.0,2020
1872,Agricultural Land,0.5723792984727032,1223972.0,2020
1872,Forest,0.7025494955895784,826441.0,2020
1872,Grassland,0.6585264277143936,40210.0,2020
1872,Unclassified,0.5363027216660334,19396.0,2020
1872,Urban Areas,0.5589673653175885,115823.0,2020
1881,Agricultural Land,0.4873211245733954,1309861.0,2020
1881,Forest,0.6219393203942148,896247.0,2020
1881,Grassland,0.6165505528700322,29051.0,2020
1881,Unclassified,0.5688950889674307,22159.0,2020
1881,Urban Areas,0.49090776296402466,199388.0,2020
1899,Agricultural Land,0.48154476900690096,3594268.0,2020
1899,Forest,0.6310859755953185,3283029.0,2020
1899,Grassland,0.6241172531728574,232143.0,2020
1899,Unclassified,0.5645280498656688,62983.0,2020
1899,Urban Areas,0.45654704860682266,827340.0,2020
1902,Agricultural Land,0.5200972872241921,1525119.0,2020
1902,Forest,0.6629699346611718,380602.0,2020
1902,Grassland,0.651102718437622,13621.0,2020
1902,Unclassified,0.6213756696444636,6399.0,2020
1902,Urban Areas,0.5199623906143718,139830.0,2020
1911,Agricultural Land,0.560144678649916,1835007.0,2020
1911,Forest,0.6555035588266999,1337236.0,2020
1911,Grassland,0.6712883632140185,96614.0,2020
1911,Unclassified,0.5931944031945287,17060.0,2020
1911,Urban Areas,0.507984583907808,195511.0,2020
1929,Agricultural Land,0.6052767590170176,851566.0,2020
1929,Forest,0.7313151764111349,501145.0,2020
1929,Grassland,0.6948840002099832,22530.0,2020
1929,Unclassified,0.65372829591671,20848.0,2020
1929,Urban Areas,0.6139475501985361,209348.0,2020
1937,Agricultural Land,0.5592177247987035,756114.0,2020
1937,Forest,0.6993858923192041,139139.0,2020
1937,Grassland,0.7032656320641184,14377.0,2020
1937,Unclassified,0.5918289480574885,7116.0,2020
1937,Urban Areas,0.5665929263541785,85728.0,2020
1945,Agricultural Land,0.5829579430503311,3386451.0,2020
1945,Forest,0.7409050797323415,1692957.0,2020
1945,Grassland,0.7099117257049752,70007.0,2020
1945,Unclassified,0.6769720738545059,35723.0,2020
1945,Urban Areas,0.5775751598796895,455416.0,2020
1953,Agricultural Land,0.6197298581011584,1385522.0,2020
1953,Forest,0.7272082157615315,1224381.0,2020
1953,Grassland,0.6840848356226971,79005.0,2020
1953,Unclassified,0.7162992139043927,16292.0,2020
1953,Urban Areas,0.605307262417134,101488.0,2020
1961,Agricultural Land,0.5693948700269428,1059552.0,2020
1961,Forest,0.6965396422834855,779401.0,2020
1961,Grassland,0.6644237306827914,54471.0,2020
1961,Unclassified,0.6256858277904912,61314.0,2020
1961,Urban Areas,0.5495939854893539,1314370.0,2020
1970,Agricultural Land,0.5149270959572368,1988815.0,2020
1970,Forest,0.657458780801892,950919.0,2020
1970,Grassland,0.6084770484598747,111370.0,2020
1970,Unclassified,0.49981716013159766,32207.0,2020
1970,Urban Areas,0.495060938405977,237608.0,2020
1988,Agricultural Land,0.46255631447008877,739383.0,2020
1988,Forest,0.6054210542466977,282878.0,2020
1988,Grassland,0.5795443998583665,28341.0,2020
1988,Unclassified,0.44588900146935306,18730.0,2020
1988,Urban Areas,0.429028663188556,109465.0,2020
1996,Agricultural Land,0.4617964384216408,2903780.0,2020
1996,Forest,0.6066764286489357,555501.0,2020
1996,Grassland,0.566928991900112,42157.0,2020
1996,Unclassified,0.5266519880137492,33571.0,2020
1996,Urban Areas,0.43869073882548343,402132.0,2020
2003,Agricultural Land,0.5262886686941434,953409.0,2020
2003,Forest,0.652764065921369,735659.0,2020
2003,Grassland,0.6175484693258599,36413.0,2020
2003,Unclassified,0.5620054870290403,13892.0,2020
2003,Urban Areas,0.5020251506886519,122803.0,2020
2011,Agricultural Land,0.6096147923851503,1219192.0,2020
2011,Forest,0.6991836378921189,1127123.0,2020
2011,Grassland,0.66677705851883,114950.0,2020
2011,Unclassified,0.630387463248248,20608.0,2020
2011,Urban Areas,0.5793837812471945,183256.0,2020
2020,Agricultural Land,0.6464010819789778,2157830.0,2020
2020,Forest,0.7025376456771,5206144.0,2020
2020,Grassland,0.6853884043092019,734316.0,2020
2020,Unclassified,0.6671191358378133,56579.0,2020
2020,Urban Areas,0.6131521648659043,406167.0,2020
2038,Agricultural Land,0.6555388802173054,334710.0,2020
2038,Forest,0.6611831217968183,1568487.0,2020
2038,Grassland,0.663440562592248,321799.0,2020
2038,Unclassified,0.668583743352461,14092.0,2020
2038,Urban Areas,0.5968623100497968,148311.0,2020
2046,Agricultural Land,0.5862372882206531,998636.0,2020
2046,Forest,0.6707086651802725,931863.0,2020
2046,Grassland,0.6632090662162055,123168.0,2020
2046,Unclassified,0.6515022877083846,18837.0,2020
2046,Urban Areas,0.5409837802656368,210579.0,2020
2054,Agricultural Land,0.6116241235356693,726132.0,2020
2054,Forest,0.6590296229215152,4427814.0,2020
2054,Grassland,0.6395270980354577,1136790.0,2020
2054,Unclassified,0.6359318706940724,35617.0,2020
2054,Urban Areas,0.54561343428297,276536.0,2020
2062,Agricultural Land,0.6532168957908546,1923316.0,2020
2062,Forest,0.7186828398480946,4559349.0,2020
2062,Grassland,0.7193433736478315,372736.0,2020
2062,Unclassified,0.6729030885359508,52085.0,2020
2062,Urban Areas,0.6448800314992452,263496.0,2020
19,Agricultural Land,0.5269415352842615,1361153.0,2021
19,Forest,0.623710737269173,789369.0,2021
19,Grassland,0.6101242133790612,44457.0,2021
19,Unclassified,0.3912500474679892,81862.0,2021
19,Urban Areas,0.4494347456708424,2643813.0,2021
27,Agricultural Land,0.5951514613356028,3383923.0,2021
27,Forest,0.6848107007781212,2614466.0,2021
27,Grassland,0.6797819264611501,127790.0,2021
27,Unclassified,0.6360463738512254,57258.0,2021
27,Urban Areas,0.5916016211458995,622546.0,2021
35,Agricultural Land,0.5698613383084277,2810698.0,2021
35,Forest,0.6500798216222827,1699173.0,2021
35,Grassland,0.6765387815694416,57771.0,2021
35,Unclassified,0.6613634830518494,26103.0,2021
35,Urban Areas,0.5676120775844035,248059.0,2021
43,Agricultural Land,0.6066549252488972,1745434.0,2021
43,Forest,0.6872292462845331,846442.0,2021
43,Grassland,0.6721422468737112,59820.0,2021
43,Unclassified,0.659435300248504,13095.0,2021
43,Urban Areas,0.6080023088248225,173877.0,2021
51,Agricultural Land,0.584873990315844,1593989.0,2021
51,Forest,0.6722923801980649,1913505.0,2021
51,Grassland,0.6475325468961001,185268.0,2021
51,Unclassified,0.5357784571117808,65797.0,2021
51,Urban Areas,0.5536628888427818,480627.0,2021
60,Agricultural Land,0.5578886825716468,1244382.0,2021
60,Forest,0.6319352876505248,1214144.0,2021
60,Grassland,0.6255824791693222,100932.0,2021
60,Unclassified,0.5929897953742336,13480.0,2021
60,Urban Areas,0.539612823687885,198080.0,2021
78,Agricultural Land,0.5554420361251177,1608299.0,2021
78,Forest,0.638309490782181,1252657.0,2021
78,Grassland,0.6104317344886914,55264.0,2021
78,Unclassified,0.5667997168606874,19256.0,2021
78,Urban Areas,0.5172245045201358,552279.0,2021
86,Agricultural Land,0.5376520756290963,2749492.0,2021
86,Forest,0.6200355089070104,534041.0,2021
86,Grassland,0.5947844993402026,20151.0,2021
86,Unclassified,0.5637731445042545,19649.0,2021
86,Urban Areas,0.5327704555853181,347662.0,2021
94,Agricultural Land,0.5457720719316944,4045008.0,2021
94,Forest,0.6690602896744505,1023423.0,2021
94,Grassland,0.6389300818147375,53787.0,2021
94,Unclassified,0.5775207559946721,71729.0,2021
94,Urban Areas,0.5280704919823868,572908.0,2021
108,Agricultural Land,0.5276784036220478,1199675.0,2021
108,Forest,0.6619697370956522,233438.0,2021
108,Grassland,0.6450713205949199,3547.0,2021
108,Unclassified,0.5964703647149878,8315.0,2021
108,Urban Areas,0.5334842989587761,181820.0,2021
116,Agricultural Land,0.5621278938766047,3713143.0,2021
116,Forest,0.6636491130708081,2072772.0,2021
116,Grassland,0.6662335265177468,81690.0,2021
116,Unclassified,0.6503647666610888,50570.0,2021
116,Urban Areas,0.5742013032088072,428262.0,2021
124,Agricultural Land,0.5893542916297112,1925070.0,2021
124,Forest,0.7013795195259837,541079.0,2021
124,Grassland,0.7043916001169466,21160.0,2021
124,Unclassified,0.6926885690738198,16603.0,2021
124,Urban Areas,0.5856308238404458,225115.0,2021
132,Agricultural Land,0.5572438566789591,825220.0,2021
132,Forest,0.664055005879773,180168.0,2021
132,Grassland,0.6296442877409674,8136.0,2021
132,Unclassified,0.45630000604933213,51603.0,2021
132,Urban Areas,0.5147128164040756,240766.0,2021
141,Agricultural Land,0.5518904840088986,2567638.0,2021
141,Forest,0.6885209923645977,1432295.0,2021
141,Grassland,0.6710058035926594,48769.0,2021
141,Unclassified,0.6039739576378247,87409.0,2021
141,Urban Areas,0.5450575728929021,410180.0,2021
159,Agricultural Land,0.524172521760828,739187.0,2021
159,Forest,0.6478597991765586,138708.0,2021
159,Grassland,0.6267148365374948,13025.0,2021
159,Unclassified,0.5210730630470075,37102.0,2021
159,Urban Areas,0.49406690157249467,184771.0,2021
167,Agricultural Land,0.5610813694496336,4810845.0,2021
167,Forest,0.6762733165491734,2383713.0,2021
167,Grassland,0.6410371385692037,164601.0,2021
167,Unclassified,0.6413139474743198,51636.0,2021
167,Urban Areas,0.5278707192540062,642120.0,2021
175,Agricultural Land,0.5835100753723304,1137358.0,2021
175,Forest,0.6812337580046126,732793.0,2021
175,Grassland,0.6803219539571564,67911.0,2021
175,Unclassified,0.6806798329844157,28465.0,2021
175,Urban Areas,0.5845849288105116,137045.0,2021
183,Agricultural Land,0.46757133802541706,839166.0,2021
183,Forest,0.616292823309723,333730.0,2021
183,Grassland,0.5648706305175251,37795.0,2021
183,Unclassified,0.5039250655296049,16463.0,2021
183,Urban Areas,0.4877921300277328,181702.0,2021
191,Agricultural Land,0.5372308062638023,2385873.0,2021
191,Forest,0.6590768451405681,749280.0,2021
191,Grassland,0.6406751603147903,18469.0,2021
191,Unclassified,0.5229780217473247,36165.0,2021
191,Urban Areas,0.5331911741652213,342075.0,2021
205,Agricultural Land,0.5176166905422204,2417541.0,2021
205,Forest,0.6681973563829541,683480.0,2021
205,Grassland,0.6487289151174662,50286.0,2021
205,Unclassified,0.6081014812827357,32419.0,2021
205,Urban Areas,0.5263304729161709,263932.0,2021
213,Agricultural Land,0.5358364193589715,2374892.0,2021
213,Forest,0.6451255919438359,615189.0,2021
213,Grassland,0.6263848898185463,20717.0,2021
213,Unclassified,0.4904082243064554,51250.0,2021
213,Urban Areas,0.5189076989372942,677187.0,2021
221,Agricultural Land,0.5470030264852178,1546766.0,2021
221,Forest,0.6532569872756905,1495701.0,2021
221,Grassland,0.6507736025673262,38748.0,2021
221,Unclassified,0.5915944733511862,21094.0,2021
221,Urban Areas,0.5450505293761232,639446.0,2021
230,Agricultural Land,0.5681186284190085,2633077.0,2021
230,Forest,0.6719992667177523,1936236.0,2021
230,Grassland,0.6529569870110948,54797.0,2021
230,Unclassified,0.5827564659269393,49284.0,2021
230,Urban Areas,0.5545838429020071,1057706.0,2021
248,Agricultural Land,0.5899931307727723,1109395.0,2021
248,Forest,0.6693084548249782,1679516.0,2021
248,Grassland,0.6587480559594828,80615.0,2021
248,Unclassified,0.6435545050943733,12297.0,2021
248,Urban Areas,0.571444391172259,228190.0,2021
256,Agricultural Land,0.5788431439589826,3009394.0,2021
256,Forest,0.6435419433057289,3941097.0,2021
256,Grassland,0.6327624474870188,254849.0,2021
256,Unclassified,0.6107958423142298,43122.0,2021
256,Urban Areas,0.5602490060731528,565269.0,2021
264,Agricultural Land,0.595045020820915,2293313.0,2021
264,Forest,0.6739403576846738,1671299.0,2021
264,Grassland,0.6644742962362344,125413.0,2021
264,Unclassified,0.628763791958795,20394.0,2021
264,Urban Areas,0.5879598991757078,245348.0,2021
272,Agricultural Land,0.533019422276866,4390400.0,2021
272,Forest,0.6185682761072352,3849328.0,2021
272,Grassland,0.6031006488913838,135061.0,2021
272,Unclassified,0.5595416320994127,65982.0,2021
272,Urban Areas,0.5293629291159304,469339.0,2021
281,Agricultural Land,0.5898642604296962,1871811.0,2021
281,Forest,0.6647403658709425,2118051.0,2021
281,Grassland,0.6346112903148582,93134.0,2021
281,Unclassified,0.6348077152575646,65637.0,2021
281,Urban Areas,0.569780244864907,212199.0,2021
299,Agricultural Land,0.5700994502878827,1550461.0,2021
299,Forest,0.6911334638195747,850435.0,2021
299,Grassland,0.670231463968748,20622.0,2021
299,Unclassified,0.5856538288282028,15756.0,2021
299,Urban Areas,0.5684687776653004,141644.0,2021
302,Agricultural Land,0.5480524532983925,4428780.0,2021
302,Forest,0.6464750121710163,3145270.0,2021
302,Grassland,0.6249723717083898,87678.0,2021
302,Unclassified,0.5810958987936937,101954.0,2021
302,Urban Areas,0.5077555590099885,997825.0,2021
311,Agricultural Land,0.6241057403287329,1633960.0,2021
311,Forest,0.684394152128517,2718824.0,2021
311,Grassland,0.6346347786133938,231168.0,2021
311,Unclassified,0.6667036909905371,53217.0,2021
311,Urban Areas,0.5774921470364164,165581.0,2021
329,Agricultural Land,0.6154663484633669,2965284.0,2021
329,Forest,0.6698400938607901,6532440.0,2021
329,Grassland,0.6466052874673824,745813.0,2021
329,Unclassified,0.6287761986142516,175711.0,2021
329,Urban Areas,0.5740201643476597,367698.0,2021
337,Agricultural Land,0.5082317039569765,2645251.0,2021
337,Forest,0.5724474883061679,1731024.0,2021
337,Grassland,0.5987312612970995,64572.0,2021
337,Unclassified,0.5837928726621251,28863.0,2021
337,Urban Areas,0.4993734679755436,174564.0,2021
345,Agricultural Land,0.5610077274650168,4072241.0,2021
345,Forest,0.6323834345484133,4065295.0,2021
345,Grassland,0.6245222893522845,252000.0,2021
345,Unclassified,0.6234707227267442,106079.0,2021
345,Urban Areas,0.5404910729007388,409644.0,2021
353,Agricultural Land,0.557208880378459,1507767.0,2021
353,Forest,0.6306165570813143,2798934.0,2021
353,Grassland,0.6034384260104291,175915.0,2021
353,Unclassified,0.6005212127189521,153597.0,2021
353,Urban Areas,0.5178150079708652,205161.0,2021
361,Agricultural Land,0.5543179137675528,1147501.0,2021
361,Forest,0.6207927795132336,855772.0,2021
361,Grassland,0.6476569142984558,64119.0,2021
361,Unclassified,0.6503690606797241,15334.0,2021
361,Urban Areas,0.5264911680429786,145488.0,2021
370,Agricultural Land,0.5271984060774918,1341492.0,2021
370,Forest,0.614651347623795,804387.0,2021
370,Grassland,0.6287258700397191,60410.0,2021
370,Unclassified,0.6251900446116339,10180.0,2021
370,Urban Areas,0.5225136317659409,110139.0,2021
388,Agricultural Land,0.5467456990339405,4659033.0,2021
388,Forest,0.6280733777917438,2873287.0,2021
388,Grassland,0.6315618163708381,174290.0,2021
388,Unclassified,0.6172361154958499,46190.0,2021
388,Urban Areas,0.5419560242448758,407390.0,2021
396,Agricultural Land,0.6008968735536299,2080714.0,2021
396,Forest,0.6911112723307068,1407397.0,2021
396,Grassland,0.6790785364570955,62937.0,2021
396,Unclassified,0.661839216605024,14356.0,2021
396,Urban Areas,0.5944999154312542,172998.0,2021
400,Agricultural Land,0.5789648446941029,3752600.0,2021
400,Forest,0.6727882286423364,2876054.0,2021
400,Grassland,0.6563272881511849,101949.0,2021
400,Unclassified,0.6304241659705208,54793.0,2021
400,Urban Areas,0.5541538151492162,393223.0,2021
418,Agricultural Land,0.6196287502464377,2770293.0,2021
418,Forest,0.6689253557355481,4656576.0,2021
418,Grassland,0.6451921547376983,436372.0,2021
418,Unclassified,0.6280117209781859,180619.0,2021
418,Urban Areas,0.5943725666561647,295481.0,2021
426,Agricultural Land,0.6428882904646313,1118591.0,2021
426,Forest,0.6535456323786465,3528582.0,2021
426,Grassland,0.6323411598961659,391788.0,2021
426,Unclassified,0.5998408980365793,135163.0,2021
426,Urban Areas,0.6060955709527664,167372.0,2021
434,Agricultural Land,0.5674703975277448,1534225.0,2021
434,Forest,0.6409727600505982,843787.0,2021
434,Grassland,0.6375053264601575,100732.0,2021
434,Unclassified,0.6282044781994659,19036.0,2021
434,Urban Areas,0.5578271852886224,140140.0,2021
442,Agricultural Land,0.5927725124355142,3419331.0,2021
442,Forest,0.6752741073891029,1636248.0,2021
442,Grassland,0.6655042168272648,170226.0,2021
442,Unclassified,0.6493924236222393,44061.0,2021
442,Urban Areas,0.5642821912815045,371345.0,2021
451,Agricultural Land,0.5766303311672116,1060944.0,2021
451,Forest,0.6826047305299041,516067.0,2021
451,Grassland,0.6804837106590236,25892.0,2021
451,Unclassified,0.6265082490028616,17355.0,2021
451,Urban Areas,0.569211875033891,111066.0,2021
469,Agricultural Land,0.5730346156580697,1766528.0,2021
469,Forest,0.6803701004779321,976703.0,2021
469,Grassland,0.6558924887243196,91549.0,2021
469,Unclassified,0.6601638250914681,68553.0,2021
469,Urban Areas,0.5588335197561709,183106.0,2021
477,Agricultural Land,0.58954604922572,5595059.0,2021
477,Forest,0.6918347701199157,3538938.0,2021
477,Grassland,0.6798476208871548,91457.0,2021
477,Unclassified,0.6486915204937147,73489.0,2021
477,Urban Areas,0.5716740372139684,585023.0,2021
485,Agricultural Land,0.5740139373213198,3363742.0,2021
485,Forest,0.6561357065294814,3557246.0,2021
485,Grassland,0.6414320730516081,276490.0,2021
485,Unclassified,0.6186016513353071,57008.0,2021
485,Urban Areas,0.5613728415831818,326587.0,2021
493,Agricultural Land,0.5594113386799654,1798449.0,2021
493,Forest,0.6541683473244919,879352.0,2021
493,Grassland,0.6528085255219813,35640.0,2021
493,Unclassified,0.6628193484680036,13209.0,2021
493,Urban Areas,0.5512082009806294,137731.0,2021
507,Agricultural Land,0.6307461949313032,428701.0,2021
507,Forest,0.6628428330478016,774802.0,2021
507,Grassland,0.6620236359452163,90569.0,2021
507,Unclassified,0.6688815495074735,17776.0,2021
507,Urban Areas,0.5917777164130591,82441.0,2021
515,Agricultural Land,0.5816970919344848,2334288.0,2021
515,Forest,0.6648337862685308,1666498.0,2021
515,Grassland,0.6517628812562185,400869.0,2021
515,Unclassified,0.5665661512704456,93906.0,2021
515,Urban Areas,0.5587801965782939,293535.0,2021
523,Agricultural Land,0.5966215254611569,1092577.0,2021
523,Forest,0.6332270386429152,2174779.0,2021
523,Grassland,0.6138936996069031,525255.0,2021
523,Unclassified,0.6218085226207414,49767.0,2021
523,Urban Areas,0.5514112276079741,162516.0,2021
531,Agricultural Land,0.5642693399763242,2845906.0,2021
531,Forest,0.6275663390339428,5766744.0,2021
531,Grassland,0.6073247620760597,2308780.0,2021
531,Unclassified,0.5638751693030579,127976.0,2021
531,Urban Areas,0.5236250187386782,538036.0,2021
540,Agricultural Land,0.6102217452661484,321685.0,2021
540,Forest,0.6301000170450235,2230280.0,2021
540,Grassland,0.6107233875145494,506267.0,2021
540,Unclassified,0.5530146355875822,105130.0,2021
540,Urban Areas,0.5505499275440641,169361.0,2021
558,Agricultural Land,0.5625150971309072,1487421.0,2021
558,Forest,0.6378922362651981,770208.0,2021
558,Grassland,0.6193961882215654,103437.0,2021
558,Unclassified,0.6039691727394554,21301.0,2021
558,Urban Areas,0.5410075301913735,133524.0,2021
566,Agricultural Land,0.5794581714466172,3896184.0,2021
566,Forest,0.6244805717297987,4110703.0,2021
566,Grassland,0.6210129886490121,474701.0,2021
566,Unclassified,0.5958101372695722,69082.0,2021
566,Urban Areas,0.5600985015134432,443701.0,2021
574,Agricultural Land,0.6328270053872618,2049334.0,2021
574,Forest,0.6018376586984222,4832314.0,2021
574,Grassland,0.619389184385559,479456.0,2021
574,Unclassified,0.5516591232714465,152008.0,2021
574,Urban Areas,0.6067779461735975,251939.0,2021
582,Agricultural Land,0.49500753809106074,980052.0,2021
582,Forest,0.5653246183317848,812765.0,2021
582,Grassland,0.5755899917593617,57180.0,2021
582,Unclassified,0.5038956846064809,41766.0,2021
582,Urban Areas,0.4132104066686831,695502.0,2021
591,Agricultural Land,0.545632116967089,1100218.0,2021
591,Forest,0.6122751326394926,917616.0,2021
591,Grassland,0.6166707448105815,90612.0,2021
591,Unclassified,0.6090959656920139,13205.0,2021
591,Urban Areas,0.5576333727375246,153889.0,2021
604,Agricultural Land,0.5552443451084764,1512315.0,2021
604,Forest,0.6223692458215585,1207857.0,2021
604,Grassland,0.613037520580911,151044.0,2021
604,Unclassified,0.6402378221943966,15933.0,2021
604,Urban Areas,0.5613542513992387,158772.0,2021
612,Agricultural Land,0.5298164332515578,1438670.0,2021
612,Forest,0.6062134339450383,952002.0,2021
612,Grassland,0.6042123738071512,73539.0,2021
612,Unclassified,0.6224911245933861,18037.0,2021
612,Urban Areas,0.525706735518109,215018.0,2021
621,Agricultural Land,0.5237794171501202,1385659.0,2021
621,Forest,0.6073622824570155,902266.0,2021
621,Grassland,0.623119750240354,66976.0,2021
621,Unclassified,0.5586659447924704,30506.0,2021
621,Urban Areas,0.5155804057777897,190974.0,2021
639,Agricultural Land,0.516509419433177,2763258.0,2021
639,Forest,0.5903273815168746,3243504.0,2021
639,Grassland,0.5951729265210366,243561.0,2021
639,Unclassified,0.5326276216344822,63635.0,2021
639,Urban Areas,0.5157064671384499,254442.0,2021
647,Agricultural Land,0.524213328278865,2999915.0,2021
647,Forest,0.6023372480721353,2532965.0,2021
647,Grassland,0.6318942581689696,136232.0,2021
647,Unclassified,0.5239361669980255,70067.0,2021
647,Urban Areas,0.5155278164802417,481367.0,2021
655,Agricultural Land,0.4966767952454622,2350027.0,2021
655,Forest,0.5766719572382062,3485660.0,2021
655,Grassland,0.5713730096840707,178636.0,2021
655,Unclassified,0.54301031488571,45202.0,2021
655,Urban Areas,0.48511756124408567,444226.0,2021
663,Agricultural Land,0.6217881270408238,276609.0,2021
663,Forest,0.6318919560429851,1879990.0,2021
663,Grassland,0.6173125118898355,335106.0,2021
663,Unclassified,0.5498810986486599,68788.0,2021
663,Urban Areas,0.5646013758826532,69720.0,2021
671,Agricultural Land,0.5985663203764966,963133.0,2021
671,Forest,0.6215793801044461,2631544.0,2021
671,Grassland,0.619650234147334,464728.0,2021
671,Unclassified,0.35191608094443133,294426.0,2021
671,Urban Areas,0.47371981940086744,434409.0,2021
680,Agricultural Land,0.5792086915173319,2050108.0,2021
680,Forest,0.6515356763838419,1918266.0,2021
680,Grassland,0.6460286694011605,100084.0,2021
680,Unclassified,0.6647670512338499,28093.0,2021
680,Urban Areas,0.5545619127819015,179478.0,2021
698,Agricultural Land,0.5946984813654135,3641816.0,2021
698,Forest,0.6394819284205675,4880391.0,2021
698,Grassland,0.6247482725363036,372361.0,2021
698,Unclassified,0.6303262538128824,117685.0,2021
698,Urban Areas,0.553392587248873,327499.0,2021
701,Agricultural Land,0.6677633382135223,441216.0,2021
701,Forest,0.7011319368449667,1162023.0,2021
701,Grassland,0.6948761238695207,249422.0,2021
701,Unclassified,0.7108587999181863,19043.0,2021
701,Urban Areas,0.6301721174286179,125062.0,2021
710,Agricultural Land,0.6380677835405905,2727003.0,2021
710,Forest,0.6844533667067042,4629181.0,2021
710,Grassland,0.6927841883929385,643504.0,2021
710,Unclassified,0.6848280782728859,166145.0,2021
710,Urban Areas,0.5910798043073686,445083.0,2021
728,Agricultural Land,0.6614518582954549,1252683.0,2021
728,Forest,0.6652233189490062,3192539.0,2021
728,Grassland,0.6923182964716649,529704.0,2021
728,Unclassified,0.6245405503904581,228393.0,2021
728,Urban Areas,0.5595155139254523,319440.0,2021
736,Agricultural Land,0.6800703164068126,830281.0,2021
736,Forest,0.6988880266034793,1342885.0,2021
736,Grassland,0.7051099505847733,184681.0,2021
736,Unclassified,0.6495742114269539,81346.0,2021
736,Urban Areas,0.6354274908440432,184952.0,2021
744,Agricultural Land,0.7116028348470276,175556.0,2021
744,Forest,0.7236800161666717,460759.0,2021
744,Grassland,0.7240120546177397,124246.0,2021
744,Unclassified,0.7044996132789648,10514.0,2021
744,Urban Areas,0.6405270315810239,104299.0,2021
752,Agricultural Land,0.5129413297678651,1398023.0,2021
752,Forest,0.6538280633666135,2203219.0,2021
752,Grassland,0.6464586458726428,293803.0,2021
752,Unclassified,0.37688645105453084,427547.0,2021
752,Urban Areas,0.48392106073840535,409947.0,2021
761,Agricultural Land,0.5570855035867668,1453672.0,2021
761,Forest,0.6495480311517533,2015721.0,2021
761,Grassland,0.6175872538860752,568621.0,2021
761,Unclassified,0.528460314354068,89295.0,2021
761,Urban Areas,0.5271042438383678,257739.0,2021
779,Agricultural Land,0.6462313739776533,296361.0,2021
779,Forest,0.6759534868047684,942209.0,2021
779,Grassland,0.651307681361806,119365.0,2021
779,Unclassified,0.6500910255290372,17976.0,2021
779,Urban Areas,0.5550194782231939,168940.0,2021
787,Agricultural Land,0.652538497545251,164385.0,2021
787,Forest,0.655960099718624,1474339.0,2021
787,Grassland,0.6699139336393841,129077.0,2021
787,Unclassified,0.6110125683148907,31039.0,2021
787,Urban Areas,0.5982193910160715,99602.0,2021
795,Agricultural Land,0.6544041908017121,217774.0,2021
795,Forest,0.6930116505887778,384258.0,2021
795,Grassland,0.6765765158259514,65639.0,2021
795,Unclassified,0.6603500888368896,9752.0,2021
795,Urban Areas,0.6262155026698478,62157.0,2021
809,Agricultural Land,0.6668905865227486,1173806.0,2021
809,Forest,0.7153923622041095,1872271.0,2021
809,Grassland,0.7077786802234414,199069.0,2021
809,Unclassified,0.6670781582046252,40323.0,2021
809,Urban Areas,0.6549331813405868,197355.0,2021
817,Agricultural Land,0.6500118824617583,1717060.0,2021
817,Forest,0.7108765088352241,2785999.0,2021
817,Grassland,0.694943327450853,478717.0,2021
817,Unclassified,0.6660363825146484,53676.0,2021
817,Urban Areas,0.5956985083766788,726940.0,2021
825,Agricultural Land,0.5757190511956884,2611316.0,2021
825,Forest,0.6857974438357757,1406707.0,2021
825,Grassland,0.6832465786461086,216482.0,2021
825,Unclassified,0.4825538779390654,84751.0,2021
825,Urban Areas,0.5445665319956872,357409.0,2021
833,Agricultural Land,0.5364916713599206,1702309.0,2021
833,Forest,0.6438178096417946,584814.0,2021
833,Grassland,0.6204417243152949,56845.0,2021
833,Unclassified,0.41129249302782145,45856.0,2021
833,Urban Areas,0.5099703901798026,221037.0,2021
841,Agricultural Land,0.5425750894911943,2254919.0,2021
841,Forest,0.6644680354026735,440273.0,2021
841,Grassland,0.6189180727104484,28137.0,2021
841,Unclassified,0.478959767514533,48030.0,2021
841,Urban Areas,0.5325615245178134,212034.0,2021
850,Agricultural Land,0.529413100817507,3377878.0,2021
850,Forest,0.6281893681073669,901274.0,2021
850,Grassland,0.5998181703461615,66741.0,2021
850,Unclassified,0.5964132787936052,41131.0,2021
850,Urban Areas,0.5207654369677103,318799.0,2021
868,Agricultural Land,0.5501227331382849,2046142.0,2021
868,Forest,0.6135324795559669,1006203.0,2021
868,Grassland,0.5956160314689621,170869.0,2021
868,Unclassified,0.5843568965110397,19220.0,2021
868,Urban Areas,0.5413833930226436,146503.0,2021
876,Agricultural Land,0.513043402014434,2076991.0,2021
876,Forest,0.6146159206179651,703620.0,2021
876,Grassland,0.5688408679230338,40818.0,2021
876,Unclassified,0.5160961929298625,34610.0,2021
876,Urban Areas,0.4686987179955317,213568.0,2021
884,Agricultural Land,0.5194037486092787,220292.0,2021
884,Forest,0.5898594744705524,1624530.0,2021
884,Grassland,0.6109069148273766,131155.0,2021
884,Unclassified,0.3594714729996865,120528.0,2021
884,Urban Areas,0.4374334631353674,211521.0,2021
892,Agricultural Land,0.561124844101435,1081454.0,2021
892,Forest,0.5962741328002157,531707.0,2021
892,Grassland,0.6258224263354246,78872.0,2021
892,Unclassified,0.3663944668122152,233009.0,2021
892,Urban Areas,0.4654195937759377,324154.0,2021
906,Agricultural Land,0.5519253948638361,454409.0,2021
906,Forest,0.5953759709098391,492331.0,2021
906,Grassland,0.6036733290217895,24299.0,2021
906,Unclassified,0.2539559205867507,125789.0,2021
906,Urban Areas,0.42658767666737657,130303.0,2021
914,Agricultural Land,0.5509853975876089,836744.0,2021
914,Forest,0.6065230719497594,1802720.0,2021
914,Grassland,0.5920731511618185,277139.0,2021
914,Unclassified,0.34984272857943394,101681.0,2021
914,Urban Areas,0.4690510612929002,385303.0,2021
922,Agricultural Land,0.5725300497781213,910947.0,2021
922,Forest,0.6169650537532935,1896908.0,2021
922,Grassland,0.5967951772246148,558114.0,2021
922,Unclassified,0.48237652184158886,73004.0,2021
922,Urban Areas,0.49282280471667395,560113.0,2021
931,Agricultural Land,0.5646722573989749,1813735.0,2021
931,Forest,0.6459572529801454,1130421.0,2021
931,Grassland,0.6198991735012355,109236.0,2021
931,Unclassified,0.6373528932478527,23271.0,2021
931,Urban Areas,0.563275329677019,174478.0,2021
949,Agricultural Land,0.5465130229270807,3992003.0,2021
949,Forest,0.6234225825178198,1859833.0,2021
949,Grassland,0.6318315406203746,82317.0,2021
949,Unclassified,0.6259986487081209,46341.0,2021
949,Urban Areas,0.5363624992457845,407164.0,2021
957,Agricultural Land,0.5697485198195581,1432889.0,2021
957,Forest,0.640200717971547,1213372.0,2021
957,Grassland,0.661790732147972,40295.0,2021
957,Unclassified,0.6536172866322141,24599.0,2021
957,Urban Areas,0.5716966864686837,151848.0,2021
965,Agricultural Land,0.5092951649198769,4288252.0,2021
965,Forest,0.6499025271624821,1326849.0,2021
965,Grassland,0.6088209451337371,70382.0,2021
965,Unclassified,0.5660162112678222,68039.0,2021
965,Urban Areas,0.49349640506301296,923696.0,2021
973,Agricultural Land,0.5398013438288682,1519590.0,2021
973,Forest,0.6497936928071363,377831.0,2021
973,Grassland,0.6616792685850524,60284.0,2021
973,Unclassified,0.6686176347331936,9433.0,2021
973,Urban Areas,0.5458538241618525,157574.0,2021
981,Agricultural Land,0.5710829881230409,4232153.0,2021
981,Forest,0.684249489732621,2342369.0,2021
981,Grassland,0.6658466550791393,119421.0,2021
981,Unclassified,0.5996472757239342,62500.0,2021
981,Urban Areas,0.5736120118021262,640712.0,2021
990,Agricultural Land,0.5808405639460561,1121033.0,2021
990,Forest,0.653544267832126,1041586.0,2021
990,Grassland,0.6290492354624897,113777.0,2021
990,Unclassified,0.6345390950971787,20737.0,2021
990,Urban Areas,0.5717017680763973,142590.0,2021
1007,Agricultural Land,0.5471034700808799,1254322.0,2021
1007,Forest,0.6533503789755528,461900.0,2021
1007,Grassland,0.6384368607595778,43490.0,2021
1007,Unclassified,0.6290248481907463,8870.0,2021
1007,Urban Areas,0.533498862411789,150161.0,2021
1015,Agricultural Land,0.5555053744581042,3870892.0,2021
1015,Forest,0.6734728273609932,1454038.0,2021
1015,Grassland,0.6504506063173053,152687.0,2021
1015,Unclassified,0.6139974187380606,41798.0,2021
1015,Urban Areas,0.5584186716236048,391303.0,2021
1023,Agricultural Land,0.6322861190293404,445945.0,2021
1023,Forest,0.6907799783815738,388847.0,2021
1023,Grassland,0.6750218862526634,46194.0,2021
1023,Unclassified,0.6938408482039046,3006.0,2021
1023,Urban Areas,0.5934576236079847,84202.0,2021
1031,Agricultural Land,0.6251720200879215,1237109.0,2021
1031,Forest,0.6809196310623712,1002281.0,2021
1031,Grassland,0.6769875355745016,216009.0,2021
1031,Unclassified,0.6446693026694036,18680.0,2021
1031,Urban Areas,0.6218610658738933,109904.0,2021
1040,Agricultural Land,0.5230368741056516,956242.0,2021
1040,Forest,0.643065169319567,201196.0,2021
1040,Grassland,0.6318844653791533,35557.0,2021
1040,Unclassified,0.654242199875243,12258.0,2021
1040,Urban Areas,0.5244507188223129,141153.0,2021
1058,Agricultural Land,0.5125226546315941,598275.0,2021
1058,Forest,0.6436042794773593,210727.0,2021
1058,Grassland,0.6117458646173463,33496.0,2021
1058,Unclassified,0.6299812489876474,10578.0,2021
1058,Urban Areas,0.5060287554554561,81327.0,2021
1066,Agricultural Land,0.5924584236918837,1624523.0,2021
1066,Forest,0.6726962960209987,1306873.0,2021
1066,Grassland,0.6619473161913176,265633.0,2021
1066,Unclassified,0.6670918467370995,20672.0,2021
1066,Urban Areas,0.5652341046552081,308672.0,2021
1074,Agricultural Land,0.5066273161937251,1029866.0,2021
1074,Forest,0.6355836736606746,889216.0,2021
1074,Grassland,0.6132280629561341,38197.0,2021
1074,Unclassified,0.603515313929293,10386.0,2021
1074,Urban Areas,0.5109493078488367,153263.0,2021
1082,Agricultural Land,0.5413677745707408,2434905.0,2021
1082,Forest,0.6685852125207513,730610.0,2021
1082,Grassland,0.650554246827043,36969.0,2021
1082,Unclassified,0.5987626359837216,58252.0,2021
1082,Urban Areas,0.5221787455903518,726743.0,2021
1091,Agricultural Land,0.5577128869618788,1279999.0,2021
1091,Forest,0.686047598757107,935938.0,2021
1091,Grassland,0.6492090265110048,29888.0,2021
1091,Unclassified,0.5561492000317811,36241.0,2021
1091,Urban Areas,0.5485045954038851,243340.0,2021
1104,Agricultural Land,0.5223498599680947,1454265.0,2021
1104,Forest,0.6417453116244228,940204.0,2021
1104,Grassland,0.6115506497413227,205553.0,2021
1104,Unclassified,0.6250259465838999,14717.0,2021
1104,Urban Areas,0.5236254847142475,162309.0,2021
1112,Agricultural Land,0.5226189248355724,833212.0,2021
1112,Forest,0.6254488687483825,1091796.0,2021
1112,Grassland,0.585318139712417,85964.0,2021
1112,Unclassified,0.5723786437360014,34323.0,2021
1112,Urban Areas,0.5018364958388267,170573.0,2021
1121,Agricultural Land,0.5490554352436904,2018655.0,2021
1121,Forest,0.6412684529833178,2069907.0,2021
1121,Grassland,0.6146456553512883,402660.0,2021
1121,Unclassified,0.6156791410703211,35497.0,2021
1121,Urban Areas,0.5423905642174233,255745.0,2021
1139,Agricultural Land,0.6468329779847447,798531.0,2021
1139,Forest,0.6697726177274791,1376400.0,2021
1139,Grassland,0.6667130487881985,422816.0,2021
1139,Unclassified,0.5909250770867674,22990.0,2021
1139,Urban Areas,0.627293229550228,159296.0,2021
1147,Agricultural Land,0.637358442248304,985553.0,2021
1147,Forest,0.7170849842018991,873436.0,2021
1147,Grassland,0.6962594465863103,248554.0,2021
1147,Unclassified,0.6422447853349134,23654.0,2021
1147,Urban Areas,0.6208277019219224,165962.0,2021
1155,Agricultural Land,0.6058344558210536,1197144.0,2021
1155,Forest,0.6928887782714197,766559.0,2021
1155,Grassland,0.6731365091054372,100336.0,2021
1155,Unclassified,0.6781295291204684,28652.0,2021
1155,Urban Areas,0.587095166652236,219637.0,2021
1163,Agricultural Land,0.5306304078100059,2171985.0,2021
1163,Forest,0.6545171544201108,895628.0,2021
1163,Grassland,0.626208837327644,78446.0,2021
1163,Unclassified,0.606066457939414,10393.0,2021
1163,Urban Areas,0.5432117026790799,205362.0,2021
1171,Agricultural Land,0.5484179879852722,2020195.0,2021
1171,Forest,0.6683886631772737,1797549.0,2021
1171,Grassland,0.6428598165027096,127815.0,2021
1171,Unclassified,0.6093657147991131,20992.0,2021
1171,Urban Areas,0.5426992842154191,190700.0,2021
1180,Agricultural Land,0.5568777059057739,1447656.0,2021
1180,Forest,0.6482909659706867,1025742.0,2021
1180,Grassland,0.6406963781353334,81590.0,2021
1180,Unclassified,0.615423234757331,10356.0,2021
1180,Urban Areas,0.5469359097099878,145763.0,2021
1198,Agricultural Land,0.5310390976899728,1943411.0,2021
1198,Forest,0.6663639800221959,1246562.0,2021
1198,Grassland,0.6274269113920237,90528.0,2021
1198,Unclassified,0.6265893971499382,7822.0,2021
1198,Urban Areas,0.5328512584098728,204833.0,2021
1201,Agricultural Land,0.5639020470692946,1288922.0,2021
1201,Forest,0.6594904775600972,1011406.0,2021
1201,Grassland,0.6470476332322456,67845.0,2021
1201,Unclassified,0.6345761843766424,13287.0,2021
1201,Urban Areas,0.567992202801402,182598.0,2021
1210,Agricultural Land,0.6293519820677065,1723529.0,2021
1210,Forest,0.6768558825874167,3296186.0,2021
1210,Grassland,0.6598552193171555,519436.0,2021
1210,Unclassified,0.6068569923668722,48254.0,2021
1210,Urban Areas,0.6015118566535668,351874.0,2021
1228,Agricultural Land,0.643907746212289,730127.0,2021
1228,Forest,0.6568362907912404,1632530.0,2021
1228,Grassland,0.6222101003042609,354359.0,2021
1228,Unclassified,0.5027854399767182,55789.0,2021
1228,Urban Areas,0.5953632729849179,156127.0,2021
1236,Agricultural Land,0.6128402737752956,574668.0,2021
1236,Forest,0.672383123939515,770556.0,2021
1236,Grassland,0.6484802173178399,156408.0,2021
1236,Unclassified,0.665503420727822,8945.0,2021
1236,Urban Areas,0.5927227363978251,70669.0,2021
1244,Agricultural Land,0.5867654390064287,1366615.0,2021
1244,Forest,0.7165485653481524,1012206.0,2021
1244,Grassland,0.6710234159286986,196116.0,2021
1244,Unclassified,0.6842691965786254,15343.0,2021
1244,Urban Areas,0.5921402670846755,150600.0,2021
1252,Agricultural Land,0.5227653370189138,1785647.0,2021
1252,Forest,0.6352118879254406,666843.0,2021
1252,Grassland,0.6063939872100347,91269.0,2021
1252,Unclassified,0.6188709721163845,20670.0,2021
1252,Urban Areas,0.5140737031908469,221712.0,2021
1261,Agricultural Land,0.5831055433074761,1346321.0,2021
1261,Forest,0.689821594098556,1019527.0,2021
1261,Grassland,0.6487691827872183,216998.0,2021
1261,Unclassified,0.6167045602479749,24791.0,2021
1261,Urban Areas,0.5722941953365737,193618.0,2021
1279,Agricultural Land,0.5746950948671178,257228.0,2021
1279,Forest,0.6876082605012119,404602.0,2021
1279,Grassland,0.6337846772903777,35226.0,2021
1279,Unclassified,0.658261119928485,3126.0,2021
1279,Urban Areas,0.5354687844870833,94728.0,2021
1287,Agricultural Land,0.5729574920746152,823811.0,2021
1287,Forest,0.6888083135666133,721116.0,2021
1287,Grassland,0.6584716798674043,191267.0,2021
1287,Unclassified,0.6726078961961618,12544.0,2021
1287,Urban Areas,0.5634679040765908,151846.0,2021
1295,Agricultural Land,0.5124273962543484,1076352.0,2021
1295,Forest,0.6290092689487516,1986566.0,2021
1295,Grassland,0.5988076282097504,116639.0,2021
1295,Unclassified,0.5968164594098063,20736.0,2021
1295,Urban Areas,0.4980015661265716,299768.0,2021
1309,Agricultural Land,0.5200410443490417,2387583.0,2021
1309,Forest,0.6056334316585722,2204448.0,2021
1309,Grassland,0.5976454226412,131907.0,2021
1309,Unclassified,0.5544712975167381,21670.0,2021
1309,Urban Areas,0.5019145861147566,334442.0,2021
1317,Agricultural Land,0.472083697251144,511181.0,2021
1317,Forest,0.5932063825124001,747127.0,2021
1317,Grassland,0.5254930153057877,7913.0,2021
1317,Unclassified,0.4295376101003645,27068.0,2021
1317,Urban Areas,0.38804446719645136,981063.0,2021
1325,Agricultural Land,0.47798852981179085,855565.0,2021
1325,Forest,0.6002795175878035,676898.0,2021
1325,Grassland,0.5536405742294453,18918.0,2021
1325,Unclassified,0.5746212648226853,19450.0,2021
1325,Urban Areas,0.45003673976836656,148707.0,2021
1333,Agricultural Land,0.5096552020989031,322485.0,2021
1333,Forest,0.628269894463926,303657.0,2021
1333,Grassland,0.5768502425160195,6629.0,2021
1333,Unclassified,0.5380018274989291,5484.0,2021
1333,Urban Areas,0.5028806997194122,130967.0,2021
1341,Agricultural Land,0.47538078191702976,701143.0,2021
1341,Forest,0.6034836635952864,862729.0,2021
1341,Grassland,0.5991612239581438,8416.0,2021
1341,Unclassified,0.5661651195091293,5687.0,2021
1341,Urban Areas,0.46509522251130514,163682.0,2021
1350,Agricultural Land,0.5474772510817411,1302143.0,2021
1350,Forest,0.6522866841727077,1719999.0,2021
1350,Grassland,0.6331934540034947,114441.0,2021
1350,Unclassified,0.6107808393442502,27488.0,2021
1350,Urban Areas,0.5415055769159067,250371.0,2021
1368,Agricultural Land,0.5105643824574054,1513732.0,2021
1368,Forest,0.621000921737603,1412544.0,2021
1368,Grassland,0.598219429209368,19453.0,2021
1368,Unclassified,0.46013220134226646,38509.0,2021
1368,Urban Areas,0.48000474769272844,438324.0,2021
1376,Agricultural Land,0.507318121008664,1474785.0,2021
1376,Forest,0.6170706384326926,168464.0,2021
1376,Grassland,0.5716728345262432,22900.0,2021
1376,Unclassified,0.4858398348301684,38565.0,2021
1376,Urban Areas,0.4749813095253765,229744.0,2021
1384,Agricultural Land,0.45581388805290235,2495214.0,2021
1384,Forest,0.59548011227027,1244806.0,2021
1384,Grassland,0.5679077518139167,82270.0,2021
1384,Unclassified,0.5639303350933927,109490.0,2021
1384,Urban Areas,0.4054611688653168,347795.0,2021
1392,Agricultural Land,0.5031630256411348,2602492.0,2021
1392,Forest,0.6296930838784321,518471.0,2021
1392,Grassland,0.5760741930326884,37286.0,2021
1392,Unclassified,0.589613087087833,20325.0,2021
1392,Urban Areas,0.4660098709707409,276975.0,2021
1406,Agricultural Land,0.4805173943048757,1587707.0,2021
1406,Forest,0.5731102294758945,450329.0,2021
1406,Grassland,0.5174041542187358,30270.0,2021
1406,Unclassified,0.5497070762389145,29773.0,2021
1406,Urban Areas,0.442995376393547,145785.0,2021
1414,Agricultural Land,0.467940386823594,1405127.0,2021
1414,Forest,0.6145682693229266,240077.0,2021
1414,Grassland,0.5955372072777122,1073.0,2021
1414,Unclassified,0.5629385834630277,29600.0,2021
1414,Urban Areas,0.4284336950637824,138136.0,2021
1422,Agricultural Land,0.5739415169964031,531189.0,2021
1422,Forest,0.6531621463416669,994351.0,2021
1422,Grassland,0.6083842668875049,146083.0,2021
1422,Unclassified,0.6293815615565896,6728.0,2021
1422,Urban Areas,0.5260749231063259,97656.0,2021
1431,Agricultural Land,0.49806544416260845,555991.0,2021
1431,Forest,0.6615259132533385,303851.0,2021
1431,Grassland,0.612633076803061,20249.0,2021
1431,Unclassified,0.5012932157107304,16417.0,2021
1431,Urban Areas,0.4569432330759326,198886.0,2021
1449,Agricultural Land,0.5454961250092185,763222.0,2021
1449,Forest,0.6411743736646758,1428841.0,2021
1449,Grassland,0.5887461908498786,266271.0,2021
1449,Unclassified,0.609541963618132,10526.0,2021
1449,Urban Areas,0.48487756082969435,111261.0,2021
1457,Agricultural Land,0.6131473953620845,451412.0,2021
1457,Forest,0.6905936981716047,765812.0,2021
1457,Grassland,0.655972050199339,113468.0,2021
1457,Unclassified,0.6532637773502012,5889.0,2021
1457,Urban Areas,0.5530664324884833,114997.0,2021
1465,Agricultural Land,0.5502465949092313,1136538.0,2021
1465,Forest,0.6837870360502319,1725930.0,2021
1465,Grassland,0.6428279913133864,164979.0,2021
1465,Unclassified,0.6215924570091473,13416.0,2021
1465,Urban Areas,0.5173220445187845,451839.0,2021
1473,Agricultural Land,0.484836343887155,1667134.0,2021
1473,Forest,0.6242975677005117,782967.0,2021
1473,Grassland,0.5368320262670216,38098.0,2021
1473,Unclassified,0.5544453547018844,32593.0,2021
1473,Urban Areas,0.43369286770603926,276067.0,2021
1481,Agricultural Land,0.5112739829279555,2770637.0,2021
1481,Forest,0.6287456511612001,1509984.0,2021
1481,Grassland,0.526201684616687,35584.0,2021
1481,Unclassified,0.5336981699777582,34734.0,2021
1481,Urban Areas,0.47881725051032775,334410.0,2021
1490,Agricultural Land,0.508818558910443,1816952.0,2021
1490,Forest,0.6411461586981398,983118.0,2021
1490,Grassland,0.5779467147166008,357383.0,2021
1490,Unclassified,0.5753048278592384,32764.0,2021
1490,Urban Areas,0.46275408431980253,216216.0,2021
1503,Agricultural Land,0.5313833879287974,4715628.0,2021
1503,Forest,0.5692561382477316,3273636.0,2021
1503,Grassland,0.6061172961776258,201301.0,2021
1503,Unclassified,0.5782225300739875,73533.0,2021
1503,Urban Areas,0.5118528885187147,693021.0,2021
1511,Agricultural Land,0.49266377632772373,1564460.0,2021
1511,Forest,0.5280193408414511,1056755.0,2021
1511,Grassland,0.5591379406526038,85962.0,2021
1511,Unclassified,0.5492918094651633,23221.0,2021
1511,Urban Areas,0.48080215171367613,122938.0,2021
1520,Agricultural Land,0.5412515966197555,550357.0,2021
1520,Forest,0.6362736365438988,918187.0,2021
1520,Grassland,0.6429952273013195,69855.0,2021
1520,Unclassified,0.6412524697191417,6956.0,2021
1520,Urban Areas,0.5372332076895378,90834.0,2021
1538,Agricultural Land,0.5198562782595831,958587.0,2021
1538,Forest,0.64674621825223,203545.0,2021
1538,Grassland,0.6199224244156111,20714.0,2021
1538,Unclassified,0.5440875754288171,5505.0,2021
1538,Urban Areas,0.49860063399302446,134427.0,2021
1546,Agricultural Land,0.5213299795736801,3088318.0,2021
1546,Forest,0.663846637946264,1357790.0,2021
1546,Grassland,0.620193853473654,51130.0,2021
1546,Unclassified,0.5745854937142697,33941.0,2021
1546,Urban Areas,0.498981321131782,393641.0,2021
1554,Agricultural Land,0.5454386864378812,1022071.0,2021
1554,Forest,0.6523744291569672,786433.0,2021
1554,Grassland,0.632043818020341,36984.0,2021
1554,Unclassified,0.6179956507333991,5434.0,2021
1554,Urban Areas,0.542694763898471,105218.0,2021
1562,Agricultural Land,0.545054585315007,4117543.0,2021
1562,Forest,0.6392172838781384,1064065.0,2021
1562,Grassland,0.6147047938139975,67563.0,2021
1562,Unclassified,0.5886962299440074,21180.0,2021
1562,Urban Areas,0.4960399474285531,514036.0,2021
1571,Agricultural Land,0.5037221564366242,2762705.0,2021
1571,Forest,0.5810924967928666,1112524.0,2021
1571,Grassland,0.5958822964493381,29312.0,2021
1571,Unclassified,0.575420652306889,15721.0,2021
1571,Urban Areas,0.48369190154196684,181517.0,2021
1589,Agricultural Land,0.5142349888327192,1123189.0,2021
1589,Forest,0.6090454784971218,787306.0,2021
1589,Grassland,0.579216160458709,26194.0,2021
1589,Unclassified,0.6121547125392004,13625.0,2021
1589,Urban Areas,0.49242148097162175,110267.0,2021
1597,Agricultural Land,0.5129540500834684,5151677.0,2021
1597,Forest,0.580358240635749,2558589.0,2021
1597,Grassland,0.5851066917249024,61350.0,2021
1597,Unclassified,0.5974287096604353,37684.0,2021
1597,Urban Areas,0.48240960804872496,455936.0,2021
1601,Agricultural Land,0.5273447877838091,2774836.0,2021
1601,Forest,0.670346119286079,1745428.0,2021
1601,Grassland,0.6209531969118137,102910.0,2021
1601,Unclassified,0.563637343896846,38566.0,2021
1601,Urban Areas,0.4888964150535912,451789.0,2021
1619,Agricultural Land,0.5392743241635686,2078647.0,2021
1619,Forest,0.6392479726108256,1901582.0,2021
1619,Grassland,0.5912260230498466,457481.0,2021
1619,Unclassified,0.5885632142346481,16408.0,2021
1619,Urban Areas,0.4925967448407708,263188.0,2021
1627,Agricultural Land,0.5021577743623358,1115807.0,2021
1627,Forest,0.6403426472040934,435265.0,2021
1627,Grassland,0.5859877192966798,13079.0,2021
1627,Unclassified,0.5835704256046255,5896.0,2021
1627,Urban Areas,0.503924687158191,133163.0,2021
1635,Agricultural Land,0.5120489789467981,1061246.0,2021
1635,Forest,0.6517617736679192,318530.0,2021
1635,Grassland,0.6008579631965386,3738.0,2021
1635,Unclassified,0.5802991758122968,3971.0,2021
1635,Urban Areas,0.5145206880328848,183736.0,2021
1643,Agricultural Land,0.5246384038686153,2374686.0,2021
1643,Forest,0.6434555845679595,2611720.0,2021
1643,Grassland,0.6113262353284867,42922.0,2021
1643,Unclassified,0.551836294335885,26636.0,2021
1643,Urban Areas,0.4968169643359913,320709.0,2021
1651,Agricultural Land,0.49282232116144586,2458567.0,2021
1651,Forest,0.6068543981796982,787162.0,2021
1651,Grassland,0.5660577331164657,20114.0,2021
1651,Unclassified,0.5680625440812882,17971.0,2021
1651,Urban Areas,0.48043930304664834,181301.0,2021
1660,Agricultural Land,0.4916801571169079,8138512.0,2021
1660,Forest,0.6172585665729146,3265671.0,2021
1660,Grassland,0.550652720268141,101721.0,2021
1660,Unclassified,0.5810494339562012,91970.0,2021
1660,Urban Areas,0.47108388275422025,650428.0,2021
1678,Agricultural Land,0.559356399916406,1662011.0,2021
1678,Forest,0.6221284461869818,1407589.0,2021
1678,Grassland,0.6174789538289018,160114.0,2021
1678,Unclassified,0.6270719774868085,20118.0,2021
1678,Urban Areas,0.5440046669013703,186220.0,2021
1686,Agricultural Land,0.5550237479932117,1427198.0,2021
1686,Forest,0.5999039320427417,1202937.0,2021
1686,Grassland,0.5974360468540163,100800.0,2021
1686,Unclassified,0.5922670938193921,20791.0,2021
1686,Urban Areas,0.5440259358624546,150605.0,2021
1694,Agricultural Land,0.5143339384270004,2695207.0,2021
1694,Forest,0.5771967899587361,1586179.0,2021
1694,Grassland,0.5873608947365117,44528.0,2021
1694,Unclassified,0.5600194003824605,23753.0,2021
1694,Urban Areas,0.4839963449317255,289658.0,2021
1708,Agricultural Land,0.5233327825027269,2112344.0,2021
1708,Forest,0.5848554604739971,2035178.0,2021
1708,Grassland,0.5963419403595774,106952.0,2021
1708,Unclassified,0.5856068908224163,35040.0,2021
1708,Urban Areas,0.49981814182030243,235367.0,2021
1716,Agricultural Land,0.575362907900698,2348961.0,2021
1716,Forest,0.6342298876794871,3239880.0,2021
1716,Grassland,0.6138077412351569,319514.0,2021
1716,Unclassified,0.6029467572824362,36475.0,2021
1716,Urban Areas,0.5443463740030076,257941.0,2021
1724,Agricultural Land,0.5591605331496426,2277394.0,2021
1724,Forest,0.6598239824794405,2742464.0,2021
1724,Grassland,0.6467046063025271,408789.0,2021
1724,Unclassified,0.6356751213342948,26745.0,2021
1724,Urban Areas,0.5648512900017062,267211.0,2021
1732,Agricultural Land,0.5599962317204883,1073575.0,2021
1732,Forest,0.6329299956806981,1826686.0,2021
1732,Grassland,0.5870784681033835,281161.0,2021
1732,Unclassified,0.6216024765070647,18180.0,2021
1732,Urban Areas,0.5513604809039045,119461.0,2021
1741,Agricultural Land,0.5884123927141895,1634196.0,2021
1741,Forest,0.6723286173419657,2193632.0,2021
1741,Grassland,0.6501755654191878,178627.0,2021
1741,Unclassified,0.6407887180160697,41859.0,2021
1741,Urban Areas,0.5658628637200661,702734.0,2021
1759,Agricultural Land,0.6139840688513234,400563.0,2021
1759,Forest,0.6619754082809669,2330769.0,2021
1759,Grassland,0.6363619850953768,217643.0,2021
1759,Unclassified,0.6656033709727528,23550.0,2021
1759,Urban Areas,0.5920496879189439,172632.0,2021
1767,Agricultural Land,0.6024045686815627,387390.0,2021
1767,Forest,0.6492206268254563,1145108.0,2021
1767,Grassland,0.6272968937661813,122583.0,2021
1767,Unclassified,0.6506213564261086,12220.0,2021
1767,Urban Areas,0.5714153300326521,88369.0,2021
1775,Agricultural Land,0.6574120807379354,704149.0,2021
1775,Forest,0.6815420872090746,1271108.0,2021
1775,Grassland,0.676418105996519,115591.0,2021
1775,Unclassified,0.6736771884977115,15705.0,2021
1775,Urban Areas,0.5838968908906091,234138.0,2021
1783,Agricultural Land,0.5500987672307435,301700.0,2021
1783,Forest,0.6802055626285081,138950.0,2021
1783,Grassland,0.6385177525525482,12759.0,2021
1783,Unclassified,0.5868369702647479,22321.0,2021
1783,Urban Areas,0.5699174938266357,213792.0,2021
1791,Agricultural Land,0.6257434609156947,317013.0,2021
1791,Forest,0.7009641167095907,239325.0,2021
1791,Grassland,0.6984727832081662,5244.0,2021
1791,Unclassified,0.604154611099871,12432.0,2021
1791,Urban Areas,0.5933835605417349,274811.0,2021
1805,Agricultural Land,0.5720822280482181,319117.0,2021
1805,Forest,0.67733335684498,336596.0,2021
1805,Grassland,0.6630429680987923,6801.0,2021
1805,Unclassified,0.6019506944146583,38130.0,2021
1805,Urban Areas,0.5478917049260548,307246.0,2021
1813,Agricultural Land,0.6156183023924178,103855.0,2021
1813,Forest,0.6885208221762978,157989.0,2021
1813,Grassland,0.6524156794448356,2942.0,2021
1813,Unclassified,0.5984814381142896,6763.0,2021
1813,Urban Areas,0.5973873415351264,162764.0,2021
1821,Agricultural Land,0.6445276176350467,222892.0,2021
1821,Forest,0.7023981083977395,120157.0,2021
1821,Grassland,0.686522096191704,8482.0,2021
1821,Unclassified,0.6707223213391565,3527.0,2021
1821,Urban Areas,0.554221732119725,85435.0,2021
1830,Agricultural Land,0.5199401010535848,1034342.0,2021
1830,Forest,0.6497075987682872,300177.0,2021
1830,Grassland,0.649058509449313,61753.0,2021
1830,Unclassified,0.6602633466362695,17111.0,2021
1830,Urban Areas,0.5311710178353785,153229.0,2021
1848,Agricultural Land,0.6216155339609182,319463.0,2021
1848,Forest,0.6616179885840947,503321.0,2021
1848,Grassland,0.6487426072723079,65992.0,2021
1848,Unclassified,0.660702199410451,6080.0,2021
1848,Urban Areas,0.5677796322383836,91157.0,2021
1856,Agricultural Land,0.5475352835799474,692596.0,2021
1856,Forest,0.6614178930573029,266870.0,2021
1856,Grassland,0.6669927302747684,39699.0,2021
1856,Unclassified,0.5591053413421943,13008.0,2021
1856,Urban Areas,0.5244337435468933,195292.0,2021
1864,Agricultural Land,0.5426009089757093,1626665.0,2021
1864,Forest,0.6678508050195058,702331.0,2021
1864,Grassland,0.6481980945555584,143062.0,2021
1864,Unclassified,0.6437092358297509,18968.0,2021
1864,Urban Areas,0.5288586555343852,243876.0,2021
1872,Agricultural Land,0.5554952322072593,1223972.0,2021
1872,Forest,0.6850827489122163,826441.0,2021
1872,Grassland,0.6428779043203502,40210.0,2021
1872,Unclassified,0.523337238415796,19396.0,2021
1872,Urban Areas,0.5517195949498772,115823.0,2021
1881,Agricultural Land,0.5094478270821335,1309861.0,2021
1881,Forest,0.6633191565093832,896247.0,2021
1881,Grassland,0.636148620365179,29051.0,2021
1881,Unclassified,0.6152417260187295,22159.0,2021
1881,Urban Areas,0.5177281746378446,199388.0,2021
1899,Agricultural Land,0.5172273265117994,3594268.0,2021
1899,Forest,0.6426918812472119,3283029.0,2021
1899,Grassland,0.6266425096186771,232143.0,2021
1899,Unclassified,0.5893315407477017,62983.0,2021
1899,Urban Areas,0.4694566318749028,827340.0,2021
1902,Agricultural Land,0.5068078611046254,1525119.0,2021
1902,Forest,0.6704953277497275,380602.0,2021
1902,Grassland,0.6199381916141923,13621.0,2021
1902,Unclassified,0.625044869131214,6399.0,2021
1902,Urban Areas,0.5049060493854718,139830.0,2021
1911,Agricultural Land,0.5232315787425482,1835007.0,2021
1911,Forest,0.6267107197405805,1337236.0,2021
1911,Grassland,0.5979889630614326,96614.0,2021
1911,Unclassified,0.5840357775233276,17060.0,2021
1911,Urban Areas,0.5128631105414516,195511.0,2021
1929,Agricultural Land,0.5542660942581809,851566.0,2021
1929,Forest,0.7119859216931106,501145.0,2021
1929,Grassland,0.6642852928603536,22530.0,2021
1929,Unclassified,0.617960706467548,20848.0,2021
1929,Urban Areas,0.5767461381216145,209348.0,2021
1937,Agricultural Land,0.5424581086489131,756114.0,2021
1937,Forest,0.7006338091575472,139139.0,2021
1937,Grassland,0.6629428768212684,14377.0,2021
1937,Unclassified,0.5771024088056453,7116.0,2021
1937,Urban Areas,0.5459182124126726,85728.0,2021
1945,Agricultural Land,0.5456577056633113,3386451.0,2021
1945,Forest,0.7008539854886016,1692957.0,2021
1945,Grassland,0.6561150980093299,70007.0,2021
1945,Unclassified,0.6305855113491647,35723.0,2021
1945,Urban Areas,0.5418573023992622,455416.0,2021
1953,Agricultural Land,0.572603104567352,1385522.0,2021
1953,Forest,0.6893412210695287,1224381.0,2021
1953,Grassland,0.6466584801953033,79005.0,2021
1953,Unclassified,0.6751815588555347,16292.0,2021
1953,Urban Areas,0.582115910191752,101488.0,2021
1961,Agricultural Land,0.5468700370557075,1059552.0,2021
1961,Forest,0.6767976744051204,779401.0,2021
1961,Grassland,0.6589912117830804,54471.0,2021
1961,Unclassified,0.5972829071697523,61314.0,2021
1961,Urban Areas,0.5147954571794184,1314370.0,2021
1970,Agricultural Land,0.5484765261705672,1988815.0,2021
1970,Forest,0.687728447732196,950919.0,2021
1970,Grassland,0.6490235021667848,111370.0,2021
1970,Unclassified,0.5283790077566156,32207.0,2021
1970,Urban Areas,0.5210187003553423,237608.0,2021
1988,Agricultural Land,0.5251750357746289,739383.0,2021
1988,Forest,0.6469681210463656,282878.0,2021
1988,Grassland,0.6371335769451724,28341.0,2021
1988,Unclassified,0.5100368249427489,18730.0,2021
1988,Urban Areas,0.5132544172920676,109465.0,2021
1996,Agricultural Land,0.5200497657067551,2903780.0,2021
1996,Forest,0.6533096456841249,555501.0,2021
1996,Grassland,0.6175938541737284,42157.0,2021
1996,Unclassified,0.590215076252111,33571.0,2021
1996,Urban Areas,0.4782211055757856,402132.0,2021
2003,Agricultural Land,0.5255935421784864,953409.0,2021
2003,Forest,0.6738998789763968,735659.0,2021
2003,Grassland,0.6331945378645877,36413.0,2021
2003,Unclassified,0.5713021810518633,13892.0,2021
2003,Urban Areas,0.49774530492696595,122803.0,2021
2011,Agricultural Land,0.5595371693460164,1219192.0,2021
2011,Forest,0.6997858748971697,1127123.0,2021
2011,Grassland,0.6476211119820731,114950.0,2021
2011,Unclassified,0.6180360758827524,20608.0,2021
2011,Urban Areas,0.5292055041545054,183256.0,2021
2020,Agricultural Land,0.6038928747504382,2157830.0,2021
2020,Forest,0.6730016991226578,5206144.0,2021
2020,Grassland,0.6552907864882688,734316.0,2021
2020,Unclassified,0.6377937546151552,56579.0,2021
2020,Urban Areas,0.568901828898378,406167.0,2021
2038,Agricultural Land,0.5950044862639968,334710.0,2021
2038,Forest,0.648800813859427,1568487.0,2021
2038,Grassland,0.6167686854801054,321799.0,2021
2038,Unclassified,0.6325659038133659,14092.0,2021
2038,Urban Areas,0.5469599588620868,148311.0,2021
2046,Agricultural Land,0.5802400442132283,998636.0,2021
2046,Forest,0.6594860990355138,931863.0,2021
2046,Grassland,0.647636987920778,123168.0,2021
2046,Unclassified,0.6453898108745321,18837.0,2021
2046,Urban Areas,0.5232630177995993,210579.0,2021
2054,Agricultural Land,0.6019777687953101,726132.0,2021
2054,Forest,0.6809823461292459,4427814.0,2021
2054,Grassland,0.6410710885646413,1136790.0,2021
2054,Unclassified,0.6507391406979228,35617.0,2021
2054,Urban Areas,0.5489087097682918,276536.0,2021
2062,Agricultural Land,0.6081533170606709,1923316.0,2021
2062,Forest,0.68456861127784,4559349.0,2021
2062,Grassland,0.688759462546831,372736.0,2021
2062,Unclassified,0.6382567638849427,52085.0,2021
2062,Urban Areas,0.6012462095894465,263496.0,2021
19,Agricultural Land,0.451181077097627,1361153.0,2022
19,Forest,0.5235107125110176,789369.0,2022
19,Grassland,0.5154873153969599,44457.0,2022
19,Unclassified,0.3740321922356417,81862.0,2022
19,Urban Areas,0.4122100907052649,2643813.0,2022
27,Agricultural Land,0.509316443709205,3383923.0,2022
27,Forest,0.5546388575354575,2614466.0,2022
27,Grassland,0.5610009667862468,127790.0,2022
27,Unclassified,0.5207092728307177,57258.0,2022
27,Urban Areas,0.5134940813614504,622546.0,2022
35,Agricultural Land,0.5050625952738547,2810698.0,2022
35,Forest,0.5397751655977067,1699173.0,2022
35,Grassland,0.5529773624715153,57771.0,2022
35,Unclassified,0.5551292287163025,26103.0,2022
35,Urban Areas,0.5072259797471164,248059.0,2022
43,Agricultural Land,0.5418748720370069,1745434.0,2022
43,Forest,0.5916483860554245,846442.0,2022
43,Grassland,0.5805640622928604,59820.0,2022
43,Unclassified,0.583861959283249,13095.0,2022
43,Urban Areas,0.5542287884289223,173877.0,2022
51,Agricultural Land,0.4800230871602276,1593989.0,2022
51,Forest,0.5587301091112142,1913505.0,2022
51,Grassland,0.5213447431019994,185268.0,2022
51,Unclassified,0.4480109434387833,65797.0,2022
51,Urban Areas,0.46705855085097797,480627.0,2022
60,Agricultural Land,0.4795173937355205,1244382.0,2022
60,Forest,0.5621585968219006,1214144.0,2022
60,Grassland,0.5313366706508644,100932.0,2022
60,Unclassified,0.5224937890708801,13480.0,2022
60,Urban Areas,0.46610767962200406,198080.0,2022
78,Agricultural Land,0.43937037224569564,1608299.0,2022
78,Forest,0.5574176296705445,1252657.0,2022
78,Grassland,0.5504636795955133,55264.0,2022
78,Unclassified,0.499978879211284,19256.0,2022
78,Urban Areas,0.44269825368416515,552279.0,2022
86,Agricultural Land,0.38370709430231476,2749492.0,2022
86,Forest,0.5104504151213434,534041.0,2022
86,Grassland,0.4338308752550333,20151.0,2022
86,Unclassified,0.436187341673525,19649.0,2022
86,Urban Areas,0.3923015660666753,347662.0,2022
94,Agricultural Land,0.5002545930962051,4045008.0,2022
94,Forest,0.5824155231178796,1023423.0,2022
94,Grassland,0.570066121479178,53787.0,2022
94,Unclassified,0.524793213407362,71729.0,2022
94,Urban Areas,0.48455379215354916,572908.0,2022
108,Agricultural Land,0.49773522393191266,1199675.0,2022
108,Forest,0.5891590274054668,233438.0,2022
108,Grassland,0.5776795143556152,3547.0,2022
108,Unclassified,0.5519492309672677,8315.0,2022
108,Urban Areas,0.5105337973185373,181820.0,2022
116,Agricultural Land,0.491562295132217,3713143.0,2022
116,Forest,0.5612839183011826,2072772.0,2022
116,Grassland,0.5529490827941328,81690.0,2022
116,Unclassified,0.5531439000470662,50570.0,2022
116,Urban Areas,0.5010990439191986,428262.0,2022
124,Agricultural Land,0.46659611585170635,1925070.0,2022
124,Forest,0.5440036369789365,541079.0,2022
124,Grassland,0.5562357600560035,21160.0,2022
124,Unclassified,0.5459529876014321,16603.0,2022
124,Urban Areas,0.4768210026688475,225115.0,2022
132,Agricultural Land,0.4274881813467237,825220.0,2022
132,Forest,0.5098829126048939,180168.0,2022
132,Grassland,0.4928451344378168,8136.0,2022
132,Unclassified,0.3804585243980684,51603.0,2022
132,Urban Areas,0.42012330258903186,240766.0,2022
141,Agricultural Land,0.4183045250771701,2567638.0,2022
141,Forest,0.5454274326082231,1432295.0,2022
141,Grassland,0.5314212383262373,48769.0,2022
141,Unclassified,0.4926962386361781,87409.0,2022
141,Urban Areas,0.43483369078121514,410180.0,2022
159,Agricultural Land,0.4205028122168702,739187.0,2022
159,Forest,0.5311832137972664,138708.0,2022
159,Grassland,0.5210061913122371,13025.0,2022
159,Unclassified,0.4656069290693555,37102.0,2022
159,Urban Areas,0.41960543454291466,184771.0,2022
167,Agricultural Land,0.4287904882397711,4810845.0,2022
167,Forest,0.5616973570687092,2383713.0,2022
167,Grassland,0.5126063442415411,164601.0,2022
167,Unclassified,0.5334639572895915,51636.0,2022
167,Urban Areas,0.43695055474591865,642120.0,2022
175,Agricultural Land,0.4924542270352848,1137358.0,2022
175,Forest,0.6054974228655192,732793.0,2022
175,Grassland,0.5752267224604422,67911.0,2022
175,Unclassified,0.6104672828814528,28465.0,2022
175,Urban Areas,0.5127514437915283,137045.0,2022
183,Agricultural Land,0.4652226956409708,839166.0,2022
183,Forest,0.5859313562433813,333730.0,2022
183,Grassland,0.5403691385832866,37795.0,2022
183,Unclassified,0.5240513498080875,16463.0,2022
183,Urban Areas,0.4793185395728668,181702.0,2022
191,Agricultural Land,0.4567699508479875,2385873.0,2022
191,Forest,0.5956501176364611,749280.0,2022
191,Grassland,0.5636208535670408,18469.0,2022
191,Unclassified,0.4904300015537666,36165.0,2022
191,Urban Areas,0.4765566488874156,342075.0,2022
205,Agricultural Land,0.4558408689748776,2417541.0,2022
205,Forest,0.5742114641422476,683480.0,2022
205,Grassland,0.5372577500449763,50286.0,2022
205,Unclassified,0.516494405435462,32419.0,2022
205,Urban Areas,0.4612588503305988,263932.0,2022
213,Agricultural Land,0.42662734936733543,2374892.0,2022
213,Forest,0.5350233493279074,615189.0,2022
213,Grassland,0.5248473492743352,20717.0,2022
213,Unclassified,0.4425937334607287,51250.0,2022
213,Urban Areas,0.43890089610783184,677187.0,2022
221,Agricultural Land,0.4837737550683338,1546766.0,2022
221,Forest,0.540397903358268,1495701.0,2022
221,Grassland,0.5447389641727649,38748.0,2022
221,Unclassified,0.5013505634218186,21094.0,2022
221,Urban Areas,0.48416166282709017,639446.0,2022
230,Agricultural Land,0.4547622461992923,2633077.0,2022
230,Forest,0.5514420860010039,1936236.0,2022
230,Grassland,0.532449324395832,54797.0,2022
230,Unclassified,0.4849642954401508,49284.0,2022
230,Urban Areas,0.4690825879888045,1057706.0,2022
248,Agricultural Land,0.508980949616734,1109395.0,2022
248,Forest,0.565236916496647,1679516.0,2022
248,Grassland,0.560907084145706,80615.0,2022
248,Unclassified,0.5525534810080144,12297.0,2022
248,Urban Areas,0.512413514353215,228190.0,2022
256,Agricultural Land,0.4663777055545201,3009394.0,2022
256,Forest,0.5397197053424733,3941097.0,2022
256,Grassland,0.5232275137337453,254849.0,2022
256,Unclassified,0.5141346390087366,43122.0,2022
256,Urban Areas,0.47537682732748004,565269.0,2022
264,Agricultural Land,0.5384111270300938,2293313.0,2022
264,Forest,0.5860495232932494,1671299.0,2022
264,Grassland,0.5810598866451616,125413.0,2022
264,Unclassified,0.567967619431642,20394.0,2022
264,Urban Areas,0.5457539507796694,245348.0,2022
272,Agricultural Land,0.43230753221360047,4390400.0,2022
272,Forest,0.5560715457678799,3849328.0,2022
272,Grassland,0.523315508679619,135061.0,2022
272,Unclassified,0.509504589099593,65982.0,2022
272,Urban Areas,0.44771823244609066,469339.0,2022
281,Agricultural Land,0.5705665133735622,1871811.0,2022
281,Forest,0.6273442221272636,2118051.0,2022
281,Grassland,0.6093140209831797,93134.0,2022
281,Unclassified,0.620029254068046,65637.0,2022
281,Urban Areas,0.5612893769898121,212199.0,2022
299,Agricultural Land,0.4883585835932745,1550461.0,2022
299,Forest,0.6196140967542472,850435.0,2022
299,Grassland,0.5756798652673182,20622.0,2022
299,Unclassified,0.5320690821238688,15756.0,2022
299,Urban Areas,0.4965780587895149,141644.0,2022
302,Agricultural Land,0.5302697040694815,4428780.0,2022
302,Forest,0.6240505317624375,3145270.0,2022
302,Grassland,0.6037990777900112,87678.0,2022
302,Unclassified,0.5619900157559282,101954.0,2022
302,Urban Areas,0.4933933999440203,997825.0,2022
311,Agricultural Land,0.5718177226835867,1633960.0,2022
311,Forest,0.5899404676457809,2718824.0,2022
311,Grassland,0.5714785002659571,231168.0,2022
311,Unclassified,0.5813487749407112,53217.0,2022
311,Urban Areas,0.547559196512441,165581.0,2022
329,Agricultural Land,0.5588197624939014,2965284.0,2022
329,Forest,0.5747541031271148,6532440.0,2022
329,Grassland,0.561797696062906,745813.0,2022
329,Unclassified,0.5441399833100737,175711.0,2022
329,Urban Areas,0.535196533716086,367698.0,2022
337,Agricultural Land,0.4518499333812651,2645251.0,2022
337,Forest,0.5150076048883486,1731024.0,2022
337,Grassland,0.5412281508670748,64572.0,2022
337,Unclassified,0.5242524111214734,28863.0,2022
337,Urban Areas,0.4617687923433934,174564.0,2022
345,Agricultural Land,0.5481885063765585,4072241.0,2022
345,Forest,0.5973235949478146,4065295.0,2022
345,Grassland,0.5862381201710493,252000.0,2022
345,Unclassified,0.5994635454323597,106079.0,2022
345,Urban Areas,0.5394435229207311,409644.0,2022
353,Agricultural Land,0.5307726176411254,1507767.0,2022
353,Forest,0.6061297148137287,2798934.0,2022
353,Grassland,0.5747233412279534,175915.0,2022
353,Unclassified,0.588694499216436,153597.0,2022
353,Urban Areas,0.5143364837193328,205161.0,2022
361,Agricultural Land,0.5247932800000678,1147501.0,2022
361,Forest,0.5697876496308119,855772.0,2022
361,Grassland,0.5722078512061637,64119.0,2022
361,Unclassified,0.579509835707266,15334.0,2022
361,Urban Areas,0.5114000355396704,145488.0,2022
370,Agricultural Land,0.5169935875043692,1341492.0,2022
370,Forest,0.5603659298839779,804387.0,2022
370,Grassland,0.5751506307759124,60410.0,2022
370,Unclassified,0.5654796220552475,10180.0,2022
370,Urban Areas,0.5250236175526204,110139.0,2022
388,Agricultural Land,0.5411257104779866,4659033.0,2022
388,Forest,0.5931944309925448,2873287.0,2022
388,Grassland,0.5963315628619892,174290.0,2022
388,Unclassified,0.5916168827519166,46190.0,2022
388,Urban Areas,0.5484550333514449,407390.0,2022
396,Agricultural Land,0.4972667899711112,2080714.0,2022
396,Forest,0.5534149248450675,1407397.0,2022
396,Grassland,0.532202539971459,62937.0,2022
396,Unclassified,0.5421622273428888,14356.0,2022
396,Urban Areas,0.4956266279664982,172998.0,2022
400,Agricultural Land,0.4923671758648861,3752600.0,2022
400,Forest,0.587172620018993,2876054.0,2022
400,Grassland,0.5474877811631494,101949.0,2022
400,Unclassified,0.5659824936438178,54793.0,2022
400,Urban Areas,0.4968689497977552,393223.0,2022
418,Agricultural Land,0.5530092782419448,2770293.0,2022
418,Forest,0.5663785728966647,4656576.0,2022
418,Grassland,0.5752363883765256,436372.0,2022
418,Unclassified,0.5590894976928067,180619.0,2022
418,Urban Areas,0.542363010263604,295481.0,2022
426,Agricultural Land,0.552468627470001,1118591.0,2022
426,Forest,0.5308465285914724,3528582.0,2022
426,Grassland,0.5244682492649294,391788.0,2022
426,Unclassified,0.4848970365558865,135163.0,2022
426,Urban Areas,0.5302789379598125,167372.0,2022
434,Agricultural Land,0.4510005764857785,1534225.0,2022
434,Forest,0.5100893088218021,843787.0,2022
434,Grassland,0.48398973555484026,100732.0,2022
434,Unclassified,0.4872027043989787,19036.0,2022
434,Urban Areas,0.4485567658299622,140140.0,2022
442,Agricultural Land,0.5199206724306655,3419331.0,2022
442,Forest,0.5995982643186887,1636248.0,2022
442,Grassland,0.5587691214955994,170226.0,2022
442,Unclassified,0.560790964240496,44061.0,2022
442,Urban Areas,0.5181550643785474,371345.0,2022
451,Agricultural Land,0.507263943541187,1060944.0,2022
451,Forest,0.6216871768589757,516067.0,2022
451,Grassland,0.610923913086923,25892.0,2022
451,Unclassified,0.5676381330760059,17355.0,2022
451,Urban Areas,0.5077830710971618,111066.0,2022
469,Agricultural Land,0.5008820568560057,1766528.0,2022
469,Forest,0.594342642739973,976703.0,2022
469,Grassland,0.5732936777441329,91549.0,2022
469,Unclassified,0.5815946585477897,68553.0,2022
469,Urban Areas,0.5043473813709284,183106.0,2022
477,Agricultural Land,0.5197024927995169,5595059.0,2022
477,Forest,0.5888734714529393,3538938.0,2022
477,Grassland,0.588000710471336,91457.0,2022
477,Unclassified,0.5673322131596644,73489.0,2022
477,Urban Areas,0.5134218874344402,585023.0,2022
485,Agricultural Land,0.49764114134655174,3363742.0,2022
485,Forest,0.5992803101911857,3557246.0,2022
485,Grassland,0.5663109523209272,276490.0,2022
485,Unclassified,0.5550617077430998,57008.0,2022
485,Urban Areas,0.4984419968266768,326587.0,2022
493,Agricultural Land,0.4747190480751381,1798449.0,2022
493,Forest,0.5688692247665782,879352.0,2022
493,Grassland,0.547118350615104,35640.0,2022
493,Unclassified,0.5938791368720443,13209.0,2022
493,Urban Areas,0.48903017534827337,137731.0,2022
507,Agricultural Land,0.43949812157198476,428701.0,2022
507,Forest,0.5108103419859272,774802.0,2022
507,Grassland,0.4815857355116503,90569.0,2022
507,Unclassified,0.5145437463289789,17776.0,2022
507,Urban Areas,0.44510626478683923,82441.0,2022
515,Agricultural Land,0.3827592833312831,2334288.0,2022
515,Forest,0.4990974124545003,1666498.0,2022
515,Grassland,0.44338498172496194,400869.0,2022
515,Unclassified,0.4244276075139653,93906.0,2022
515,Urban Areas,0.4152066800899252,293535.0,2022
523,Agricultural Land,0.41943499294017283,1092577.0,2022
523,Forest,0.4869895452680258,2174779.0,2022
523,Grassland,0.43970669459054507,525255.0,2022
523,Unclassified,0.48329087768837586,49767.0,2022
523,Urban Areas,0.43214217275813865,162516.0,2022
531,Agricultural Land,0.4010361982066823,2845906.0,2022
531,Forest,0.4775385118466876,5766744.0,2022
531,Grassland,0.4534363185234373,2308780.0,2022
531,Unclassified,0.4486058653568835,127976.0,2022
531,Urban Areas,0.42032358899526945,538036.0,2022
540,Agricultural Land,0.4003506376018485,321685.0,2022
540,Forest,0.4685129650661873,2230280.0,2022
540,Grassland,0.44260566010875907,506267.0,2022
540,Unclassified,0.44599074239745234,105130.0,2022
540,Urban Areas,0.41682455582803507,169361.0,2022
558,Agricultural Land,0.46200256920176547,1487421.0,2022
558,Forest,0.5337321414684824,770208.0,2022
558,Grassland,0.5111845813840935,103437.0,2022
558,Unclassified,0.48460316434513095,21301.0,2022
558,Urban Areas,0.4495750667971985,133524.0,2022
566,Agricultural Land,0.5013718617326732,3896184.0,2022
566,Forest,0.5607529915651964,4110703.0,2022
566,Grassland,0.5393531731036711,474701.0,2022
566,Unclassified,0.5352180131017663,69082.0,2022
566,Urban Areas,0.5000150926885405,443701.0,2022
574,Agricultural Land,0.5674867220254253,2049334.0,2022
574,Forest,0.5343286664465589,4832314.0,2022
574,Grassland,0.555154945832764,479456.0,2022
574,Unclassified,0.49228171245087876,152008.0,2022
574,Urban Areas,0.5570943638753282,251939.0,2022
582,Agricultural Land,0.45136387428326724,980052.0,2022
582,Forest,0.5632676536808543,812765.0,2022
582,Grassland,0.5678640338221852,57180.0,2022
582,Unclassified,0.49203607409561706,41766.0,2022
582,Urban Areas,0.43354123379144643,695502.0,2022
591,Agricultural Land,0.5140426017470511,1100218.0,2022
591,Forest,0.5820265835880305,917616.0,2022
591,Grassland,0.5800901870055162,90612.0,2022
591,Unclassified,0.5828366033374609,13205.0,2022
591,Urban Areas,0.5368370465181758,153889.0,2022
604,Agricultural Land,0.4807558126773645,1512315.0,2022
604,Forest,0.5439940115584913,1207857.0,2022
604,Grassland,0.5311567889375693,151044.0,2022
604,Unclassified,0.5347593320592202,15933.0,2022
604,Urban Areas,0.4908300009034646,158772.0,2022
612,Agricultural Land,0.4966750051768935,1438670.0,2022
612,Forest,0.5865727132329064,952002.0,2022
612,Grassland,0.5602935191693876,73539.0,2022
612,Unclassified,0.5752530160401397,18037.0,2022
612,Urban Areas,0.5007011414424276,215018.0,2022
621,Agricultural Land,0.45841836436988787,1385659.0,2022
621,Forest,0.5762629599986632,902266.0,2022
621,Grassland,0.531017495187536,66976.0,2022
621,Unclassified,0.504821872824799,30506.0,2022
621,Urban Areas,0.46036728064520027,190974.0,2022
639,Agricultural Land,0.3873561693278311,2763258.0,2022
639,Forest,0.4692272594160563,3243504.0,2022
639,Grassland,0.44076907278402055,243561.0,2022
639,Unclassified,0.4188135826718576,63635.0,2022
639,Urban Areas,0.3988919135842908,254442.0,2022
647,Agricultural Land,0.37958743629325054,2999915.0,2022
647,Forest,0.47478063802317166,2532965.0,2022
647,Grassland,0.4332600146906359,136232.0,2022
647,Unclassified,0.42338145870905136,70067.0,2022
647,Urban Areas,0.4044620036788429,481367.0,2022
655,Agricultural Land,0.46878946512781294,2350027.0,2022
655,Forest,0.5564807819203921,3485660.0,2022
655,Grassland,0.5328846149962869,178636.0,2022
655,Unclassified,0.5201119613575728,45202.0,2022
655,Urban Areas,0.48936816195959126,444226.0,2022
663,Agricultural Land,0.42087928691409227,276609.0,2022
663,Forest,0.4631956484010383,1879990.0,2022
663,Grassland,0.4369449704213764,335106.0,2022
663,Unclassified,0.4276252477135469,68788.0,2022
663,Urban Areas,0.42095306933233945,69720.0,2022
671,Agricultural Land,0.40416878685751334,963133.0,2022
671,Forest,0.46850568155188715,2631544.0,2022
671,Grassland,0.43941794380536503,464728.0,2022
671,Unclassified,0.31494551962002965,294426.0,2022
671,Urban Areas,0.37188818687182695,434409.0,2022
680,Agricultural Land,0.38937238842510014,2050108.0,2022
680,Forest,0.474902728816744,1918266.0,2022
680,Grassland,0.44017227889307325,100084.0,2022
680,Unclassified,0.4969275057638323,28093.0,2022
680,Urban Areas,0.4048361287181339,179478.0,2022
698,Agricultural Land,0.44238643652858656,3641816.0,2022
698,Forest,0.5437503949391569,4880391.0,2022
698,Grassland,0.49647887074604097,372361.0,2022
698,Unclassified,0.5402587493318525,117685.0,2022
698,Urban Areas,0.438956072848803,327499.0,2022
701,Agricultural Land,0.46728182636530463,441216.0,2022
701,Forest,0.5073518406333093,1162023.0,2022
701,Grassland,0.49217570079723755,249422.0,2022
701,Unclassified,0.501302917198443,19043.0,2022
701,Urban Areas,0.4574149931991875,125062.0,2022
710,Agricultural Land,0.48156063645523606,2727003.0,2022
710,Forest,0.5582350298179474,4629181.0,2022
710,Grassland,0.5133708024026945,643504.0,2022
710,Unclassified,0.5399271167401047,166145.0,2022
710,Urban Areas,0.48207022753756107,445083.0,2022
728,Agricultural Land,0.46793751528845406,1252683.0,2022
728,Forest,0.5382157427552524,3192539.0,2022
728,Grassland,0.48662284629867375,529704.0,2022
728,Unclassified,0.4765240541344239,228393.0,2022
728,Urban Areas,0.4672287863520628,319440.0,2022
736,Agricultural Land,0.46959874123790984,830281.0,2022
736,Forest,0.49210346576323094,1342885.0,2022
736,Grassland,0.48409418784281916,184681.0,2022
736,Unclassified,0.45331489560876553,81346.0,2022
736,Urban Areas,0.4629458710170177,184952.0,2022
744,Agricultural Land,0.4833477096751252,175556.0,2022
744,Forest,0.5158545395853442,460759.0,2022
744,Grassland,0.47171640198157205,124246.0,2022
744,Unclassified,0.4791174918506702,10514.0,2022
744,Urban Areas,0.46915103952032416,104299.0,2022
752,Agricultural Land,0.33774466914390383,1398023.0,2022
752,Forest,0.5176770175794138,2203219.0,2022
752,Grassland,0.4687530097115876,293803.0,2022
752,Unclassified,0.3248145139070689,427547.0,2022
752,Urban Areas,0.3689150944033078,409947.0,2022
761,Agricultural Land,0.33256533827481827,1453672.0,2022
761,Forest,0.4664784412001871,2015721.0,2022
761,Grassland,0.42936641623072197,568621.0,2022
761,Unclassified,0.3972756588685632,89295.0,2022
761,Urban Areas,0.3644789022408676,257739.0,2022
779,Agricultural Land,0.49970729174977696,296361.0,2022
779,Forest,0.5035864892323781,942209.0,2022
779,Grassland,0.49644524724019196,119365.0,2022
779,Unclassified,0.5012709217508289,17976.0,2022
779,Urban Areas,0.46083685016607734,168940.0,2022
787,Agricultural Land,0.4980410910892411,164385.0,2022
787,Forest,0.4939894499299612,1474339.0,2022
787,Grassland,0.5070141981924241,129077.0,2022
787,Unclassified,0.4640060924261231,31039.0,2022
787,Urban Areas,0.4838785270657569,99602.0,2022
795,Agricultural Land,0.5081242763894144,217774.0,2022
795,Forest,0.5503802211182546,384258.0,2022
795,Grassland,0.5229405217495513,65639.0,2022
795,Unclassified,0.551254362204067,9752.0,2022
795,Urban Areas,0.5124625455290412,62157.0,2022
809,Agricultural Land,0.5089623695854977,1173806.0,2022
809,Forest,0.5367282786138821,1872271.0,2022
809,Grassland,0.5302222234842686,199069.0,2022
809,Unclassified,0.5124136014490129,40323.0,2022
809,Urban Areas,0.5122316924959261,197355.0,2022
817,Agricultural Land,0.5120441044123725,1717060.0,2022
817,Forest,0.575541072315984,2785999.0,2022
817,Grassland,0.5533099038617078,478717.0,2022
817,Unclassified,0.5439155770426727,53676.0,2022
817,Urban Areas,0.5045535211446458,726940.0,2022
825,Agricultural Land,0.4135244242420494,2611316.0,2022
825,Forest,0.535601667053269,1406707.0,2022
825,Grassland,0.5121384025620341,216482.0,2022
825,Unclassified,0.39791168634584817,84751.0,2022
825,Urban Areas,0.43523203752486594,357409.0,2022
833,Agricultural Land,0.4079762167217724,1702309.0,2022
833,Forest,0.5735188648387115,584814.0,2022
833,Grassland,0.49101153453360635,56845.0,2022
833,Unclassified,0.354185807752304,45856.0,2022
833,Urban Areas,0.4182257637847356,221037.0,2022
841,Agricultural Land,0.36261461879181056,2254919.0,2022
841,Forest,0.49723685519427574,440273.0,2022
841,Grassland,0.4003717020642813,28137.0,2022
841,Unclassified,0.37671222859125275,48030.0,2022
841,Urban Areas,0.38304532696354304,212034.0,2022
850,Agricultural Land,0.3441918166745044,3377878.0,2022
850,Forest,0.5098141555139846,901274.0,2022
850,Grassland,0.37545608853250173,66741.0,2022
850,Unclassified,0.4067432431874159,41131.0,2022
850,Urban Areas,0.3537902142527632,318799.0,2022
868,Agricultural Land,0.3601433915090177,2046142.0,2022
868,Forest,0.4691728967199721,1006203.0,2022
868,Grassland,0.40974180358843054,170869.0,2022
868,Unclassified,0.39578979896162475,19220.0,2022
868,Urban Areas,0.3609417855603197,146503.0,2022
876,Agricultural Land,0.31663367705786516,2076991.0,2022
876,Forest,0.4628312068385279,703620.0,2022
876,Grassland,0.35012790343035,40818.0,2022
876,Unclassified,0.34932048767568297,34610.0,2022
876,Urban Areas,0.3335805527662779,213568.0,2022
884,Agricultural Land,0.44431751599981145,220292.0,2022
884,Forest,0.5309687171420653,1624530.0,2022
884,Grassland,0.5168309545976881,131155.0,2022
884,Unclassified,0.33290895483866145,120528.0,2022
884,Urban Areas,0.4060391947278281,211521.0,2022
892,Agricultural Land,0.34101761047127527,1081454.0,2022
892,Forest,0.4398045878800644,531707.0,2022
892,Grassland,0.3834186289856217,78872.0,2022
892,Unclassified,0.2942067130948166,233009.0,2022
892,Urban Areas,0.36149950859100555,324154.0,2022
906,Agricultural Land,0.44630004783280947,454409.0,2022
906,Forest,0.5297994168098108,492331.0,2022
906,Grassland,0.4511196942315964,24299.0,2022
906,Unclassified,0.260757539889095,125789.0,2022
906,Urban Areas,0.38932881399271074,130303.0,2022
914,Agricultural Land,0.4390690783759535,836744.0,2022
914,Forest,0.5137175904372245,1802720.0,2022
914,Grassland,0.4644206846989026,277139.0,2022
914,Unclassified,0.33658575622044834,101681.0,2022
914,Urban Areas,0.4107164799795544,385303.0,2022
922,Agricultural Land,0.49752821404614295,910947.0,2022
922,Forest,0.5824202924346455,1896908.0,2022
922,Grassland,0.5254753997695278,558114.0,2022
922,Unclassified,0.46964817315880536,73004.0,2022
922,Urban Areas,0.4849557667227133,560113.0,2022
931,Agricultural Land,0.4800052227767578,1813735.0,2022
931,Forest,0.5486002877576592,1130421.0,2022
931,Grassland,0.5421244336828317,109236.0,2022
931,Unclassified,0.5482008358150122,23271.0,2022
931,Urban Areas,0.48387625532248024,174478.0,2022
949,Agricultural Land,0.48047057414288447,3992003.0,2022
949,Forest,0.5362181688429922,1859833.0,2022
949,Grassland,0.5437181058219859,82317.0,2022
949,Unclassified,0.5425201907529821,46341.0,2022
949,Urban Areas,0.4907242568204589,407164.0,2022
957,Agricultural Land,0.4915670926554633,1432889.0,2022
957,Forest,0.5354431471820966,1213372.0,2022
957,Grassland,0.5426509347494786,40295.0,2022
957,Unclassified,0.5377425284345749,24599.0,2022
957,Urban Areas,0.4950252283528611,151848.0,2022
965,Agricultural Land,0.4779054682026452,4288252.0,2022
965,Forest,0.5876865695032572,1326849.0,2022
965,Grassland,0.5520202013429232,70382.0,2022
965,Unclassified,0.5245578302402489,68039.0,2022
965,Urban Areas,0.47395648811946167,923696.0,2022
973,Agricultural Land,0.47446507465605886,1519590.0,2022
973,Forest,0.5718105286592081,377831.0,2022
973,Grassland,0.5399339936797727,60284.0,2022
973,Unclassified,0.5614763851523664,9433.0,2022
973,Urban Areas,0.48545898930018866,157574.0,2022
981,Agricultural Land,0.4814908330189996,4232153.0,2022
981,Forest,0.5797867498228855,2342369.0,2022
981,Grassland,0.5532312022362048,119421.0,2022
981,Unclassified,0.5243417696993351,62500.0,2022
981,Urban Areas,0.49406343354518434,640712.0,2022
990,Agricultural Land,0.529757099823447,1121033.0,2022
990,Forest,0.5796151084309918,1041586.0,2022
990,Grassland,0.5661774808178731,113777.0,2022
990,Unclassified,0.5555595247542128,20737.0,2022
990,Urban Areas,0.53241077138265,142590.0,2022
1007,Agricultural Land,0.48850545754915736,1254322.0,2022
1007,Forest,0.5757620505086269,461900.0,2022
1007,Grassland,0.5376107685297049,43490.0,2022
1007,Unclassified,0.5522219654638845,8870.0,2022
1007,Urban Areas,0.4841211765751316,150161.0,2022
1015,Agricultural Land,0.5006599864075899,3870892.0,2022
1015,Forest,0.5889573935892708,1454038.0,2022
1015,Grassland,0.5539212965485584,152687.0,2022
1015,Unclassified,0.5546599438806044,41798.0,2022
1015,Urban Areas,0.509782053545658,391303.0,2022
1023,Agricultural Land,0.5689405301772394,445945.0,2022
1023,Forest,0.6268570574389981,388847.0,2022
1023,Grassland,0.6072096989134893,46194.0,2022
1023,Unclassified,0.6271390501094991,3006.0,2022
1023,Urban Areas,0.5536446393950856,84202.0,2022
1031,Agricultural Land,0.49447151535995537,1237109.0,2022
1031,Forest,0.5732849376862587,1002281.0,2022
1031,Grassland,0.5437117037048071,216009.0,2022
1031,Unclassified,0.5404668801537929,18680.0,2022
1031,Urban Areas,0.5098942574967783,109904.0,2022
1040,Agricultural Land,0.469730915291666,956242.0,2022
1040,Forest,0.5612420934924025,201196.0,2022
1040,Grassland,0.5421211440029732,35557.0,2022
1040,Unclassified,0.560410071574644,12258.0,2022
1040,Urban Areas,0.4768936181276515,141153.0,2022
1058,Agricultural Land,0.45939473622736204,598275.0,2022
1058,Forest,0.5482142610886962,210727.0,2022
1058,Grassland,0.5293990603819622,33496.0,2022
1058,Unclassified,0.5581555309210456,10578.0,2022
1058,Urban Areas,0.4569686735103056,81327.0,2022
1066,Agricultural Land,0.48660238857250493,1624523.0,2022
1066,Forest,0.56838994651044,1306873.0,2022
1066,Grassland,0.5460991552533809,265633.0,2022
1066,Unclassified,0.5633617611919117,20672.0,2022
1066,Urban Areas,0.48783319879368814,308672.0,2022
1074,Agricultural Land,0.4750616401421212,1029866.0,2022
1074,Forest,0.5743196143433776,889216.0,2022
1074,Grassland,0.5460565856931708,38197.0,2022
1074,Unclassified,0.5452572862244103,10386.0,2022
1074,Urban Areas,0.4757839124658391,153263.0,2022
1082,Agricultural Land,0.46987809847792006,2434905.0,2022
1082,Forest,0.5787653505926567,730610.0,2022
1082,Grassland,0.5429946748668436,36969.0,2022
1082,Unclassified,0.5251344060765115,58252.0,2022
1082,Urban Areas,0.4613599300599527,726743.0,2022
1091,Agricultural Land,0.49469586590129866,1279999.0,2022
1091,Forest,0.5920363022222687,935938.0,2022
1091,Grassland,0.5504131242772464,29888.0,2022
1091,Unclassified,0.49684579172216237,36241.0,2022
1091,Urban Areas,0.49193559570492584,243340.0,2022
1104,Agricultural Land,0.4598036988078846,1454265.0,2022
1104,Forest,0.5415783368267738,940204.0,2022
1104,Grassland,0.523772644436446,205553.0,2022
1104,Unclassified,0.5367200456495362,14717.0,2022
1104,Urban Areas,0.46647019425638303,162309.0,2022
1112,Agricultural Land,0.4914385810878786,833212.0,2022
1112,Forest,0.5756722678650386,1091796.0,2022
1112,Grassland,0.5537863593099754,85964.0,2022
1112,Unclassified,0.5509136503941285,34323.0,2022
1112,Urban Areas,0.48130708686654017,170573.0,2022
1121,Agricultural Land,0.4789554009234053,2018655.0,2022
1121,Forest,0.5460000935702377,2069907.0,2022
1121,Grassland,0.5349121471841153,402660.0,2022
1121,Unclassified,0.5266752255795106,35497.0,2022
1121,Urban Areas,0.47775022684420754,255745.0,2022
1139,Agricultural Land,0.5271689383086525,798531.0,2022
1139,Forest,0.5356098404332597,1376400.0,2022
1139,Grassland,0.5221604146317428,422816.0,2022
1139,Unclassified,0.4736979414907006,22990.0,2022
1139,Urban Areas,0.5216145173294972,159296.0,2022
1147,Agricultural Land,0.5196908827556359,985553.0,2022
1147,Forest,0.5849834028896994,873436.0,2022
1147,Grassland,0.5532625914635572,248554.0,2022
1147,Unclassified,0.5351623550713833,23654.0,2022
1147,Urban Areas,0.5259228538808399,165962.0,2022
1155,Agricultural Land,0.5113308057308046,1197144.0,2022
1155,Forest,0.6048720786284432,766559.0,2022
1155,Grassland,0.5811059215809872,100336.0,2022
1155,Unclassified,0.6083136719325044,28652.0,2022
1155,Urban Areas,0.5173804309113234,219637.0,2022
1163,Agricultural Land,0.511623626840885,2171985.0,2022
1163,Forest,0.6052569623900638,895628.0,2022
1163,Grassland,0.6002672508021216,78446.0,2022
1163,Unclassified,0.6021617901551188,10393.0,2022
1163,Urban Areas,0.5250382608379259,205362.0,2022
1171,Agricultural Land,0.4703774456879577,2020195.0,2022
1171,Forest,0.5320435762436814,1797549.0,2022
1171,Grassland,0.5130269686299413,127815.0,2022
1171,Unclassified,0.517854063871044,20992.0,2022
1171,Urban Areas,0.4811609268597926,190700.0,2022
1180,Agricultural Land,0.555293886622667,1447656.0,2022
1180,Forest,0.6236316168499564,1025742.0,2022
1180,Grassland,0.6079299325005858,81590.0,2022
1180,Unclassified,0.599542514554503,10356.0,2022
1180,Urban Areas,0.5604001250389613,145763.0,2022
1198,Agricultural Land,0.48839295446562203,1943411.0,2022
1198,Forest,0.5540933387099277,1246562.0,2022
1198,Grassland,0.5378937412612338,90528.0,2022
1198,Unclassified,0.5497919533242658,7822.0,2022
1198,Urban Areas,0.4985945410752764,204833.0,2022
1201,Agricultural Land,0.48456072261121924,1288922.0,2022
1201,Forest,0.5509339836781598,1011406.0,2022
1201,Grassland,0.5423668381516641,67845.0,2022
1201,Unclassified,0.5226436323507506,13287.0,2022
1201,Urban Areas,0.48437561738194534,182598.0,2022
1210,Agricultural Land,0.530895591157805,1723529.0,2022
1210,Forest,0.5403640477456285,3296186.0,2022
1210,Grassland,0.5309825644198789,519436.0,2022
1210,Unclassified,0.4981386072576384,48254.0,2022
1210,Urban Areas,0.5139006647182747,351874.0,2022
1228,Agricultural Land,0.5165465240621406,730127.0,2022
1228,Forest,0.5073234385171566,1632530.0,2022
1228,Grassland,0.4771178509407166,354359.0,2022
1228,Unclassified,0.403369348007208,55789.0,2022
1228,Urban Areas,0.4814372201615028,156127.0,2022
1236,Agricultural Land,0.5538556347748496,574668.0,2022
1236,Forest,0.5419018139969586,770556.0,2022
1236,Grassland,0.5362587379100444,156408.0,2022
1236,Unclassified,0.5511243557416906,8945.0,2022
1236,Urban Areas,0.5435841976535665,70669.0,2022
1244,Agricultural Land,0.4773417118612242,1366615.0,2022
1244,Forest,0.5561366345078056,1012206.0,2022
1244,Grassland,0.5180423380513564,196116.0,2022
1244,Unclassified,0.5444413998373592,15343.0,2022
1244,Urban Areas,0.49336670314707604,150600.0,2022
1252,Agricultural Land,0.5230276704242636,1785647.0,2022
1252,Forest,0.6169929740013669,666843.0,2022
1252,Grassland,0.5937208927079078,91269.0,2022
1252,Unclassified,0.6066295142198567,20670.0,2022
1252,Urban Areas,0.521289936508525,221712.0,2022
1261,Agricultural Land,0.509471092547319,1346321.0,2022
1261,Forest,0.5873653388872365,1019527.0,2022
1261,Grassland,0.5611675257507237,216998.0,2022
1261,Unclassified,0.5348104407303004,24791.0,2022
1261,Urban Areas,0.5069141405453617,193618.0,2022
1279,Agricultural Land,0.4717598912930512,257228.0,2022
1279,Forest,0.5389580221780876,404602.0,2022
1279,Grassland,0.5242023542443011,35226.0,2022
1279,Unclassified,0.5219959297282377,3126.0,2022
1279,Urban Areas,0.47156879481690483,94728.0,2022
1287,Agricultural Land,0.4926904956071928,823811.0,2022
1287,Forest,0.5632847187719567,721116.0,2022
1287,Grassland,0.5377490028353411,191267.0,2022
1287,Unclassified,0.5612062437564362,12544.0,2022
1287,Urban Areas,0.4871692951394896,151846.0,2022
1295,Agricultural Land,0.4652553698495327,1076352.0,2022
1295,Forest,0.5664578831012684,1986566.0,2022
1295,Grassland,0.5301843023040369,116639.0,2022
1295,Unclassified,0.5356194096542665,20736.0,2022
1295,Urban Areas,0.4649063532418473,299768.0,2022
1309,Agricultural Land,0.4979852479793807,2387583.0,2022
1309,Forest,0.5531968407265139,2204448.0,2022
1309,Grassland,0.5393740554095278,131907.0,2022
1309,Unclassified,0.5249905694367206,21670.0,2022
1309,Urban Areas,0.49350881994689505,334442.0,2022
1317,Agricultural Land,0.43506356505244964,511181.0,2022
1317,Forest,0.5748007263325013,747127.0,2022
1317,Grassland,0.5222847185333143,7913.0,2022
1317,Unclassified,0.45744068304648494,27068.0,2022
1317,Urban Areas,0.42911107072404087,981063.0,2022
1325,Agricultural Land,0.45227425779539493,855565.0,2022
1325,Forest,0.5533355060482267,676898.0,2022
1325,Grassland,0.5065311481233933,18918.0,2022
1325,Unclassified,0.5381092347377063,19450.0,2022
1325,Urban Areas,0.4572888158638897,148707.0,2022
1333,Agricultural Land,0.45856700068653367,322485.0,2022
1333,Forest,0.5609706934588291,303657.0,2022
1333,Grassland,0.5117620149382028,6629.0,2022
1333,Unclassified,0.481078844748432,5484.0,2022
1333,Urban Areas,0.45317819853469116,130967.0,2022
1341,Agricultural Land,0.46632981518495664,701143.0,2022
1341,Forest,0.5593335479327088,862729.0,2022
1341,Grassland,0.5225664593222703,8416.0,2022
1341,Unclassified,0.5246827619365466,5687.0,2022
1341,Urban Areas,0.4629854390808496,163682.0,2022
1350,Agricultural Land,0.46931139634397473,1302143.0,2022
1350,Forest,0.5435074099278455,1719999.0,2022
1350,Grassland,0.5083410200498026,114441.0,2022
1350,Unclassified,0.5240221521627414,27488.0,2022
1350,Urban Areas,0.4778985928490285,250371.0,2022
1368,Agricultural Land,0.4343926238011688,1513732.0,2022
1368,Forest,0.5775094843878087,1412544.0,2022
1368,Grassland,0.5547601120080248,19453.0,2022
1368,Unclassified,0.46130645497807243,38509.0,2022
1368,Urban Areas,0.4352505339889694,438324.0,2022
1376,Agricultural Land,0.42492615660854904,1474785.0,2022
1376,Forest,0.5271329232044423,168464.0,2022
1376,Grassland,0.5004085354539505,22900.0,2022
1376,Unclassified,0.40879831988821846,38565.0,2022
1376,Urban Areas,0.40404686737829987,229744.0,2022
1384,Agricultural Land,0.43151044658531384,2495214.0,2022
1384,Forest,0.5720728813788467,1244806.0,2022
1384,Grassland,0.550760608932706,82270.0,2022
1384,Unclassified,0.5581767013921336,109490.0,2022
1384,Urban Areas,0.4098764348374069,347795.0,2022
1392,Agricultural Land,0.41724020656432714,2602492.0,2022
1392,Forest,0.5240866155040907,518471.0,2022
1392,Grassland,0.46373593692922005,37286.0,2022
1392,Unclassified,0.5119906217373018,20325.0,2022
1392,Urban Areas,0.399727080523731,276975.0,2022
1406,Agricultural Land,0.450065049228957,1587707.0,2022
1406,Forest,0.543662876612844,450329.0,2022
1406,Grassland,0.4702014900318143,30270.0,2022
1406,Unclassified,0.5186741420568683,29773.0,2022
1406,Urban Areas,0.4206438181566968,145785.0,2022
1414,Agricultural Land,0.46317565399528765,1405127.0,2022
1414,Forest,0.5737573664239564,240077.0,2022
1414,Grassland,0.5409326638891001,1073.0,2022
1414,Unclassified,0.520376615808723,29600.0,2022
1414,Urban Areas,0.4456434944191395,138136.0,2022
1422,Agricultural Land,0.47256686406991394,531189.0,2022
1422,Forest,0.5484367127431771,994351.0,2022
1422,Grassland,0.4983424301538604,146083.0,2022
1422,Unclassified,0.5232674726035875,6728.0,2022
1422,Urban Areas,0.45443023511767755,97656.0,2022
1431,Agricultural Land,0.4357933550600035,555991.0,2022
1431,Forest,0.5625452184973058,303851.0,2022
1431,Grassland,0.45526619935142854,20249.0,2022
1431,Unclassified,0.42436224861543514,16417.0,2022
1431,Urban Areas,0.4260131680653474,198886.0,2022
1449,Agricultural Land,0.43546876427017134,763222.0,2022
1449,Forest,0.5107211481161793,1428841.0,2022
1449,Grassland,0.4653928554212173,266271.0,2022
1449,Unclassified,0.4928283102990171,10526.0,2022
1449,Urban Areas,0.4159901031569364,111261.0,2022
1457,Agricultural Land,0.49630667947699947,451412.0,2022
1457,Forest,0.5568882133863957,765812.0,2022
1457,Grassland,0.5142386167551783,113468.0,2022
1457,Unclassified,0.5391615474997362,5889.0,2022
1457,Urban Areas,0.48554228206573885,114997.0,2022
1465,Agricultural Land,0.46483161672280465,1136538.0,2022
1465,Forest,0.5819158356381745,1725930.0,2022
1465,Grassland,0.5202911097524582,164979.0,2022
1465,Unclassified,0.5375411554673418,13416.0,2022
1465,Urban Areas,0.4681586220320715,451839.0,2022
1473,Agricultural Land,0.3847122145084635,1667134.0,2022
1473,Forest,0.5156222028010525,782967.0,2022
1473,Grassland,0.462469659363953,38098.0,2022
1473,Unclassified,0.4721178593534575,32593.0,2022
1473,Urban Areas,0.36590746798345425,276067.0,2022
1481,Agricultural Land,0.41100303975584823,2770637.0,2022
1481,Forest,0.5578666141664927,1509984.0,2022
1481,Grassland,0.47336783631672924,35584.0,2022
1481,Unclassified,0.48487237960197976,34734.0,2022
1481,Urban Areas,0.4071174018787039,334410.0,2022
1490,Agricultural Land,0.4374524672961183,1816952.0,2022
1490,Forest,0.5718582633004994,983118.0,2022
1490,Grassland,0.49820476222142274,357383.0,2022
1490,Unclassified,0.529364555519283,32764.0,2022
1490,Urban Areas,0.4226825884606936,216216.0,2022
1503,Agricultural Land,0.5412725005968083,4715628.0,2022
1503,Forest,0.5799339636005674,3273636.0,2022
1503,Grassland,0.5977745017276274,201301.0,2022
1503,Unclassified,0.5779556065164335,73533.0,2022
1503,Urban Areas,0.5201009869424257,693021.0,2022
1511,Agricultural Land,0.5129614657255209,1564460.0,2022
1511,Forest,0.5723177669298188,1056755.0,2022
1511,Grassland,0.5821875546581984,85962.0,2022
1511,Unclassified,0.5678058807203861,23221.0,2022
1511,Urban Areas,0.5205691597588398,122938.0,2022
1520,Agricultural Land,0.451290487052,550357.0,2022
1520,Forest,0.5646821722813513,918187.0,2022
1520,Grassland,0.532683791874747,69855.0,2022
1520,Unclassified,0.5450458551975007,6956.0,2022
1520,Urban Areas,0.45840565942640094,90834.0,2022
1538,Agricultural Land,0.4474212418486739,958587.0,2022
1538,Forest,0.5546613271775555,203545.0,2022
1538,Grassland,0.5051521913772432,20714.0,2022
1538,Unclassified,0.44473875968917514,5505.0,2022
1538,Urban Areas,0.4187346402867551,134427.0,2022
1546,Agricultural Land,0.4640795777292367,3088318.0,2022
1546,Forest,0.5970249705550031,1357790.0,2022
1546,Grassland,0.5487242016107071,51130.0,2022
1546,Unclassified,0.5300996180436414,33941.0,2022
1546,Urban Areas,0.4464689731104805,393641.0,2022
1554,Agricultural Land,0.464202947902361,1022071.0,2022
1554,Forest,0.515226708957108,786433.0,2022
1554,Grassland,0.5164308457214505,36984.0,2022
1554,Unclassified,0.5023399384025269,5434.0,2022
1554,Urban Areas,0.4649153766217253,105218.0,2022
1562,Agricultural Land,0.47749592082068754,4117543.0,2022
1562,Forest,0.542108701384039,1064065.0,2022
1562,Grassland,0.5308744807791057,67563.0,2022
1562,Unclassified,0.5188352281539028,21180.0,2022
1562,Urban Areas,0.458278227711545,514036.0,2022
1571,Agricultural Land,0.46905591877455305,2762705.0,2022
1571,Forest,0.5514207692356079,1112524.0,2022
1571,Grassland,0.5657200649498624,29312.0,2022
1571,Unclassified,0.5408747819997026,15721.0,2022
1571,Urban Areas,0.46538257219437795,181517.0,2022
1589,Agricultural Land,0.4799627433048094,1123189.0,2022
1589,Forest,0.5485186389919812,787306.0,2022
1589,Grassland,0.5062686581768461,26194.0,2022
1589,Unclassified,0.5685075080372871,13625.0,2022
1589,Urban Areas,0.4720865812244889,110267.0,2022
1597,Agricultural Land,0.4923882651260424,5151677.0,2022
1597,Forest,0.5571012523614015,2558589.0,2022
1597,Grassland,0.5660929098766609,61350.0,2022
1597,Unclassified,0.5680649364294963,37684.0,2022
1597,Urban Areas,0.47776189430804133,455936.0,2022
1601,Agricultural Land,0.4091026379673578,2774836.0,2022
1601,Forest,0.5749686379868524,1745428.0,2022
1601,Grassland,0.5006516555599493,102910.0,2022
1601,Unclassified,0.4635882227890368,38566.0,2022
1601,Urban Areas,0.3962236988446018,451789.0,2022
1619,Agricultural Land,0.42501553565631744,2078647.0,2022
1619,Forest,0.5443832129395898,1901582.0,2022
1619,Grassland,0.47961508719691553,457481.0,2022
1619,Unclassified,0.4864014343484357,16408.0,2022
1619,Urban Areas,0.4029618186741229,263188.0,2022
1627,Agricultural Land,0.4565455216857221,1115807.0,2022
1627,Forest,0.5896649703360337,435265.0,2022
1627,Grassland,0.4901535818747072,13079.0,2022
1627,Unclassified,0.5253737452547376,5896.0,2022
1627,Urban Areas,0.46429307535463604,133163.0,2022
1635,Agricultural Land,0.4166858161508555,1061246.0,2022
1635,Forest,0.542974090027103,318530.0,2022
1635,Grassland,0.4458171331656049,3738.0,2022
1635,Unclassified,0.4642322468640551,3971.0,2022
1635,Urban Areas,0.4129321356594534,183736.0,2022
1643,Agricultural Land,0.4832577293619815,2374686.0,2022
1643,Forest,0.5728251254656652,2611720.0,2022
1643,Grassland,0.5401524180939311,42922.0,2022
1643,Unclassified,0.5017863731981801,26636.0,2022
1643,Urban Areas,0.4550825421837894,320709.0,2022
1651,Agricultural Land,0.45684386950812955,2458567.0,2022
1651,Forest,0.5680382961518609,787162.0,2022
1651,Grassland,0.5084769646752434,20114.0,2022
1651,Unclassified,0.5200927332512133,17971.0,2022
1651,Urban Areas,0.449020416144529,181301.0,2022
1660,Agricultural Land,0.4499422244688867,8138512.0,2022
1660,Forest,0.5476123988832535,3265671.0,2022
1660,Grassland,0.4919382153239632,101721.0,2022
1660,Unclassified,0.5070958030841798,91970.0,2022
1660,Urban Areas,0.4304401550292786,650428.0,2022
1678,Agricultural Land,0.4996622106375647,1662011.0,2022
1678,Forest,0.5561511974018037,1407589.0,2022
1678,Grassland,0.5516779851591146,160114.0,2022
1678,Unclassified,0.5582778658419744,20118.0,2022
1678,Urban Areas,0.5047077272163754,186220.0,2022
1686,Agricultural Land,0.5222814539729865,1427198.0,2022
1686,Forest,0.5798504835497285,1202937.0,2022
1686,Grassland,0.5931350901646036,100800.0,2022
1686,Unclassified,0.5794003998643822,20791.0,2022
1686,Urban Areas,0.5287171257800353,150605.0,2022
1694,Agricultural Land,0.4908258679867928,2695207.0,2022
1694,Forest,0.5551191515879239,1586179.0,2022
1694,Grassland,0.5560055945043164,44528.0,2022
1694,Unclassified,0.5357371919399432,23753.0,2022
1694,Urban Areas,0.4748058910176987,289658.0,2022
1708,Agricultural Land,0.5374497634047682,2112344.0,2022
1708,Forest,0.5764120102529494,2035178.0,2022
1708,Grassland,0.5876868243986635,106952.0,2022
1708,Unclassified,0.5858115829127633,35040.0,2022
1708,Urban Areas,0.5192549583227557,235367.0,2022
1716,Agricultural Land,0.46051856042368705,2348961.0,2022
1716,Forest,0.49072965851571776,3239880.0,2022
1716,Grassland,0.4807099054493834,319514.0,2022
1716,Unclassified,0.47132397131612647,36475.0,2022
1716,Urban Areas,0.44523229631909816,257941.0,2022
1724,Agricultural Land,0.4374215785295312,2277394.0,2022
1724,Forest,0.4911570734958483,2742464.0,2022
1724,Grassland,0.49126315580230506,408789.0,2022
1724,Unclassified,0.4926046971339648,26745.0,2022
1724,Urban Areas,0.4432311185412331,267211.0,2022
1732,Agricultural Land,0.4880928511743294,1073575.0,2022
1732,Forest,0.515079730932057,1826686.0,2022
1732,Grassland,0.5061125831634514,281161.0,2022
1732,Unclassified,0.5127378705065243,18180.0,2022
1732,Urban Areas,0.4835510180201877,119461.0,2022
1741,Agricultural Land,0.5291201112550246,1634196.0,2022
1741,Forest,0.556008923270161,2193632.0,2022
1741,Grassland,0.565036514547572,178627.0,2022
1741,Unclassified,0.5506668072750532,41859.0,2022
1741,Urban Areas,0.5125371436789367,702734.0,2022
1759,Agricultural Land,0.5626683098638743,400563.0,2022
1759,Forest,0.5103085255205171,2330769.0,2022
1759,Grassland,0.5398641385249532,217643.0,2022
1759,Unclassified,0.5293598900630975,23550.0,2022
1759,Urban Areas,0.5392408383195962,172632.0,2022
1767,Agricultural Land,0.5432196085899819,387390.0,2022
1767,Forest,0.5652454026359655,1145108.0,2022
1767,Grassland,0.549652855819571,122583.0,2022
1767,Unclassified,0.562438899644463,12220.0,2022
1767,Urban Areas,0.5220946197443989,88369.0,2022
1775,Agricultural Land,0.5734897465475673,704149.0,2022
1775,Forest,0.5927812537866236,1271108.0,2022
1775,Grassland,0.5847777016405785,115591.0,2022
1775,Unclassified,0.5826448534105052,15705.0,2022
1775,Urban Areas,0.5244177379709647,234138.0,2022
1783,Agricultural Land,0.4942874745525763,301700.0,2022
1783,Forest,0.5510804304106282,138950.0,2022
1783,Grassland,0.5296568669082696,12759.0,2022
1783,Unclassified,0.508727144878038,22321.0,2022
1783,Urban Areas,0.49778839024075144,213792.0,2022
1791,Agricultural Land,0.5437598453273809,317013.0,2022
1791,Forest,0.5903032055141958,239325.0,2022
1791,Grassland,0.5908577820722335,5244.0,2022
1791,Unclassified,0.5393264190062517,12432.0,2022
1791,Urban Areas,0.5230857582073042,274811.0,2022
1805,Agricultural Land,0.5204336252254087,319117.0,2022
1805,Forest,0.595094553104153,336596.0,2022
1805,Grassland,0.5697889035720192,6801.0,2022
1805,Unclassified,0.5445426457984348,38130.0,2022
1805,Urban Areas,0.5090662175203182,307246.0,2022
1813,Agricultural Land,0.5274063892586839,103855.0,2022
1813,Forest,0.5737980502672689,157989.0,2022
1813,Grassland,0.5644925625489571,2942.0,2022
1813,Unclassified,0.5212421865482999,6763.0,2022
1813,Urban Areas,0.517138278122298,162764.0,2022
1821,Agricultural Land,0.5718738933352586,222892.0,2022
1821,Forest,0.5957329356308357,120157.0,2022
1821,Grassland,0.5866689710502101,8482.0,2022
1821,Unclassified,0.5525792994984562,3527.0,2022
1821,Urban Areas,0.5147978891422605,85435.0,2022
1830,Agricultural Land,0.44660325702396175,1034342.0,2022
1830,Forest,0.5087709576884816,300177.0,2022
1830,Grassland,0.5085921608155423,61753.0,2022
1830,Unclassified,0.5251379209874242,17111.0,2022
1830,Urban Areas,0.4707354725526322,153229.0,2022
1848,Agricultural Land,0.5206083804894656,319463.0,2022
1848,Forest,0.5175276340467602,503321.0,2022
1848,Grassland,0.5328159822587542,65992.0,2022
1848,Unclassified,0.5261947485373208,6080.0,2022
1848,Urban Areas,0.4978858464645827,91157.0,2022
1856,Agricultural Land,0.49937554893021086,692596.0,2022
1856,Forest,0.5563537974814707,266870.0,2022
1856,Grassland,0.5534904539388428,39699.0,2022
1856,Unclassified,0.49395323050784595,13008.0,2022
1856,Urban Areas,0.48533729264438685,195292.0,2022
1864,Agricultural Land,0.46789999146867745,1626665.0,2022
1864,Forest,0.5420082265434141,702331.0,2022
1864,Grassland,0.5352574374069846,143062.0,2022
1864,Unclassified,0.5182608052591692,18968.0,2022
1864,Urban Areas,0.47328536798473786,243876.0,2022
1872,Agricultural Land,0.4531819390165668,1223972.0,2022
1872,Forest,0.5168912689731159,826441.0,2022
1872,Grassland,0.4855121109370596,40210.0,2022
1872,Unclassified,0.42945071058891365,19396.0,2022
1872,Urban Areas,0.4593902410143752,115823.0,2022
1881,Agricultural Land,0.46692056003807125,1309861.0,2022
1881,Forest,0.5666237636792824,896247.0,2022
1881,Grassland,0.562555470984387,29051.0,2022
1881,Unclassified,0.5427641990643782,22159.0,2022
1881,Urban Areas,0.4783787647099332,199388.0,2022
1899,Agricultural Land,0.45297892240434967,3594268.0,2022
1899,Forest,0.5325626637574441,3283029.0,2022
1899,Grassland,0.5171222837376869,232143.0,2022
1899,Unclassified,0.5172372022008588,62983.0,2022
1899,Urban Areas,0.43173392438360936,827340.0,2022
1902,Agricultural Land,0.4555105090063406,1525119.0,2022
1902,Forest,0.5773123404151616,380602.0,2022
1902,Grassland,0.511589470547067,13621.0,2022
1902,Unclassified,0.525351886111957,6399.0,2022
1902,Urban Areas,0.458418952428731,139830.0,2022
1911,Agricultural Land,0.48764180309429717,1835007.0,2022
1911,Forest,0.5603381103624047,1337236.0,2022
1911,Grassland,0.5210923950085122,96614.0,2022
1911,Unclassified,0.5226646933787593,17060.0,2022
1911,Urban Areas,0.47868706016002355,195511.0,2022
1929,Agricultural Land,0.4317326993467258,851566.0,2022
1929,Forest,0.5133267927189306,501145.0,2022
1929,Grassland,0.4904980733521081,22530.0,2022
1929,Unclassified,0.46002154166903847,20848.0,2022
1929,Urban Areas,0.4432170925972297,209348.0,2022
1937,Agricultural Land,0.4524597591173915,756114.0,2022
1937,Forest,0.5784817535147273,139139.0,2022
1937,Grassland,0.577187561262066,14377.0,2022
1937,Unclassified,0.49125274135707603,7116.0,2022
1937,Urban Areas,0.4692142034387866,85728.0,2022
1945,Agricultural Land,0.40167234587138384,3386451.0,2022
1945,Forest,0.4884681268537532,1692957.0,2022
1945,Grassland,0.46270301541895975,70007.0,2022
1945,Unclassified,0.4710849323876343,35723.0,2022
1945,Urban Areas,0.4131030997732964,455416.0,2022
1953,Agricultural Land,0.4547840570667902,1385522.0,2022
1953,Forest,0.5040118864432976,1224381.0,2022
1953,Grassland,0.5086479938110968,79005.0,2022
1953,Unclassified,0.4835958028769657,16292.0,2022
1953,Urban Areas,0.46614548714895193,101488.0,2022
1961,Agricultural Land,0.4683712294850594,1059552.0,2022
1961,Forest,0.5370622335585543,779401.0,2022
1961,Grassland,0.49076715543740596,54471.0,2022
1961,Unclassified,0.49400011337140376,61314.0,2022
1961,Urban Areas,0.44033442722325383,1314370.0,2022
1970,Agricultural Land,0.4276405375379062,1988815.0,2022
1970,Forest,0.49990562185859144,950919.0,2022
1970,Grassland,0.46436887785352154,111370.0,2022
1970,Unclassified,0.41969990704700083,32207.0,2022
1970,Urban Areas,0.4247130265908194,237608.0,2022
1988,Agricultural Land,0.4443996664227173,739383.0,2022
1988,Forest,0.5211377208902248,282878.0,2022
1988,Grassland,0.4805952886018995,28341.0,2022
1988,Unclassified,0.4418944074223847,18730.0,2022
1988,Urban Areas,0.43067052557377694,109465.0,2022
1996,Agricultural Land,0.44022660478079734,2903780.0,2022
1996,Forest,0.5454833756974515,555501.0,2022
1996,Grassland,0.4835126985188869,42157.0,2022
1996,Unclassified,0.5056960066574436,33571.0,2022
1996,Urban Areas,0.42185635252568365,402132.0,2022
2003,Agricultural Land,0.4790433683652691,953409.0,2022
2003,Forest,0.5549869758562107,735659.0,2022
2003,Grassland,0.5481543454599633,36413.0,2022
2003,Unclassified,0.5284251297606606,13892.0,2022
2003,Urban Areas,0.4849482576837835,122803.0,2022
2011,Agricultural Land,0.4667270082105971,1219192.0,2022
2011,Forest,0.5510093873329153,1127123.0,2022
2011,Grassland,0.5086443688665695,114950.0,2022
2011,Unclassified,0.5046191652759516,20608.0,2022
2011,Urban Areas,0.4580606471701787,183256.0,2022
2020,Agricultural Land,0.46391912749450265,2157830.0,2022
2020,Forest,0.5026937147229239,5206144.0,2022
2020,Grassland,0.486203357506584,734316.0,2022
2020,Unclassified,0.48905594861418494,56579.0,2022
2020,Urban Areas,0.4501464613044297,406167.0,2022
2038,Agricultural Land,0.5273342006479899,334710.0,2022
2038,Forest,0.5256378326678197,1568487.0,2022
2038,Grassland,0.5287664032135528,321799.0,2022
2038,Unclassified,0.5288952299365427,14092.0,2022
2038,Urban Areas,0.4890059617931992,148311.0,2022
2046,Agricultural Land,0.4915164834657966,998636.0,2022
2046,Forest,0.540201002029265,931863.0,2022
2046,Grassland,0.5402255986743866,123168.0,2022
2046,Unclassified,0.5320176218461856,18837.0,2022
2046,Urban Areas,0.4720966350661092,210579.0,2022
2054,Agricultural Land,0.4970651383858127,726132.0,2022
2054,Forest,0.5287803421433904,4427814.0,2022
2054,Grassland,0.5183311751258809,1136790.0,2022
2054,Unclassified,0.5254995760778228,35617.0,2022
2054,Urban Areas,0.48074202009833683,276536.0,2022
2062,Agricultural Land,0.5022526712523844,1923316.0,2022
2062,Forest,0.5042764155994407,4559349.0,2022
2062,Grassland,0.5199018466444834,372736.0,2022
2062,Unclassified,0.5037826925885188,52085.0,2022
2062,Urban Areas,0.5039023806611281,263496.0,2022
19,Agricultural Land,0.42024941106005226,1361153.0,2023
19,Forest,0.530959882672804,789369.0,2023
19,Grassland,0.4904845684326341,44457.0,2023
19,Unclassified,0.36821881058908906,81862.0,2023
19,Urban Areas,0.39916292902973394,2643813.0,2023
27,Agricultural Land,0.4788018082612504,3383923.0,2023
27,Forest,0.5768749431719902,2614466.0,2023
27,Grassland,0.5527362430881135,127790.0,2023
27,Unclassified,0.5290692722995909,57258.0,2023
27,Urban Areas,0.4972323476358418,622546.0,2023
35,Agricultural Land,0.4851294780596162,2810698.0,2023
35,Forest,0.5662859336035975,1699173.0,2023
35,Grassland,0.5808772760726328,57771.0,2023
35,Unclassified,0.5776497092401552,26103.0,2023
35,Urban Areas,0.4956852313564972,248059.0,2023
43,Agricultural Land,0.5060852400169468,1745434.0,2023
43,Forest,0.6091842780606165,846442.0,2023
43,Grassland,0.5855429131548885,59820.0,2023
43,Unclassified,0.5898095203019499,13095.0,2023
43,Urban Areas,0.5330815448089281,173877.0,2023
51,Agricultural Land,0.4313325154492788,1593989.0,2023
51,Forest,0.5562070809873756,1913505.0,2023
51,Grassland,0.4927702048108933,185268.0,2023
51,Unclassified,0.4250197718369917,65797.0,2023
51,Urban Areas,0.4435332655273212,480627.0,2023
60,Agricultural Land,0.4116668766652312,1244382.0,2023
60,Forest,0.5349246410962004,1214144.0,2023
60,Grassland,0.49843442124092674,100932.0,2023
60,Unclassified,0.49922945873165164,13480.0,2023
60,Urban Areas,0.41097746885570463,198080.0,2023
78,Agricultural Land,0.3855210910416427,1608299.0,2023
78,Forest,0.506787490697606,1252657.0,2023
78,Grassland,0.4591087884845058,55264.0,2023
78,Unclassified,0.4394213766227954,19256.0,2023
78,Urban Areas,0.4094266979525284,552279.0,2023
86,Agricultural Land,0.3726298732167693,2749492.0,2023
86,Forest,0.5056838412767498,534041.0,2023
86,Grassland,0.43652044157166436,20151.0,2023
86,Unclassified,0.4321107068245778,19649.0,2023
86,Urban Areas,0.3973628586804576,347662.0,2023
94,Agricultural Land,0.4145139222055472,4045008.0,2023
94,Forest,0.5331085918870425,1023423.0,2023
94,Grassland,0.5198615648128492,53787.0,2023
94,Unclassified,0.47498494811631015,71729.0,2023
94,Urban Areas,0.41560641115907515,572908.0,2023
108,Agricultural Land,0.41784334203431395,1199675.0,2023
108,Forest,0.5350099956993425,233438.0,2023
108,Grassland,0.5294602450969558,3547.0,2023
108,Unclassified,0.5078482041194793,8315.0,2023
108,Urban Areas,0.43636264718926404,181820.0,2023
116,Agricultural Land,0.4236148065400736,3713143.0,2023
116,Forest,0.5406929256552473,2072772.0,2023
116,Grassland,0.5319950557399706,81690.0,2023
116,Unclassified,0.5436714455732862,50570.0,2023
116,Urban Areas,0.44778545111468987,428262.0,2023
124,Agricultural Land,0.4083185272909281,1925070.0,2023
124,Forest,0.5077653080813239,541079.0,2023
124,Grassland,0.5072001204317144,21160.0,2023
124,Unclassified,0.5000730093597957,16603.0,2023
124,Urban Areas,0.4288646565410048,225115.0,2023
132,Agricultural Land,0.4051194584291598,825220.0,2023
132,Forest,0.5268568481931057,180168.0,2023
132,Grassland,0.4924662583008511,8136.0,2023
132,Unclassified,0.36397212475496094,51603.0,2023
132,Urban Areas,0.40197166610807256,240766.0,2023
141,Agricultural Land,0.45432716291810477,2567638.0,2023
141,Forest,0.5905376814888987,1432295.0,2023
141,Grassland,0.5605896680208263,48769.0,2023
141,Unclassified,0.520020301119348,87409.0,2023
141,Urban Areas,0.46753577200832197,410180.0,2023
159,Agricultural Land,0.4478395894961909,739187.0,2023
159,Forest,0.5885820508679603,138708.0,2023
159,Grassland,0.5475274566542393,13025.0,2023
159,Unclassified,0.4805870973078602,37102.0,2023
159,Urban Areas,0.4504002403250772,184771.0,2023
167,Agricultural Land,0.4373369894804883,4810845.0,2023
167,Forest,0.5705604378150564,2383713.0,2023
167,Grassland,0.5323754668868758,164601.0,2023
167,Unclassified,0.5557254176540405,51636.0,2023
167,Urban Areas,0.43866878412645954,642120.0,2023
175,Agricultural Land,0.47322761635590493,1137358.0,2023
175,Forest,0.5760479942718874,732793.0,2023
175,Grassland,0.5718589017743368,67911.0,2023
175,Unclassified,0.5964543117290428,28465.0,2023
175,Urban Areas,0.5011435487030036,137045.0,2023
183,Agricultural Land,0.4362981839841887,839166.0,2023
183,Forest,0.6052361583390155,333730.0,2023
183,Grassland,0.5297945614276794,37795.0,2023
183,Unclassified,0.5175263503682807,16463.0,2023
183,Urban Areas,0.45434340170321813,181702.0,2023
191,Agricultural Land,0.46407152366869603,2385873.0,2023
191,Forest,0.6213517378415088,749280.0,2023
191,Grassland,0.6003206582744286,18469.0,2023
191,Unclassified,0.4923390903158767,36165.0,2023
191,Urban Areas,0.46730795327333613,342075.0,2023
205,Agricultural Land,0.44700219571347594,2417541.0,2023
205,Forest,0.5963662271017297,683480.0,2023
205,Grassland,0.5610373771536044,50286.0,2023
205,Unclassified,0.5482934992008329,32419.0,2023
205,Urban Areas,0.4691350880550215,263932.0,2023
213,Agricultural Land,0.4464554255473049,2374892.0,2023
213,Forest,0.594583306129724,615189.0,2023
213,Grassland,0.5458078591154194,20717.0,2023
213,Unclassified,0.4402604404746032,51250.0,2023
213,Urban Areas,0.4430723817440042,677187.0,2023
221,Agricultural Land,0.4043333638828383,1546766.0,2023
221,Forest,0.5381748459826979,1495701.0,2023
221,Grassland,0.5141533228731308,38748.0,2023
221,Unclassified,0.473045424948606,21094.0,2023
221,Urban Areas,0.43127438287722375,639446.0,2023
230,Agricultural Land,0.3887257489634255,2633077.0,2023
230,Forest,0.5321971197389134,1936236.0,2023
230,Grassland,0.49245686602977085,54797.0,2023
230,Unclassified,0.4598821019065205,49284.0,2023
230,Urban Areas,0.4231873961987033,1057706.0,2023
248,Agricultural Land,0.4230332094001321,1109395.0,2023
248,Forest,0.5307596086672202,1679516.0,2023
248,Grassland,0.49883549226625734,80615.0,2023
248,Unclassified,0.49915928002139404,12297.0,2023
248,Urban Areas,0.44020291288282126,228190.0,2023
256,Agricultural Land,0.49380747498035465,3009394.0,2023
256,Forest,0.5704419887823688,3941097.0,2023
256,Grassland,0.5624287290830559,254849.0,2023
256,Unclassified,0.5585357546191242,43122.0,2023
256,Urban Areas,0.5133488986847755,565269.0,2023
264,Agricultural Land,0.5328109862870234,2293313.0,2023
264,Forest,0.6252397417292014,1671299.0,2023
264,Grassland,0.6058051279910535,125413.0,2023
264,Unclassified,0.5899130277780618,20394.0,2023
264,Urban Areas,0.548558592242971,245348.0,2023
272,Agricultural Land,0.34994024054513173,4390400.0,2023
272,Forest,0.457819277013175,3849328.0,2023
272,Grassland,0.4278035505352432,135061.0,2023
272,Unclassified,0.42869621238194927,65982.0,2023
272,Urban Areas,0.3696841565229029,469339.0,2023
281,Agricultural Land,0.4511633327197884,1871811.0,2023
281,Forest,0.5096658924711365,2118051.0,2023
281,Grassland,0.4829919174541381,93134.0,2023
281,Unclassified,0.5060057252271357,65637.0,2023
281,Urban Areas,0.4506276171324048,212199.0,2023
299,Agricultural Land,0.4379925687891303,1550461.0,2023
299,Forest,0.5599564787805873,850435.0,2023
299,Grassland,0.5295146328640336,20622.0,2023
299,Unclassified,0.4718972975248672,15756.0,2023
299,Urban Areas,0.4484616307706526,141644.0,2023
302,Agricultural Land,0.4062413219865458,4428780.0,2023
302,Forest,0.511838190194406,3145270.0,2023
302,Grassland,0.4802924680822416,87678.0,2023
302,Unclassified,0.4474921086142272,101954.0,2023
302,Urban Areas,0.3912453243079509,997825.0,2023
311,Agricultural Land,0.4570891032716644,1633960.0,2023
311,Forest,0.4851279626042793,2718824.0,2023
311,Grassland,0.4840892900657094,231168.0,2023
311,Unclassified,0.48583807858611533,53217.0,2023
311,Urban Areas,0.43124663615588193,165581.0,2023
329,Agricultural Land,0.4682594697779637,2965284.0,2023
329,Forest,0.49452740757214747,6532440.0,2023
329,Grassland,0.49381268836971276,745813.0,2023
329,Unclassified,0.47742893769843964,175711.0,2023
329,Urban Areas,0.4416735407058692,367698.0,2023
337,Agricultural Land,0.40886447206365034,2645251.0,2023
337,Forest,0.5154969137058103,1731024.0,2023
337,Grassland,0.5245231139685174,64572.0,2023
337,Unclassified,0.5266734868028872,28863.0,2023
337,Urban Areas,0.4310201513331827,174564.0,2023
345,Agricultural Land,0.4836096415739595,4072241.0,2023
345,Forest,0.5344903008719556,4065295.0,2023
345,Grassland,0.5303947608462047,252000.0,2023
345,Unclassified,0.539763865813869,106079.0,2023
345,Urban Areas,0.47674396479067865,409644.0,2023
353,Agricultural Land,0.42360261246358544,1507767.0,2023
353,Forest,0.48597769566776633,2798934.0,2023
353,Grassland,0.4717774848746653,175915.0,2023
353,Unclassified,0.4992637868289323,153597.0,2023
353,Urban Areas,0.41358652130780105,205161.0,2023
361,Agricultural Land,0.4743482761656153,1147501.0,2023
361,Forest,0.5418794242267112,855772.0,2023
361,Grassland,0.5471713487683159,64119.0,2023
361,Unclassified,0.5644704661364504,15334.0,2023
361,Urban Areas,0.48077772039296135,145488.0,2023
370,Agricultural Land,0.5319586327305924,1341492.0,2023
370,Forest,0.603122392405973,804387.0,2023
370,Grassland,0.6339689590292169,60410.0,2023
370,Unclassified,0.6383922589609806,10180.0,2023
370,Urban Areas,0.5496336988465009,110139.0,2023
388,Agricultural Land,0.5142553307583384,4659033.0,2023
388,Forest,0.5973944578034658,2873287.0,2023
388,Grassland,0.600466999176126,174290.0,2023
388,Unclassified,0.5995563371534032,46190.0,2023
388,Urban Areas,0.529685929561651,407390.0,2023
396,Agricultural Land,0.5208640455685831,2080714.0,2023
396,Forest,0.6041446708316359,1407397.0,2023
396,Grassland,0.5837582971839202,62937.0,2023
396,Unclassified,0.5847484183036606,14356.0,2023
396,Urban Areas,0.5305845364865367,172998.0,2023
400,Agricultural Land,0.49909988604034894,3752600.0,2023
400,Forest,0.6078640068134443,2876054.0,2023
400,Grassland,0.5705294628436408,101949.0,2023
400,Unclassified,0.5810866420000931,54793.0,2023
400,Urban Areas,0.5102472732839531,393223.0,2023
418,Agricultural Land,0.45860767925169577,2770293.0,2023
418,Forest,0.4832207681729741,4656576.0,2023
418,Grassland,0.4840102686857053,436372.0,2023
418,Unclassified,0.43869475418288617,180619.0,2023
418,Urban Areas,0.448664684095513,295481.0,2023
426,Agricultural Land,0.48004213689577907,1118591.0,2023
426,Forest,0.4440549372000233,3528582.0,2023
426,Grassland,0.45494337763107073,391788.0,2023
426,Unclassified,0.4145955023572643,135163.0,2023
426,Urban Areas,0.46001466071863084,167372.0,2023
434,Agricultural Land,0.49657908822308755,1534225.0,2023
434,Forest,0.5976122391572909,843787.0,2023
434,Grassland,0.5653251707237296,100732.0,2023
434,Unclassified,0.5827740655711379,19036.0,2023
434,Urban Areas,0.5105208888836019,140140.0,2023
442,Agricultural Land,0.4879384295093234,3419331.0,2023
442,Forest,0.5741380799682897,1636248.0,2023
442,Grassland,0.5334229372362022,170226.0,2023
442,Unclassified,0.560441142469303,44061.0,2023
442,Urban Areas,0.49323333470339753,371345.0,2023
451,Agricultural Land,0.4178603053496531,1060944.0,2023
451,Forest,0.5287107493220952,516067.0,2023
451,Grassland,0.4898556214215563,25892.0,2023
451,Unclassified,0.4511337131201723,17355.0,2023
451,Urban Areas,0.40917373865309775,111066.0,2023
469,Agricultural Land,0.47249766247155073,1766528.0,2023
469,Forest,0.5724289112138932,976703.0,2023
469,Grassland,0.5372705455958511,91549.0,2023
469,Unclassified,0.5585139954765521,68553.0,2023
469,Urban Areas,0.4729307359158644,183106.0,2023
477,Agricultural Land,0.5054996211420454,5595059.0,2023
477,Forest,0.5967603821459642,3538938.0,2023
477,Grassland,0.5735874065835298,91457.0,2023
477,Unclassified,0.5821498552423136,73489.0,2023
477,Urban Areas,0.5142926848254813,585023.0,2023
485,Agricultural Land,0.49068944691882915,3363742.0,2023
485,Forest,0.5885208367671548,3557246.0,2023
485,Grassland,0.5787858520665562,276490.0,2023
485,Unclassified,0.5669850166667479,57008.0,2023
485,Urban Areas,0.5062938417539199,326587.0,2023
493,Agricultural Land,0.44548555812563967,1798449.0,2023
493,Forest,0.5533274217015539,879352.0,2023
493,Grassland,0.5336342468556732,35640.0,2023
493,Unclassified,0.5541230353704236,13209.0,2023
493,Urban Areas,0.4639706375849805,137731.0,2023
507,Agricultural Land,0.46806013595652574,428701.0,2023
507,Forest,0.502571003502254,774802.0,2023
507,Grassland,0.5033923917606301,90569.0,2023
507,Unclassified,0.52674185264014,17776.0,2023
507,Urban Areas,0.43260705031112856,82441.0,2023
515,Agricultural Land,0.39113620890405726,2334288.0,2023
515,Forest,0.47413425076507143,1666498.0,2023
515,Grassland,0.4479919198983011,400869.0,2023
515,Unclassified,0.4047589191999793,93906.0,2023
515,Urban Areas,0.38637053938633464,293535.0,2023
523,Agricultural Land,0.4135815151972747,1092577.0,2023
523,Forest,0.47245201818709365,2174779.0,2023
523,Grassland,0.44291564694750324,525255.0,2023
523,Unclassified,0.4705706961237529,49767.0,2023
523,Urban Areas,0.42307416676938403,162516.0,2023
531,Agricultural Land,0.38384648603885535,2845906.0,2023
531,Forest,0.47936539073787826,5766744.0,2023
531,Grassland,0.4667878551283745,2308780.0,2023
531,Unclassified,0.4252676109177237,127976.0,2023
531,Urban Areas,0.39152188384825626,538036.0,2023
540,Agricultural Land,0.42378457243970574,321685.0,2023
540,Forest,0.48236020555826,2230280.0,2023
540,Grassland,0.46909503132604596,506267.0,2023
540,Unclassified,0.4540471297959772,105130.0,2023
540,Urban Areas,0.4245212640725256,169361.0,2023
558,Agricultural Land,0.4609823502935213,1487421.0,2023
558,Forest,0.53387267657981,770208.0,2023
558,Grassland,0.5216054912688131,103437.0,2023
558,Unclassified,0.4805629743122953,21301.0,2023
558,Urban Areas,0.45737155002170854,133524.0,2023
566,Agricultural Land,0.48770098326547073,3896184.0,2023
566,Forest,0.5286108620714078,4110703.0,2023
566,Grassland,0.5264955504992204,474701.0,2023
566,Unclassified,0.5113679107166097,69082.0,2023
566,Urban Areas,0.4948539548155598,443701.0,2023
574,Agricultural Land,0.4966335670009822,2049334.0,2023
574,Forest,0.46726928275204743,4832314.0,2023
574,Grassland,0.4872559798097716,479456.0,2023
574,Unclassified,0.4457305195770225,152008.0,2023
574,Urban Areas,0.4809349911855028,251939.0,2023
582,Agricultural Land,0.42351180837310654,980052.0,2023
582,Forest,0.511069587141793,812765.0,2023
582,Grassland,0.5015604362457251,57180.0,2023
582,Unclassified,0.4818016691889302,41766.0,2023
582,Urban Areas,0.4458660479437579,695502.0,2023
591,Agricultural Land,0.4354619212693293,1100218.0,2023
591,Forest,0.5007369472025527,917616.0,2023
591,Grassland,0.4806681958826042,90612.0,2023
591,Unclassified,0.5072501941494127,13205.0,2023
591,Urban Areas,0.4580606172318852,153889.0,2023
604,Agricultural Land,0.4691526120456373,1512315.0,2023
604,Forest,0.5335061591226562,1207857.0,2023
604,Grassland,0.5170807036353696,151044.0,2023
604,Unclassified,0.5357567189231038,15933.0,2023
604,Urban Areas,0.47847207116805285,158772.0,2023
612,Agricultural Land,0.45000958360551224,1438670.0,2023
612,Forest,0.5257661131845933,952002.0,2023
612,Grassland,0.5069981393351736,73539.0,2023
612,Unclassified,0.5302510731363796,18037.0,2023
612,Urban Areas,0.4636226098723801,215018.0,2023
621,Agricultural Land,0.4256570936309443,1385659.0,2023
621,Forest,0.512754768940413,902266.0,2023
621,Grassland,0.488977250038805,66976.0,2023
621,Unclassified,0.46898220932003803,30506.0,2023
621,Urban Areas,0.4330976533258936,190974.0,2023
639,Agricultural Land,0.3752155441620863,2763258.0,2023
639,Forest,0.45237231836133385,3243504.0,2023
639,Grassland,0.4390749135893488,243561.0,2023
639,Unclassified,0.4111691618837733,63635.0,2023
639,Urban Areas,0.40279703743981815,254442.0,2023
647,Agricultural Land,0.3765114080118306,2999915.0,2023
647,Forest,0.444721266653973,2532965.0,2023
647,Grassland,0.41983179675090404,136232.0,2023
647,Unclassified,0.42194246433750043,70067.0,2023
647,Urban Areas,0.41263385356097193,481367.0,2023
655,Agricultural Land,0.40508848875046355,2350027.0,2023
655,Forest,0.4899696063272298,3485660.0,2023
655,Grassland,0.47267894209029837,178636.0,2023
655,Unclassified,0.4651852553149677,45202.0,2023
655,Urban Areas,0.4232700850965211,444226.0,2023
663,Agricultural Land,0.4665032887084485,276609.0,2023
663,Forest,0.46830086884283945,1879990.0,2023
663,Grassland,0.47471366536885645,335106.0,2023
663,Unclassified,0.4373706153511044,68788.0,2023
663,Urban Areas,0.45114200850451774,69720.0,2023
671,Agricultural Land,0.45316256995768583,963133.0,2023
671,Forest,0.49216002455342256,2631544.0,2023
671,Grassland,0.4993398711169649,464728.0,2023
671,Unclassified,0.28586951790893383,294426.0,2023
671,Urban Areas,0.3777452417095518,434409.0,2023
680,Agricultural Land,0.4084339857022111,2050108.0,2023
680,Forest,0.47512756800016503,1918266.0,2023
680,Grassland,0.4388131564794592,100084.0,2023
680,Unclassified,0.5182563974502329,28093.0,2023
680,Urban Areas,0.4152911443031113,179478.0,2023
698,Agricultural Land,0.45515486212751244,3641816.0,2023
698,Forest,0.5306638278317003,4880391.0,2023
698,Grassland,0.5055017933006923,372361.0,2023
698,Unclassified,0.533551626085764,117685.0,2023
698,Urban Areas,0.4487481973922093,327499.0,2023
701,Agricultural Land,0.5247341773933997,441216.0,2023
701,Forest,0.5669802486347261,1162023.0,2023
701,Grassland,0.5523311100191206,249422.0,2023
701,Unclassified,0.5765564809831847,19043.0,2023
701,Urban Areas,0.5142594242035038,125062.0,2023
710,Agricultural Land,0.5049261982651887,2727003.0,2023
710,Forest,0.5831037601948766,4629181.0,2023
710,Grassland,0.5843705194642294,643504.0,2023
710,Unclassified,0.5912465473075595,166145.0,2023
710,Urban Areas,0.500166323403301,445083.0,2023
728,Agricultural Land,0.5457575099348362,1252683.0,2023
728,Forest,0.5641700954198274,3192539.0,2023
728,Grassland,0.5759076561446893,529704.0,2023
728,Unclassified,0.4996780258937616,228393.0,2023
728,Urban Areas,0.5068491501499955,319440.0,2023
736,Agricultural Land,0.49500548448323456,830281.0,2023
736,Forest,0.5302167509004693,1342885.0,2023
736,Grassland,0.5144053692599668,184681.0,2023
736,Unclassified,0.4970767774244531,81346.0,2023
736,Urban Areas,0.48110816689181807,184952.0,2023
744,Agricultural Land,0.5225787590820343,175556.0,2023
744,Forest,0.5453157709664841,460759.0,2023
744,Grassland,0.5170370298030228,124246.0,2023
744,Unclassified,0.5150589041861151,10514.0,2023
744,Urban Areas,0.4885136640683408,104299.0,2023
752,Agricultural Land,0.4180495909353865,1398023.0,2023
752,Forest,0.5577867213807325,2203219.0,2023
752,Grassland,0.5506304464850216,293803.0,2023
752,Unclassified,0.3844345386097683,427547.0,2023
752,Urban Areas,0.44245860582859675,409947.0,2023
761,Agricultural Land,0.3923534061878157,1453672.0,2023
761,Forest,0.512895368038562,2015721.0,2023
761,Grassland,0.5155348903128478,568621.0,2023
761,Unclassified,0.4362102120100127,89295.0,2023
761,Urban Areas,0.41759954471538296,257739.0,2023
779,Agricultural Land,0.4825346408266506,296361.0,2023
779,Forest,0.5149197126106759,942209.0,2023
779,Grassland,0.5167881610418691,119365.0,2023
779,Unclassified,0.49326550494257776,17976.0,2023
779,Urban Areas,0.4500258762398242,168940.0,2023
787,Agricultural Land,0.5050419908909916,164385.0,2023
787,Forest,0.4759438377901087,1474339.0,2023
787,Grassland,0.5050654741192441,129077.0,2023
787,Unclassified,0.46312787327697597,31039.0,2023
787,Urban Areas,0.4574740121937696,99602.0,2023
795,Agricultural Land,0.528402190513454,217774.0,2023
795,Forest,0.5740440670312035,384258.0,2023
795,Grassland,0.5544399115765185,65639.0,2023
795,Unclassified,0.5463939371310217,9752.0,2023
795,Urban Areas,0.51046135499377,62157.0,2023
809,Agricultural Land,0.5539070465571997,1173806.0,2023
809,Forest,0.5716985563168479,1872271.0,2023
809,Grassland,0.5654812931159031,199069.0,2023
809,Unclassified,0.5447470800606938,40323.0,2023
809,Urban Areas,0.5527117489829914,197355.0,2023
817,Agricultural Land,0.5116255032142022,1717060.0,2023
817,Forest,0.5793712244185858,2785999.0,2023
817,Grassland,0.5563659676752559,478717.0,2023
817,Unclassified,0.5518275790535038,53676.0,2023
817,Urban Areas,0.500039286495348,726940.0,2023
825,Agricultural Land,0.460201283260623,2611316.0,2023
825,Forest,0.5907593532625799,1406707.0,2023
825,Grassland,0.5665260857751663,216482.0,2023
825,Unclassified,0.418693209945332,84751.0,2023
825,Urban Areas,0.45651315968315137,357409.0,2023
833,Agricultural Land,0.3850541424701805,1702309.0,2023
833,Forest,0.5345828236299813,584814.0,2023
833,Grassland,0.4737380751024524,56845.0,2023
833,Unclassified,0.353533458817667,45856.0,2023
833,Urban Areas,0.3960840244243942,221037.0,2023
841,Agricultural Land,0.40548237047507085,2254919.0,2023
841,Forest,0.5797780200668665,440273.0,2023
841,Grassland,0.4794011672979716,28137.0,2023
841,Unclassified,0.41663907723016175,48030.0,2023
841,Urban Areas,0.4240365139723664,212034.0,2023
850,Agricultural Land,0.3594399016447136,3377878.0,2023
850,Forest,0.48773102148472114,901274.0,2023
850,Grassland,0.39843084711144255,66741.0,2023
850,Unclassified,0.4295558175882461,41131.0,2023
850,Urban Areas,0.3822023599275444,318799.0,2023
868,Agricultural Land,0.3487098499246105,2046142.0,2023
868,Forest,0.4646726605282194,1006203.0,2023
868,Grassland,0.4492626924508289,170869.0,2023
868,Unclassified,0.40772825450627725,19220.0,2023
868,Urban Areas,0.3761231232199988,146503.0,2023
876,Agricultural Land,0.362182673343849,2076991.0,2023
876,Forest,0.46997447118369806,703620.0,2023
876,Grassland,0.41592712100750195,40818.0,2023
876,Unclassified,0.40389470739477945,34610.0,2023
876,Urban Areas,0.3731894829009897,213568.0,2023
884,Agricultural Land,0.43197956734276693,220292.0,2023
884,Forest,0.5130732200393261,1624530.0,2023
884,Grassland,0.5229279244617767,131155.0,2023
884,Unclassified,0.31183765133739966,120528.0,2023
884,Urban Areas,0.37449607509866956,211521.0,2023
892,Agricultural Land,0.3386850830226168,1081454.0,2023
892,Forest,0.41248610124671037,531707.0,2023
892,Grassland,0.3547765244450675,78872.0,2023
892,Unclassified,0.2739388898936404,233009.0,2023
892,Urban Areas,0.35234218446982524,324154.0,2023
906,Agricultural Land,0.40633072541083787,454409.0,2023
906,Forest,0.48202302116209705,492331.0,2023
906,Grassland,0.40036418148544456,24299.0,2023
906,Unclassified,0.2599383102658351,125789.0,2023
906,Urban Areas,0.4020360855034912,130303.0,2023
914,Agricultural Land,0.44724442082246507,836744.0,2023
914,Forest,0.5333687071368912,1802720.0,2023
914,Grassland,0.48986768716125056,277139.0,2023
914,Unclassified,0.3818060756815597,101681.0,2023
914,Urban Areas,0.4169461113165516,385303.0,2023
922,Agricultural Land,0.5032122293554064,910947.0,2023
922,Forest,0.5632961264590676,1896908.0,2023
922,Grassland,0.5153248074439873,558114.0,2023
922,Unclassified,0.4409770657302327,73004.0,2023
922,Urban Areas,0.46165502028094824,560113.0,2023
931,Agricultural Land,0.4439229736126179,1813735.0,2023
931,Forest,0.5200851081250988,1130421.0,2023
931,Grassland,0.5155952981637338,109236.0,2023
931,Unclassified,0.5263783202471103,23271.0,2023
931,Urban Areas,0.4555588164757773,174478.0,2023
949,Agricultural Land,0.4657476677618007,3992003.0,2023
949,Forest,0.5396315367242435,1859833.0,2023
949,Grassland,0.5552420572360759,82317.0,2023
949,Unclassified,0.5499214237752693,46341.0,2023
949,Urban Areas,0.4777589025809091,407164.0,2023
957,Agricultural Land,0.46891024767547007,1432889.0,2023
957,Forest,0.5324802946844814,1213372.0,2023
957,Grassland,0.5378096096545831,40295.0,2023
957,Unclassified,0.5350379404367347,24599.0,2023
957,Urban Areas,0.4782138623296822,151848.0,2023
965,Agricultural Land,0.46407949726170444,4288252.0,2023
965,Forest,0.6186406858592561,1326849.0,2023
965,Grassland,0.573000988128196,70382.0,2023
965,Unclassified,0.5343592349319897,68039.0,2023
965,Urban Areas,0.47665988938547627,923696.0,2023
973,Agricultural Land,0.4579590248027655,1519590.0,2023
973,Forest,0.5881481794088157,377831.0,2023
973,Grassland,0.5276531454161622,60284.0,2023
973,Unclassified,0.556114380298737,9433.0,2023
973,Urban Areas,0.4694393959798512,157574.0,2023
981,Agricultural Land,0.4564258095914416,4232153.0,2023
981,Forest,0.5745696061820863,2342369.0,2023
981,Grassland,0.5545005294177714,119421.0,2023
981,Unclassified,0.5017309560133218,62500.0,2023
981,Urban Areas,0.4709405281093246,640712.0,2023
990,Agricultural Land,0.5096631800885361,1121033.0,2023
990,Forest,0.5932571178869457,1041586.0,2023
990,Grassland,0.5640816205194467,113777.0,2023
990,Unclassified,0.5740726121255377,20737.0,2023
990,Urban Areas,0.5211038632846512,142590.0,2023
1007,Agricultural Land,0.48123046394226193,1254322.0,2023
1007,Forest,0.5826473251543254,461900.0,2023
1007,Grassland,0.5393745985280428,43490.0,2023
1007,Unclassified,0.5697598447525515,8870.0,2023
1007,Urban Areas,0.48266541390560996,150161.0,2023
1015,Agricultural Land,0.4703079375256846,3870892.0,2023
1015,Forest,0.5975639394942965,1454038.0,2023
1015,Grassland,0.5646906552934661,152687.0,2023
1015,Unclassified,0.5398174422618002,41798.0,2023
1015,Urban Areas,0.48256892429424597,391303.0,2023
1023,Agricultural Land,0.5203162128451247,445945.0,2023
1023,Forest,0.5896174899419167,388847.0,2023
1023,Grassland,0.5649029563638397,46194.0,2023
1023,Unclassified,0.592580165037376,3006.0,2023
1023,Urban Areas,0.5002985007544005,84202.0,2023
1031,Agricultural Land,0.5120729608362438,1237109.0,2023
1031,Forest,0.5786457464046345,1002281.0,2023
1031,Grassland,0.5748743447644858,216009.0,2023
1031,Unclassified,0.558083163394854,18680.0,2023
1031,Urban Areas,0.5303716649307993,109904.0,2023
1040,Agricultural Land,0.4873281902213646,956242.0,2023
1040,Forest,0.6227898133714637,201196.0,2023
1040,Grassland,0.5813675365943315,35557.0,2023
1040,Unclassified,0.619391438809416,12258.0,2023
1040,Urban Areas,0.5030646240662313,141153.0,2023
1058,Agricultural Land,0.4829415299965552,598275.0,2023
1058,Forest,0.6033957565308433,210727.0,2023
1058,Grassland,0.5770584957824065,33496.0,2023
1058,Unclassified,0.6108563770010919,10578.0,2023
1058,Urban Areas,0.48245719291756883,81327.0,2023
1066,Agricultural Land,0.5217504807671912,1624523.0,2023
1066,Forest,0.5983086319056522,1306873.0,2023
1066,Grassland,0.593653095901657,265633.0,2023
1066,Unclassified,0.6156649052874753,20672.0,2023
1066,Urban Areas,0.5176117323449438,308672.0,2023
1074,Agricultural Land,0.4732701136301527,1029866.0,2023
1074,Forest,0.6227626289932503,889216.0,2023
1074,Grassland,0.5788079347718644,38197.0,2023
1074,Unclassified,0.5692778333186552,10386.0,2023
1074,Urban Areas,0.49021232855034674,153263.0,2023
1082,Agricultural Land,0.47097540934154275,2434905.0,2023
1082,Forest,0.612883680939366,730610.0,2023
1082,Grassland,0.6006870640754609,36969.0,2023
1082,Unclassified,0.5592855134348202,58252.0,2023
1082,Urban Areas,0.47365569284540493,726743.0,2023
1091,Agricultural Land,0.44888270212922016,1279999.0,2023
1091,Forest,0.5393870141451922,935938.0,2023
1091,Grassland,0.5254134140545762,29888.0,2023
1091,Unclassified,0.46325438040367783,36241.0,2023
1091,Urban Areas,0.45178709093916386,243340.0,2023
1104,Agricultural Land,0.502082581618189,1454265.0,2023
1104,Forest,0.5886750498237889,940204.0,2023
1104,Grassland,0.552447074830138,205553.0,2023
1104,Unclassified,0.6049162895793523,14717.0,2023
1104,Urban Areas,0.5194590557801203,162309.0,2023
1112,Agricultural Land,0.4969186114931492,833212.0,2023
1112,Forest,0.6254719557667817,1091796.0,2023
1112,Grassland,0.5862624111052422,85964.0,2023
1112,Unclassified,0.5819168070997248,34323.0,2023
1112,Urban Areas,0.4999893498162621,170573.0,2023
1121,Agricultural Land,0.516654821566456,2018655.0,2023
1121,Forest,0.5746019746186689,2069907.0,2023
1121,Grassland,0.5733249457653965,402660.0,2023
1121,Unclassified,0.5635299365854695,35497.0,2023
1121,Urban Areas,0.5065968233599579,255745.0,2023
1139,Agricultural Land,0.48458583795089466,798531.0,2023
1139,Forest,0.49349236452472967,1376400.0,2023
1139,Grassland,0.5061119565475062,422816.0,2023
1139,Unclassified,0.4596580629681389,22990.0,2023
1139,Urban Areas,0.48212016361683996,159296.0,2023
1147,Agricultural Land,0.5336152415082404,985553.0,2023
1147,Forest,0.6117788894436216,873436.0,2023
1147,Grassland,0.5814912673179602,248554.0,2023
1147,Unclassified,0.5357392471177526,23654.0,2023
1147,Urban Areas,0.5322225208393971,165962.0,2023
1155,Agricultural Land,0.4945877632844108,1197144.0,2023
1155,Forest,0.6081741309641557,766559.0,2023
1155,Grassland,0.5751226394551757,100336.0,2023
1155,Unclassified,0.6035939891260046,28652.0,2023
1155,Urban Areas,0.5052475114303369,219637.0,2023
1163,Agricultural Land,0.44754264607378286,2171985.0,2023
1163,Forest,0.5995275645686063,895628.0,2023
1163,Grassland,0.5553614356363974,78446.0,2023
1163,Unclassified,0.5432563120782243,10393.0,2023
1163,Urban Areas,0.47688769379822443,205362.0,2023
1171,Agricultural Land,0.45772157078244835,2020195.0,2023
1171,Forest,0.540920576924101,1797549.0,2023
1171,Grassland,0.5086813762476806,127815.0,2023
1171,Unclassified,0.5006890175693737,20992.0,2023
1171,Urban Areas,0.46743433774361515,190700.0,2023
1180,Agricultural Land,0.5059217014060935,1447656.0,2023
1180,Forest,0.5891739182372401,1025742.0,2023
1180,Grassland,0.5685795949061779,81590.0,2023
1180,Unclassified,0.5550695788410236,10356.0,2023
1180,Urban Areas,0.5161502379203986,145763.0,2023
1198,Agricultural Land,0.44619583553909486,1943411.0,2023
1198,Forest,0.5381762396413425,1246562.0,2023
1198,Grassland,0.5184361659985901,90528.0,2023
1198,Unclassified,0.5326462797201432,7822.0,2023
1198,Urban Areas,0.46683996174618475,204833.0,2023
1201,Agricultural Land,0.4838913767500019,1288922.0,2023
1201,Forest,0.5639752138600435,1011406.0,2023
1201,Grassland,0.5600612889565963,67845.0,2023
1201,Unclassified,0.553285342916289,13287.0,2023
1201,Urban Areas,0.5014282768876698,182598.0,2023
1210,Agricultural Land,0.5293120156025625,1723529.0,2023
1210,Forest,0.5377548527854972,3296186.0,2023
1210,Grassland,0.5376367461301238,519436.0,2023
1210,Unclassified,0.4926196167952443,48254.0,2023
1210,Urban Areas,0.5029149118464294,351874.0,2023
1228,Agricultural Land,0.5023512650138721,730127.0,2023
1228,Forest,0.4779733802708955,1632530.0,2023
1228,Grassland,0.47976157395131164,354359.0,2023
1228,Unclassified,0.3826144749578845,55789.0,2023
1228,Urban Areas,0.47415413075335683,156127.0,2023
1236,Agricultural Land,0.4999365086297938,574668.0,2023
1236,Forest,0.5006428919535515,770556.0,2023
1236,Grassland,0.5158426835076447,156408.0,2023
1236,Unclassified,0.5069109290388458,8945.0,2023
1236,Urban Areas,0.49485498587712445,70669.0,2023
1244,Agricultural Land,0.46614680859582897,1366615.0,2023
1244,Forest,0.5702113978580211,1012206.0,2023
1244,Grassland,0.5280754190402477,196116.0,2023
1244,Unclassified,0.5343861444587076,15343.0,2023
1244,Urban Areas,0.48469615266350397,150600.0,2023
1252,Agricultural Land,0.46231244691513734,1785647.0,2023
1252,Forest,0.6055664957927226,666843.0,2023
1252,Grassland,0.5670905695088608,91269.0,2023
1252,Unclassified,0.5903791091402603,20670.0,2023
1252,Urban Areas,0.4643655205195885,221712.0,2023
1261,Agricultural Land,0.49473350067653216,1346321.0,2023
1261,Forest,0.5706615075875993,1019527.0,2023
1261,Grassland,0.5545678739637729,216998.0,2023
1261,Unclassified,0.5258447732177586,24791.0,2023
1261,Urban Areas,0.4914289690260687,193618.0,2023
1279,Agricultural Land,0.48350455444608237,257228.0,2023
1279,Forest,0.6124720866444904,404602.0,2023
1279,Grassland,0.5931380164697373,35226.0,2023
1279,Unclassified,0.583237703825256,3126.0,2023
1279,Urban Areas,0.48576687919267747,94728.0,2023
1287,Agricultural Land,0.5128804833838526,823811.0,2023
1287,Forest,0.6297852113203082,721116.0,2023
1287,Grassland,0.6003859748461302,191267.0,2023
1287,Unclassified,0.635335283981142,12544.0,2023
1287,Urban Areas,0.5192600655041977,151846.0,2023
1295,Agricultural Land,0.45593494731540923,1076352.0,2023
1295,Forest,0.5578209904356466,1986566.0,2023
1295,Grassland,0.5228324975036507,116639.0,2023
1295,Unclassified,0.5441054982725347,20736.0,2023
1295,Urban Areas,0.4651657258789256,299768.0,2023
1309,Agricultural Land,0.4569149152143395,2387583.0,2023
1309,Forest,0.5133843767063181,2204448.0,2023
1309,Grassland,0.5094497339484666,131907.0,2023
1309,Unclassified,0.4922238703966691,21670.0,2023
1309,Urban Areas,0.4579416918771402,334442.0,2023
1317,Agricultural Land,0.39773424794235784,511181.0,2023
1317,Forest,0.5622653725679603,747127.0,2023
1317,Grassland,0.4765183486766585,7913.0,2023
1317,Unclassified,0.4005193315447478,27068.0,2023
1317,Urban Areas,0.3828171172327723,981063.0,2023
1325,Agricultural Land,0.40187740019253604,855565.0,2023
1325,Forest,0.5333341600505025,676898.0,2023
1325,Grassland,0.4828214146994753,18918.0,2023
1325,Unclassified,0.506959572111886,19450.0,2023
1325,Urban Areas,0.4062619753607254,148707.0,2023
1333,Agricultural Land,0.44400455674922806,322485.0,2023
1333,Forest,0.5638389316993601,303657.0,2023
1333,Grassland,0.5155368411023075,6629.0,2023
1333,Unclassified,0.493480463458577,5484.0,2023
1333,Urban Areas,0.4487212855267505,130967.0,2023
1341,Agricultural Land,0.4462749255690275,701143.0,2023
1341,Forest,0.5805790462924901,862729.0,2023
1341,Grassland,0.571463045225029,8416.0,2023
1341,Unclassified,0.5521430416897015,5687.0,2023
1341,Urban Areas,0.459527061868237,163682.0,2023
1350,Agricultural Land,0.4668064152204408,1302143.0,2023
1350,Forest,0.5705230955261029,1719999.0,2023
1350,Grassland,0.5243533124729727,114441.0,2023
1350,Unclassified,0.5461951606799615,27488.0,2023
1350,Urban Areas,0.4810997837082494,250371.0,2023
1368,Agricultural Land,0.41076174733042015,1513732.0,2023
1368,Forest,0.5643554028915606,1412544.0,2023
1368,Grassland,0.5348882499509855,19453.0,2023
1368,Unclassified,0.43574426185052667,38509.0,2023
1368,Urban Areas,0.41319176312210154,438324.0,2023
1376,Agricultural Land,0.4140807665014114,1474785.0,2023
1376,Forest,0.5280643873608756,168464.0,2023
1376,Grassland,0.4755399069938337,22900.0,2023
1376,Unclassified,0.3815029292838916,38565.0,2023
1376,Urban Areas,0.39246627795841754,229744.0,2023
1384,Agricultural Land,0.47453072565659354,2495214.0,2023
1384,Forest,0.6280259599138583,1244806.0,2023
1384,Grassland,0.6046232997643002,82270.0,2023
1384,Unclassified,0.6021214307021393,109490.0,2023
1384,Urban Areas,0.44270164346248164,347795.0,2023
1392,Agricultural Land,0.4531318063361794,2602492.0,2023
1392,Forest,0.5477365868202737,518471.0,2023
1392,Grassland,0.5082390854838631,37286.0,2023
1392,Unclassified,0.5494908693223862,20325.0,2023
1392,Urban Areas,0.43122250421986663,276975.0,2023
1406,Agricultural Land,0.46672600165005373,1587707.0,2023
1406,Forest,0.5576449297081724,450329.0,2023
1406,Grassland,0.515551019909656,30270.0,2023
1406,Unclassified,0.5527309667496358,29773.0,2023
1406,Urban Areas,0.4431713855395973,145785.0,2023
1414,Agricultural Land,0.4370184937104126,1405127.0,2023
1414,Forest,0.5567403179110086,240077.0,2023
1414,Grassland,0.5076530138021969,1073.0,2023
1414,Unclassified,0.5212645476412129,29600.0,2023
1414,Urban Areas,0.4382904675275863,138136.0,2023
1422,Agricultural Land,0.5202232378888352,531189.0,2023
1422,Forest,0.5875210261451064,994351.0,2023
1422,Grassland,0.5593577128209689,146083.0,2023
1422,Unclassified,0.5679136219276082,6728.0,2023
1422,Urban Areas,0.48156058766921944,97656.0,2023
1431,Agricultural Land,0.4925783645522274,555991.0,2023
1431,Forest,0.6313489386378484,303851.0,2023
1431,Grassland,0.5411926337354384,20249.0,2023
1431,Unclassified,0.4646474891567721,16417.0,2023
1431,Urban Areas,0.47299775417558126,198886.0,2023
1449,Agricultural Land,0.5014528414726559,763222.0,2023
1449,Forest,0.5710881833103224,1428841.0,2023
1449,Grassland,0.5388363257617581,266271.0,2023
1449,Unclassified,0.5503199955024874,10526.0,2023
1449,Urban Areas,0.4660946928322481,111261.0,2023
1457,Agricultural Land,0.576607241607991,451412.0,2023
1457,Forest,0.6481270479642052,765812.0,2023
1457,Grassland,0.6223660323141254,113468.0,2023
1457,Unclassified,0.6180871346240174,5889.0,2023
1457,Urban Areas,0.5258742962978319,114997.0,2023
1465,Agricultural Land,0.5342759395626698,1136538.0,2023
1465,Forest,0.6670010165121536,1725930.0,2023
1465,Grassland,0.6115146901307371,164979.0,2023
1465,Unclassified,0.6144275584179835,13416.0,2023
1465,Urban Areas,0.5181205953643041,451839.0,2023
1473,Agricultural Land,0.4750324882022137,1667134.0,2023
1473,Forest,0.5926696299545836,782967.0,2023
1473,Grassland,0.558683048983222,38098.0,2023
1473,Unclassified,0.5481005993888052,32593.0,2023
1473,Urban Areas,0.44562163484884065,276067.0,2023
1481,Agricultural Land,0.426070926442732,2770637.0,2023
1481,Forest,0.5515078281926832,1509984.0,2023
1481,Grassland,0.47833544074343315,35584.0,2023
1481,Unclassified,0.49544566793586814,34734.0,2023
1481,Urban Areas,0.418422088975562,334410.0,2023
1490,Agricultural Land,0.45385545930498566,1816952.0,2023
1490,Forest,0.6063145830279654,983118.0,2023
1490,Grassland,0.5530420063884435,357383.0,2023
1490,Unclassified,0.5569730505007059,32764.0,2023
1490,Urban Areas,0.4377684335808031,216216.0,2023
1503,Agricultural Land,0.48493260498515905,4715628.0,2023
1503,Forest,0.5566136778242311,3273636.0,2023
1503,Grassland,0.5599568673484744,201301.0,2023
1503,Unclassified,0.5579022055562554,73533.0,2023
1503,Urban Areas,0.49077892832037756,693021.0,2023
1511,Agricultural Land,0.44805694293533804,1564460.0,2023
1511,Forest,0.5477931348595161,1056755.0,2023
1511,Grassland,0.5403127553640156,85962.0,2023
1511,Unclassified,0.5474163684075534,23221.0,2023
1511,Urban Areas,0.47721971754446435,122938.0,2023
1520,Agricultural Land,0.5305768888154495,550357.0,2023
1520,Forest,0.6568304761737932,918187.0,2023
1520,Grassland,0.6548034286185023,69855.0,2023
1520,Unclassified,0.6502848254102205,6956.0,2023
1520,Urban Areas,0.5462883409271573,90834.0,2023
1538,Agricultural Land,0.5246519530197119,958587.0,2023
1538,Forest,0.6706118594860286,203545.0,2023
1538,Grassland,0.6182024902999085,20714.0,2023
1538,Unclassified,0.5500909072880741,5505.0,2023
1538,Urban Areas,0.5193194902793333,134427.0,2023
1546,Agricultural Land,0.5123894438995443,3088318.0,2023
1546,Forest,0.6352903515021133,1357790.0,2023
1546,Grassland,0.6145449331495455,51130.0,2023
1546,Unclassified,0.6246628567388942,33941.0,2023
1546,Urban Areas,0.5206996260093943,393641.0,2023
1554,Agricultural Land,0.39079365411839334,1022071.0,2023
1554,Forest,0.4653287885069255,786433.0,2023
1554,Grassland,0.46522411192531016,36984.0,2023
1554,Unclassified,0.45253128065348197,5434.0,2023
1554,Urban Areas,0.4034617984996231,105218.0,2023
1562,Agricultural Land,0.4478354236975453,4117543.0,2023
1562,Forest,0.49998794122855744,1064065.0,2023
1562,Grassland,0.48523427586716184,67563.0,2023
1562,Unclassified,0.4937908616912488,21180.0,2023
1562,Urban Areas,0.44498963018986104,514036.0,2023
1571,Agricultural Land,0.3337197374061481,2762705.0,2023
1571,Forest,0.4667070798765966,1112524.0,2023
1571,Grassland,0.44226495240709246,29312.0,2023
1571,Unclassified,0.4404929076085586,15721.0,2023
1571,Urban Areas,0.3462888430967891,181517.0,2023
1589,Agricultural Land,0.4172850659884205,1123189.0,2023
1589,Forest,0.5326550311210274,787306.0,2023
1589,Grassland,0.474771229465053,26194.0,2023
1589,Unclassified,0.5302559783874302,13625.0,2023
1589,Urban Areas,0.429760375680395,110267.0,2023
1597,Agricultural Land,0.39717751281648994,5151677.0,2023
1597,Forest,0.5125361096962755,2558589.0,2023
1597,Grassland,0.5069119470536757,61350.0,2023
1597,Unclassified,0.5313760847890849,37684.0,2023
1597,Urban Areas,0.41147877479110057,455936.0,2023
1601,Agricultural Land,0.43284149593800225,2774836.0,2023
1601,Forest,0.588323713691895,1745428.0,2023
1601,Grassland,0.535828139741756,102910.0,2023
1601,Unclassified,0.4865691531844631,38566.0,2023
1601,Urban Areas,0.42059334909526086,451789.0,2023
1619,Agricultural Land,0.45461779211892955,2078647.0,2023
1619,Forest,0.5703742581464731,1901582.0,2023
1619,Grassland,0.5284976826268156,457481.0,2023
1619,Unclassified,0.5237133266873792,16408.0,2023
1619,Urban Areas,0.4327768305569112,263188.0,2023
1627,Agricultural Land,0.3732602554552624,1115807.0,2023
1627,Forest,0.5365028273283469,435265.0,2023
1627,Grassland,0.42329210482958723,13079.0,2023
1627,Unclassified,0.4334561637801142,5896.0,2023
1627,Urban Areas,0.37752511591814963,133163.0,2023
1635,Agricultural Land,0.3740335959698608,1061246.0,2023
1635,Forest,0.5464399915420234,318530.0,2023
1635,Grassland,0.4443172163954388,3738.0,2023
1635,Unclassified,0.44437502061531187,3971.0,2023
1635,Urban Areas,0.38442653832755125,183736.0,2023
1643,Agricultural Land,0.46662424168241706,2374686.0,2023
1643,Forest,0.5607521680573494,2611720.0,2023
1643,Grassland,0.5345109678215729,42922.0,2023
1643,Unclassified,0.4964201270309918,26636.0,2023
1643,Urban Areas,0.46363812885733774,320709.0,2023
1651,Agricultural Land,0.36572587183502614,2458567.0,2023
1651,Forest,0.49629239135288605,787162.0,2023
1651,Grassland,0.4338814980064565,20114.0,2023
1651,Unclassified,0.4565230604984825,17971.0,2023
1651,Urban Areas,0.37974127234015514,181301.0,2023
1660,Agricultural Land,0.3977331181871551,8138512.0,2023
1660,Forest,0.5435909034684807,3265671.0,2023
1660,Grassland,0.47479401863419624,101721.0,2023
1660,Unclassified,0.5157679342755004,91970.0,2023
1660,Urban Areas,0.4018351551370129,650428.0,2023
1678,Agricultural Land,0.4958981911972185,1662011.0,2023
1678,Forest,0.5692005581384846,1407589.0,2023
1678,Grassland,0.5604380796394468,160114.0,2023
1678,Unclassified,0.5809237647704237,20118.0,2023
1678,Urban Areas,0.5023174895394337,186220.0,2023
1686,Agricultural Land,0.5019039523229228,1427198.0,2023
1686,Forest,0.5633046820695594,1202937.0,2023
1686,Grassland,0.5594208329262597,100800.0,2023
1686,Unclassified,0.5686384599811214,20791.0,2023
1686,Urban Areas,0.5106501220942438,150605.0,2023
1694,Agricultural Land,0.4667233388830676,2695207.0,2023
1694,Forest,0.5586932413507988,1586179.0,2023
1694,Grassland,0.5567118049693935,44528.0,2023
1694,Unclassified,0.5365705354143051,23753.0,2023
1694,Urban Areas,0.4527586261278313,289658.0,2023
1708,Agricultural Land,0.48659021028018756,2112344.0,2023
1708,Forest,0.5611396692517839,2035178.0,2023
1708,Grassland,0.556073378349108,106952.0,2023
1708,Unclassified,0.5591911199974687,35040.0,2023
1708,Urban Areas,0.4859470719349551,235367.0,2023
1716,Agricultural Land,0.4192746141380936,2348961.0,2023
1716,Forest,0.48400053863245196,3239880.0,2023
1716,Grassland,0.45197280505042675,319514.0,2023
1716,Unclassified,0.46608284517663073,36475.0,2023
1716,Urban Areas,0.42265116226437494,257941.0,2023
1724,Agricultural Land,0.48808849067903204,2277394.0,2023
1724,Forest,0.5611540939828427,2742464.0,2023
1724,Grassland,0.5494105730176495,408789.0,2023
1724,Unclassified,0.5494273504568585,26745.0,2023
1724,Urban Areas,0.5040389685950384,267211.0,2023
1732,Agricultural Land,0.4189257719187355,1073575.0,2023
1732,Forest,0.46365625781647096,1826686.0,2023
1732,Grassland,0.4433083853707211,281161.0,2023
1732,Unclassified,0.45297076009189335,18180.0,2023
1732,Urban Areas,0.4117831504754276,119461.0,2023
1741,Agricultural Land,0.5532549642489875,1634196.0,2023
1741,Forest,0.5662303629845012,2193632.0,2023
1741,Grassland,0.569834469967251,178627.0,2023
1741,Unclassified,0.5765424999420327,41859.0,2023
1741,Urban Areas,0.5409860516473997,702734.0,2023
1759,Agricultural Land,0.5827348510988405,400563.0,2023
1759,Forest,0.5552622588495395,2330769.0,2023
1759,Grassland,0.5744350324069817,217643.0,2023
1759,Unclassified,0.5704160199815806,23550.0,2023
1759,Urban Areas,0.5677559938604775,172632.0,2023
1767,Agricultural Land,0.5609608118897788,387390.0,2023
1767,Forest,0.5517736747658167,1145108.0,2023
1767,Grassland,0.5564032645974741,122583.0,2023
1767,Unclassified,0.559709411335167,12220.0,2023
1767,Urban Areas,0.5426503727271461,88369.0,2023
1775,Agricultural Land,0.5507799136374185,704149.0,2023
1775,Forest,0.5509751242941352,1271108.0,2023
1775,Grassland,0.56117188783061,115591.0,2023
1775,Unclassified,0.5621678864052629,15705.0,2023
1775,Urban Areas,0.5101677405134282,234138.0,2023
1783,Agricultural Land,0.47421094286143484,301700.0,2023
1783,Forest,0.5413292294854353,138950.0,2023
1783,Grassland,0.5163875188570765,12759.0,2023
1783,Unclassified,0.49645709396102916,22321.0,2023
1783,Urban Areas,0.473166735301748,213792.0,2023
1791,Agricultural Land,0.5662515775925431,317013.0,2023
1791,Forest,0.6035056094311129,239325.0,2023
1791,Grassland,0.6026659385790631,5244.0,2023
1791,Unclassified,0.5582128745051846,12432.0,2023
1791,Urban Areas,0.5414415757710108,274811.0,2023
1805,Agricultural Land,0.4945060004234705,319117.0,2023
1805,Forest,0.5679936799600236,336596.0,2023
1805,Grassland,0.5381294761295091,6801.0,2023
1805,Unclassified,0.520132070376496,38130.0,2023
1805,Urban Areas,0.4833636281270109,307246.0,2023
1813,Agricultural Land,0.4939116669466784,103855.0,2023
1813,Forest,0.5392320485758569,157989.0,2023
1813,Grassland,0.5021949212296652,2942.0,2023
1813,Unclassified,0.49033690857918993,6763.0,2023
1813,Urban Areas,0.4868985780180548,162764.0,2023
1821,Agricultural Land,0.591981497853168,222892.0,2023
1821,Forest,0.6268116305982054,120157.0,2023
1821,Grassland,0.6131918527865797,8482.0,2023
1821,Unclassified,0.5707158641755024,3527.0,2023
1821,Urban Areas,0.5214109817539515,85435.0,2023
1830,Agricultural Land,0.5083132196686856,1034342.0,2023
1830,Forest,0.6183429055187368,300177.0,2023
1830,Grassland,0.5883912376019084,61753.0,2023
1830,Unclassified,0.6062285818586733,17111.0,2023
1830,Urban Areas,0.5241833820563008,153229.0,2023
1848,Agricultural Land,0.5933987966651973,319463.0,2023
1848,Forest,0.6205403828568402,503321.0,2023
1848,Grassland,0.6115020489093679,65992.0,2023
1848,Unclassified,0.6249055387403227,6080.0,2023
1848,Urban Areas,0.5658494134481371,91157.0,2023
1856,Agricultural Land,0.5580391857847787,692596.0,2023
1856,Forest,0.6400701679670986,266870.0,2023
1856,Grassland,0.6284507416963259,39699.0,2023
1856,Unclassified,0.5790872758032174,13008.0,2023
1856,Urban Areas,0.541495404177813,195292.0,2023
1864,Agricultural Land,0.5549267696302738,1626665.0,2023
1864,Forest,0.6791369496026246,702331.0,2023
1864,Grassland,0.6601951650727179,143062.0,2023
1864,Unclassified,0.6533268750961422,18968.0,2023
1864,Urban Areas,0.5665398752832681,243876.0,2023
1872,Agricultural Land,0.5025853032693441,1223972.0,2023
1872,Forest,0.5929231513635957,826441.0,2023
1872,Grassland,0.5681237224403289,40210.0,2023
1872,Unclassified,0.49128224789346464,19396.0,2023
1872,Urban Areas,0.5097624587043977,115823.0,2023
1881,Agricultural Land,0.42911560439431307,1309861.0,2023
1881,Forest,0.5347268980364426,896247.0,2023
1881,Grassland,0.5092521481068999,29051.0,2023
1881,Unclassified,0.5252698965142353,22159.0,2023
1881,Urban Areas,0.4461892304431687,199388.0,2023
1899,Agricultural Land,0.4604850342302747,3594268.0,2023
1899,Forest,0.5647498842847437,3283029.0,2023
1899,Grassland,0.5477047186382782,232143.0,2023
1899,Unclassified,0.5270823415837185,62983.0,2023
1899,Urban Areas,0.44585756000387033,827340.0,2023
1902,Agricultural Land,0.40651499049699075,1525119.0,2023
1902,Forest,0.5376677010691401,380602.0,2023
1902,Grassland,0.4720330028078487,13621.0,2023
1902,Unclassified,0.4916394985100313,6399.0,2023
1902,Urban Areas,0.4200600201162386,139830.0,2023
1911,Agricultural Land,0.45070325320527677,1835007.0,2023
1911,Forest,0.5255609950322925,1337236.0,2023
1911,Grassland,0.4887041406740716,96614.0,2023
1911,Unclassified,0.4843292664234272,17060.0,2023
1911,Urban Areas,0.44366760234666924,195511.0,2023
1929,Agricultural Land,0.4383246599528116,851566.0,2023
1929,Forest,0.5659982858213011,501145.0,2023
1929,Grassland,0.521037894536324,22530.0,2023
1929,Unclassified,0.5048528018658401,20848.0,2023
1929,Urban Areas,0.4574954755700928,209348.0,2023
1937,Agricultural Land,0.4292638497281737,756114.0,2023
1937,Forest,0.6039113215247234,139139.0,2023
1937,Grassland,0.5435267599532624,14377.0,2023
1937,Unclassified,0.47256445734143393,7116.0,2023
1937,Urban Areas,0.4450931620701366,85728.0,2023
1945,Agricultural Land,0.4414980753250255,3386451.0,2023
1945,Forest,0.5806157940426209,1692957.0,2023
1945,Grassland,0.5419521603718881,70007.0,2023
1945,Unclassified,0.5360037886331888,35723.0,2023
1945,Urban Areas,0.45944958311206113,455416.0,2023
1953,Agricultural Land,0.4762468948919199,1385522.0,2023
1953,Forest,0.5587669705917687,1224381.0,2023
1953,Grassland,0.5047743073030934,79005.0,2023
1953,Unclassified,0.5635401121055555,16292.0,2023
1953,Urban Areas,0.4975568570799206,101488.0,2023
1961,Agricultural Land,0.4811935511474701,1059552.0,2023
1961,Forest,0.5657898268445721,779401.0,2023
1961,Grassland,0.5484753848057772,54471.0,2023
1961,Unclassified,0.511045023842202,61314.0,2023
1961,Urban Areas,0.45425192713433654,1314370.0,2023
1970,Agricultural Land,0.5021029780610528,1988815.0,2023
1970,Forest,0.5995537470172446,950919.0,2023
1970,Grassland,0.5636331240022119,111370.0,2023
1970,Unclassified,0.5344941787754593,32207.0,2023
1970,Urban Areas,0.5166991914802378,237608.0,2023
1988,Agricultural Land,0.4805840056328197,739383.0,2023
1988,Forest,0.5745082982704923,282878.0,2023
1988,Grassland,0.5386525287628511,28341.0,2023
1988,Unclassified,0.4710600412566587,18730.0,2023
1988,Urban Areas,0.4616684244785271,109465.0,2023
1996,Agricultural Land,0.501100557234467,2903780.0,2023
1996,Forest,0.6333889895632082,555501.0,2023
1996,Grassland,0.59467759780745,42157.0,2023
1996,Unclassified,0.5684230523139833,33571.0,2023
1996,Urban Areas,0.49169369936288787,402132.0,2023
2003,Agricultural Land,0.4275426141863573,953409.0,2023
2003,Forest,0.5065141981428347,735659.0,2023
2003,Grassland,0.4958157705538151,36413.0,2023
2003,Unclassified,0.5014963510003517,13892.0,2023
2003,Urban Areas,0.4375852504469452,122803.0,2023
2011,Agricultural Land,0.458876140093419,1219192.0,2023
2011,Forest,0.5553301146709204,1127123.0,2023
2011,Grassland,0.5300467153194937,114950.0,2023
2011,Unclassified,0.5112476708289375,20608.0,2023
2011,Urban Areas,0.4508847095950941,183256.0,2023
2020,Agricultural Land,0.46891573864564395,2157830.0,2023
2020,Forest,0.5069056945507825,5206144.0,2023
2020,Grassland,0.5049935846573003,734316.0,2023
2020,Unclassified,0.4941395393501029,56579.0,2023
2020,Urban Areas,0.45842760965778867,406167.0,2023
2038,Agricultural Land,0.5523119208079635,334710.0,2023
2038,Forest,0.6025986909941842,1568487.0,2023
2038,Grassland,0.5878581129674882,321799.0,2023
2038,Unclassified,0.5882412890268935,14092.0,2023
2038,Urban Areas,0.5269035051130715,148311.0,2023
2046,Agricultural Land,0.5649459307602612,998636.0,2023
2046,Forest,0.6404753372549233,931863.0,2023
2046,Grassland,0.6143292095613777,123168.0,2023
2046,Unclassified,0.6250577154746574,18837.0,2023
2046,Urban Areas,0.531447253859092,210579.0,2023
2054,Agricultural Land,0.5626012795123475,726132.0,2023
2054,Forest,0.6179484298739516,4427814.0,2023
2054,Grassland,0.6049407496643207,1136790.0,2023
2054,Unclassified,0.6019681678183253,35617.0,2023
2054,Urban Areas,0.5319311881887461,276536.0,2023
2062,Agricultural Land,0.5154636563981079,1923316.0,2023
2062,Forest,0.5424424002461466,4559349.0,2023
2062,Grassland,0.5600272595839559,372736.0,2023
2062,Unclassified,0.5279768287775051,52085.0,2023
2062,Urban Areas,0.5194592848303081,263496.0,2023
19,Agricultural Land,0.4416701873343794,1362343.0,2024
19,Forest,0.5635755206752521,791759.0,2024
19,Grassland,0.5370273781590664,44569.0,2024
19,Unclassified,0.36909178832212586,113754.0,2024
19,Urban Areas,0.3884161835306266,2647888.0,2024
27,Agricultural Land,0.5137019287061021,3386790.0,2024
27,Forest,0.6368243310658218,2621501.0,2024
27,Grassland,0.5975216988051085,128117.0,2024
27,Unclassified,0.5022205728748742,138353.0,2024
27,Urban Areas,0.5213753762593525,626163.0,2024
35,Agricultural Land,0.5092889019627092,2813109.0,2024
35,Forest,0.6159277929338284,1704465.0,2024
35,Grassland,0.6183601508803271,58030.0,2024
35,Unclassified,0.47577166995826636,134422.0,2024
35,Urban Areas,0.503965769959028,249369.0,2024
43,Agricultural Land,0.5116296979550757,1748207.0,2024
43,Forest,0.6224019995359931,850573.0,2024
43,Grassland,0.5817527387506894,59998.0,2024
43,Unclassified,0.5056727511911374,54200.0,2024
43,Urban Areas,0.522508251238329,175862.0,2024
51,Agricultural Land,0.5144186927573379,1594897.0,2024
51,Forest,0.6535639487150088,1914556.0,2024
51,Grassland,0.5928476109566595,185319.0,2024
51,Unclassified,0.4973116044123492,76517.0,2024
51,Urban Areas,0.49644714448803867,481955.0,2024
60,Agricultural Land,0.485004631519779,1245108.0,2024
60,Forest,0.6456070149370305,1215248.0,2024
60,Grassland,0.587623611073832,101009.0,2024
60,Unclassified,0.5367978807959494,22321.0,2024
60,Urban Areas,0.4562486008543638,198750.0,2024
78,Agricultural Land,0.48570284846362155,1608960.0,2024
78,Forest,0.6435931416690925,1254279.0,2024
78,Grassland,0.6084064766834408,55532.0,2024
78,Unclassified,0.5094966678484857,36730.0,2024
78,Urban Areas,0.46958659939277647,553092.0,2024
86,Agricultural Land,0.4664137922552609,2749984.0,2024
86,Forest,0.6082236729138069,535328.0,2024
86,Grassland,0.5322811297999916,20164.0,2024
86,Unclassified,0.4890133299579322,33791.0,2024
86,Urban Areas,0.469218126349798,348381.0,2024
94,Agricultural Land,0.4613652057690374,4046966.0,2024
94,Forest,0.603427077509151,1026717.0,2024
94,Grassland,0.5648282951970756,53953.0,2024
94,Unclassified,0.4519335129330839,142118.0,2024
94,Urban Areas,0.43432241595985843,574808.0,2024
108,Agricultural Land,0.44818550409820157,1200044.0,2024
108,Forest,0.6056821020687951,233885.0,2024
108,Grassland,0.5818077355312367,3547.0,2024
108,Unclassified,0.4771555273546313,13831.0,2024
108,Urban Areas,0.45462351928656836,182201.0,2024
116,Agricultural Land,0.5074992671238034,3715540.0,2024
116,Forest,0.6527132270491074,2077922.0,2024
116,Grassland,0.6158783657511665,81915.0,2024
116,Unclassified,0.5115296653824328,125167.0,2024
116,Urban Areas,0.5030690418643213,430175.0,2024
124,Agricultural Land,0.4809396578274503,1925933.0,2024
124,Forest,0.6378671221866602,542289.0,2024
124,Grassland,0.5914090374397334,21181.0,2024
124,Unclassified,0.5335038786067111,29267.0,2024
124,Urban Areas,0.4661130696036082,225864.0,2024
132,Agricultural Land,0.4485963522506728,825517.0,2024
132,Forest,0.571886285637607,180608.0,2024
132,Grassland,0.5346304195307583,8136.0,2024
132,Unclassified,0.383995974088544,56293.0,2024
132,Urban Areas,0.4266354261846966,241184.0,2024
141,Agricultural Land,0.4685435160767592,2568101.0,2024
141,Forest,0.6382380284045371,1433986.0,2024
141,Grassland,0.5942670780607251,48813.0,2024
141,Unclassified,0.5286845673912127,105255.0,2024
141,Urban Areas,0.4607134574393262,410984.0,2024
159,Agricultural Land,0.4200214127900456,739463.0,2024
159,Forest,0.5743029870313732,139524.0,2024
159,Grassland,0.5428140406449757,13060.0,2024
159,Unclassified,0.4337785610828762,53558.0,2024
159,Urban Areas,0.4125505690864782,185259.0,2024
167,Agricultural Land,0.4907130134334906,4812513.0,2024
167,Forest,0.6364970722962517,2386818.0,2024
167,Grassland,0.5780652907918111,164722.0,2024
167,Unclassified,0.5175883812667209,96921.0,2024
167,Urban Areas,0.4559337626340564,643737.0,2024
175,Agricultural Land,0.5147201340634346,1137997.0,2024
175,Forest,0.6594256179434509,733864.0,2024
175,Grassland,0.6214017127531328,67962.0,2024
175,Unclassified,0.5603437764494182,47465.0,2024
175,Urban Areas,0.5129929499225174,137372.0,2024
183,Agricultural Land,0.4132310748975953,839610.0,2024
183,Forest,0.5878259693185524,335117.0,2024
183,Grassland,0.5385062088577146,37831.0,2024
183,Unclassified,0.47410318946097946,26742.0,2024
183,Urban Areas,0.434943598605272,182268.0,2024
191,Agricultural Land,0.45911341067360556,2386722.0,2024
191,Forest,0.6284654046290479,750718.0,2024
191,Grassland,0.609516997705534,18539.0,2024
191,Unclassified,0.47056007787669224,56790.0,2024
191,Urban Areas,0.4596173854236713,342978.0,2024
205,Agricultural Land,0.46561962722360223,2418782.0,2024
205,Forest,0.617456940765373,685326.0,2024
205,Grassland,0.5852745850026871,50504.0,2024
205,Unclassified,0.4887232870599862,67347.0,2024
205,Urban Areas,0.46637055461625687,265041.0,2024
213,Agricultural Land,0.43931533223347324,2375871.0,2024
213,Forest,0.5854318788600407,617308.0,2024
213,Grassland,0.5435512382779635,20738.0,2024
213,Unclassified,0.4054874428939691,88218.0,2024
213,Urban Areas,0.43501665541967344,679031.0,2024
221,Agricultural Land,0.5119566799573922,1547787.0,2024
221,Forest,0.6594082340151399,1498933.0,2024
221,Grassland,0.6243067741598426,38787.0,2024
221,Unclassified,0.5382581537302049,46245.0,2024
221,Urban Areas,0.5118418138593231,641410.0,2024
230,Agricultural Land,0.4779692693326734,2634052.0,2024
230,Forest,0.6332973823184712,1939427.0,2024
230,Grassland,0.5897646540317975,54864.0,2024
230,Unclassified,0.46256144345414013,112861.0,2024
230,Urban Areas,0.48244866565873173,1061104.0,2024
248,Agricultural Land,0.5164297886809789,1110251.0,2024
248,Forest,0.6472204641308149,1682026.0,2024
248,Grassland,0.5993093751387061,80715.0,2024
248,Unclassified,0.42464847511387155,82430.0,2024
248,Urban Areas,0.5110137201735105,229501.0,2024
256,Agricultural Land,0.5330963392998133,3012935.0,2024
256,Forest,0.6701352928823335,3947234.0,2024
256,Grassland,0.6198077211629678,255194.0,2024
256,Unclassified,0.4739289788208031,171522.0,2024
256,Urban Areas,0.5120157295194769,569008.0,2024
264,Agricultural Land,0.5357655593302263,2297262.0,2024
264,Forest,0.6441853131911959,1678858.0,2024
264,Grassland,0.6026062841643428,125659.0,2024
264,Unclassified,0.43929363424128726,138075.0,2024
264,Urban Areas,0.5331066486424647,248120.0,2024
272,Agricultural Land,0.5161411966572051,4392316.0,2024
272,Forest,0.6417465333368882,3852871.0,2024
272,Grassland,0.6047937510940317,135204.0,2024
272,Unclassified,0.5293347432187476,110438.0,2024
272,Urban Areas,0.5126532581186554,471306.0,2024
281,Agricultural Land,0.5706390772969957,1874849.0,2024
281,Forest,0.6814632181987995,2129780.0,2024
281,Grassland,0.6358622619831096,93441.0,2024
281,Unclassified,0.5173643965645944,209242.0,2024
281,Urban Areas,0.548203716064652,214625.0,2024
299,Agricultural Land,0.535707916778438,1552105.0,2024
299,Forest,0.6841910999263621,853869.0,2024
299,Grassland,0.6365216431588405,20646.0,2024
299,Unclassified,0.5097012332376624,54666.0,2024
299,Urban Areas,0.52013417539146,142812.0,2024
302,Agricultural Land,0.5505420529258402,4435198.0,2024
302,Forest,0.6737808840356736,3165216.0,2024
302,Grassland,0.6369216520607084,87863.0,2024
302,Unclassified,0.4393312721206385,544405.0,2024
302,Urban Areas,0.486908684164407,1005279.0,2024
311,Agricultural Land,0.6010801874553108,1636011.0,2024
311,Forest,0.6957063825010747,2722950.0,2024
311,Grassland,0.642066993389757,231492.0,2024
311,Unclassified,0.6038002796312685,85964.0,2024
311,Urban Areas,0.5467611339406524,166306.0,2024
329,Agricultural Land,0.6303422545995594,2968829.0,2024
329,Forest,0.7252564364003402,6539493.0,2024
329,Grassland,0.6735638977939695,746276.0,2024
329,Unclassified,0.5108352809473614,660190.0,2024
329,Urban Areas,0.5866945801377764,370397.0,2024
337,Agricultural Land,0.5086860677197386,2648954.0,2024
337,Forest,0.6164161920351875,1735942.0,2024
337,Grassland,0.6150155332197885,64739.0,2024
337,Unclassified,0.5327436398114216,86823.0,2024
337,Urban Areas,0.5011834269675138,176138.0,2024
345,Agricultural Land,0.580012622455125,4085995.0,2024
345,Forest,0.6893271048196455,4089892.0,2024
345,Grassland,0.6505549352540951,252814.0,2024
345,Unclassified,0.5158929561411958,489387.0,2024
345,Urban Areas,0.5562307215273838,415168.0,2024
353,Agricultural Land,0.5712683579147256,1510451.0,2024
353,Forest,0.6829831233772685,2821820.0,2024
353,Grassland,0.6279918869818697,176496.0,2024
353,Unclassified,0.4923770366000593,664745.0,2024
353,Urban Areas,0.5355427521197269,207802.0,2024
361,Agricultural Land,0.5381063916371873,1149897.0,2024
361,Forest,0.6234640568312769,860208.0,2024
361,Grassland,0.621446048843341,64345.0,2024
361,Unclassified,0.4975551414761446,58442.0,2024
361,Urban Areas,0.5179662835908003,146795.0,2024
370,Agricultural Land,0.5426874861889436,1343136.0,2024
370,Forest,0.6437713374972566,806500.0,2024
370,Grassland,0.6415451901259484,60686.0,2024
370,Unclassified,0.587950157101171,24210.0,2024
370,Urban Areas,0.5413608494742417,111218.0,2024
388,Agricultural Land,0.5582628171135664,4668194.0,2024
388,Forest,0.6621007190011253,2883590.0,2024
388,Grassland,0.6413285890066824,174996.0,2024
388,Unclassified,0.5649942574188569,133459.0,2024
388,Urban Areas,0.544717467597073,411780.0,2024
396,Agricultural Land,0.5304420376234613,2084311.0,2024
396,Forest,0.6455017159053525,1414457.0,2024
396,Grassland,0.6016812186194632,63093.0,2024
396,Unclassified,0.4503310073049065,113128.0,2024
396,Urban Areas,0.5197998562890797,174749.0,2024
400,Agricultural Land,0.5312283943499283,3757959.0,2024
400,Forest,0.6568836756712965,2888772.0,2024
400,Grassland,0.6108594315565475,102197.0,2024
400,Unclassified,0.4690806877554655,273063.0,2024
400,Urban Areas,0.506324590329759,396304.0,2024
418,Agricultural Land,0.6134061079772591,2773855.0,2024
418,Forest,0.7172666702727535,4661460.0,2024
418,Grassland,0.6723287739609222,436756.0,2024
418,Unclassified,0.6222350452695942,240949.0,2024
418,Urban Areas,0.5843426765760068,296918.0,2024
426,Agricultural Land,0.6438015688037884,1119644.0,2024
426,Forest,0.7219457738146615,3529444.0,2024
426,Grassland,0.6792280859539446,392015.0,2024
426,Unclassified,0.676432924858731,139609.0,2024
426,Urban Areas,0.6029314778056786,167760.0,2024
434,Agricultural Land,0.5458800576654431,1537701.0,2024
434,Forest,0.645890835982118,850278.0,2024
434,Grassland,0.6175766224288122,101201.0,2024
434,Unclassified,0.4583213088547205,153667.0,2024
434,Urban Areas,0.527015609691169,142455.0,2024
442,Agricultural Land,0.5487637853348413,3424082.0,2024
442,Forest,0.6509236999538444,1641610.0,2024
442,Grassland,0.6096293352369512,170668.0,2024
442,Unclassified,0.5060842176223473,132855.0,2024
442,Urban Areas,0.5251879266544291,373716.0,2024
451,Agricultural Land,0.5492649352011258,1062231.0,2024
451,Forest,0.6747579996421043,519272.0,2024
451,Grassland,0.6287643620763695,25994.0,2024
451,Unclassified,0.48558131677632677,72664.0,2024
451,Urban Areas,0.5320866293352292,112340.0,2024
469,Agricultural Land,0.5371064640143451,1769820.0,2024
469,Forest,0.6689171433532293,984354.0,2024
469,Grassland,0.6200444393365699,91791.0,2024
469,Unclassified,0.5024180119381805,209649.0,2024
469,Urban Areas,0.5150813270568544,184984.0,2024
477,Agricultural Land,0.5426325637169479,5602755.0,2024
477,Forest,0.6635973594838314,3549543.0,2024
477,Grassland,0.6226748183321407,91761.0,2024
477,Unclassified,0.5433298761846367,191307.0,2024
477,Urban Areas,0.5232120995759424,589129.0,2024
485,Agricultural Land,0.5429906306016732,3366362.0,2024
485,Forest,0.6719565021130665,3561265.0,2024
485,Grassland,0.6448749217575678,276940.0,2024
485,Unclassified,0.5720335616268076,88868.0,2024
485,Urban Areas,0.5313858726484697,328364.0,2024
493,Agricultural Land,0.5246421507631033,1799388.0,2024
493,Forest,0.6341472447316092,880942.0,2024
493,Grassland,0.6073490271465672,35684.0,2024
493,Unclassified,0.5322047516137985,32167.0,2024
493,Urban Areas,0.5082543042382766,138600.0,2024
507,Agricultural Land,0.6456865697537457,428985.0,2024
507,Forest,0.7149605977316205,775741.0,2024
507,Grassland,0.6878123827685374,90742.0,2024
507,Unclassified,0.6883706887830344,23862.0,2024
507,Urban Areas,0.5966763311639807,82702.0,2024
515,Agricultural Land,0.5698299292853152,2336785.0,2024
515,Forest,0.6847759079536093,1673725.0,2024
515,Grassland,0.6390944525938116,401619.0,2024
515,Unclassified,0.498999346676571,235104.0,2024
515,Urban Areas,0.5452964581699126,295026.0,2024
523,Agricultural Land,0.6155613828179365,1093977.0,2024
523,Forest,0.7045130456196987,2177647.0,2024
523,Grassland,0.6487229834915231,526291.0,2024
523,Unclassified,0.6127275097516606,89616.0,2024
523,Urban Areas,0.581425289795265,163369.0,2024
531,Agricultural Land,0.5731004154844721,2848434.0,2024
531,Forest,0.6955031979010619,5776050.0,2024
531,Grassland,0.6477556113239888,2311010.0,2024
531,Unclassified,0.5825528139370899,227032.0,2024
531,Urban Areas,0.5636277290791291,540617.0,2024
540,Agricultural Land,0.6046096891277511,321996.0,2024
540,Forest,0.7440202556279545,2232193.0,2024
540,Grassland,0.6808670039117979,506586.0,2024
540,Unclassified,0.6687982029324361,125957.0,2024
540,Urban Areas,0.5854379864346554,169792.0,2024
558,Agricultural Land,0.5085825244842652,1489966.0,2024
558,Forest,0.601899995751501,774500.0,2024
558,Grassland,0.580693808659851,103749.0,2024
558,Unclassified,0.4485890769297133,83662.0,2024
558,Urban Areas,0.4928556340761784,134776.0,2024
566,Agricultural Land,0.5240476177592397,3899308.0,2024
566,Forest,0.6447103758077347,4115265.0,2024
566,Grassland,0.5997582076417289,475044.0,2024
566,Unclassified,0.5314418420625271,119191.0,2024
566,Urban Areas,0.5074544731198677,445701.0,2024
574,Agricultural Land,0.5687485876980487,2050751.0,2024
574,Forest,0.6629129417857345,4834857.0,2024
574,Grassland,0.6253118605842342,479740.0,2024
574,Unclassified,0.629959201549637,174754.0,2024
574,Urban Areas,0.551579437937276,252682.0,2024
582,Agricultural Land,0.46972938621683213,980501.0,2024
582,Forest,0.5798044912599672,814041.0,2024
582,Grassland,0.5514570974678953,57191.0,2024
582,Unclassified,0.4470457841323371,65499.0,2024
582,Urban Areas,0.4048396055085295,696651.0,2024
591,Agricultural Land,0.47508567624053094,1100790.0,2024
591,Forest,0.5795477470355298,918894.0,2024
591,Grassland,0.540649192374029,90705.0,2024
591,Unclassified,0.5013885979532698,25195.0,2024
591,Urban Areas,0.4868155912518518,154716.0,2024
604,Agricultural Land,0.5187433847462593,1513836.0,2024
604,Forest,0.6084737031907161,1211117.0,2024
604,Grassland,0.5778780235042061,151275.0,2024
604,Unclassified,0.5006739168712135,50709.0,2024
604,Urban Areas,0.52039384512854,159977.0,2024
612,Agricultural Land,0.47344625433440163,1439322.0,2024
612,Forest,0.5833808082602634,953109.0,2024
612,Grassland,0.5442268788226788,73624.0,2024
612,Unclassified,0.5255266556810545,30688.0,2024
612,Urban Areas,0.47391428969643623,215754.0,2024
621,Agricultural Land,0.47865276969393344,1386166.0,2024
621,Forest,0.6040214554523327,903500.0,2024
621,Grassland,0.5502664637586954,67030.0,2024
621,Unclassified,0.4948050995148577,43127.0,2024
621,Urban Areas,0.46108408018001346,191714.0,2024
639,Agricultural Land,0.5212150536794581,2764248.0,2024
639,Forest,0.616660642916562,3246192.0,2024
639,Grassland,0.5981898405354938,243900.0,2024
639,Unclassified,0.5343225295119295,83190.0,2024
639,Urban Areas,0.5206990738100462,255239.0,2024
647,Agricultural Land,0.49281271918201935,3001044.0,2024
647,Forest,0.6050901328211926,2536807.0,2024
647,Grassland,0.6022759024630834,136352.0,2024
647,Unclassified,0.4790423600125559,117157.0,2024
647,Urban Areas,0.480029245829532,482913.0,2024
655,Agricultural Land,0.512323005480589,2351622.0,2024
655,Forest,0.6220689742517459,3488284.0,2024
655,Grassland,0.5906604079642133,178798.0,2024
655,Unclassified,0.48981343010522743,100520.0,2024
655,Urban Areas,0.49894046871011166,446113.0,2024
663,Agricultural Land,0.6733905822770715,276828.0,2024
663,Forest,0.7440192337826905,1880358.0,2024
663,Grassland,0.6894233109428957,335262.0,2024
663,Unclassified,0.7188007934139675,70907.0,2024
663,Urban Areas,0.6280638049929047,69832.0,2024
671,Agricultural Land,0.6237375291758179,965260.0,2024
671,Forest,0.6950387663866249,2636119.0,2024
671,Grassland,0.6696683098963615,465344.0,2024
671,Unclassified,0.44024930714998595,389388.0,2024
671,Urban Areas,0.5264644706074934,436238.0,2024
680,Agricultural Land,0.5460046756744845,2051343.0,2024
680,Forest,0.6462866460509911,1920734.0,2024
680,Grassland,0.6203627545087226,100199.0,2024
680,Unclassified,0.57710319266067,53965.0,2024
680,Urban Areas,0.5257339782459,180498.0,2024
698,Agricultural Land,0.5813732082101359,3645095.0,2024
698,Forest,0.6748424734417772,4889913.0,2024
698,Grassland,0.6489296513344536,372789.0,2024
698,Unclassified,0.5812630940776995,226611.0,2024
698,Urban Areas,0.545604586117833,330312.0,2024
701,Agricultural Land,0.6216455442983961,441560.0,2024
701,Forest,0.7053246287798814,1162929.0,2024
701,Grassland,0.6687270832622535,249508.0,2024
701,Unclassified,0.6290663733449551,27250.0,2024
701,Urban Areas,0.5915061740141653,125311.0,2024
710,Agricultural Land,0.5713690738093384,2728193.0,2024
710,Forest,0.6734864234195357,4634374.0,2024
710,Grassland,0.6384431159457008,643991.0,2024
710,Unclassified,0.5748261821629257,264819.0,2024
710,Urban Areas,0.5339936945194552,446197.0,2024
728,Agricultural Land,0.6328964429786289,1253423.0,2024
728,Forest,0.682402708205237,3193604.0,2024
728,Grassland,0.6664454853514201,529827.0,2024
728,Unclassified,0.620641496310804,236398.0,2024
728,Urban Areas,0.5520784709333445,319741.0,2024
736,Agricultural Land,0.6092208005608349,831480.0,2024
736,Forest,0.6619710066923254,1344529.0,2024
736,Grassland,0.6312579153052074,184862.0,2024
736,Unclassified,0.6295226360446664,93751.0,2024
736,Urban Areas,0.5725218192521117,185561.0,2024
744,Agricultural Land,0.6243318997973232,175864.0,2024
744,Forest,0.7022128289690968,461286.0,2024
744,Grassland,0.6568650163898361,124319.0,2024
744,Unclassified,0.5895203226267063,19400.0,2024
744,Urban Areas,0.5556625255039126,104593.0,2024
752,Agricultural Land,0.5011338699995537,1399028.0,2024
752,Forest,0.7179157570934618,2205469.0,2024
752,Grassland,0.6607474260131893,294015.0,2024
752,Unclassified,0.4226032139850062,538754.0,2024
752,Urban Areas,0.48469829109744056,410892.0,2024
761,Agricultural Land,0.5008822368131143,1454340.0,2024
761,Forest,0.6991972755411131,2018035.0,2024
761,Grassland,0.638248533743739,568810.0,2024
761,Unclassified,0.5024905334293427,187970.0,2024
761,Urban Areas,0.5046689471583734,258579.0,2024
779,Agricultural Land,0.6230966959874285,296662.0,2024
779,Forest,0.749576572539749,943177.0,2024
779,Grassland,0.6827319265868423,119496.0,2024
779,Unclassified,0.6054707191966979,39574.0,2024
779,Urban Areas,0.5612136700430689,169243.0,2024
787,Agricultural Land,0.6616570725059702,164514.0,2024
787,Forest,0.778366794522999,1474770.0,2024
787,Grassland,0.7026100691051641,129123.0,2024
787,Unclassified,0.7047949141955485,37813.0,2024
787,Urban Areas,0.6344699648216318,99656.0,2024
795,Agricultural Land,0.6081004160015574,217839.0,2024
795,Forest,0.6826682728178809,384556.0,2024
795,Grassland,0.6275500781016773,65659.0,2024
795,Unclassified,0.6446088244169179,10434.0,2024
795,Urban Areas,0.5853035374122277,62198.0,2024
809,Agricultural Land,0.5916305652505328,1174334.0,2024
809,Forest,0.728897738531136,1873849.0,2024
809,Grassland,0.6360337376746243,199207.0,2024
809,Unclassified,0.6703854361693415,47535.0,2024
809,Urban Areas,0.5772748822077514,197756.0,2024
817,Agricultural Land,0.6004871298949994,1717983.0,2024
817,Forest,0.7079190144131587,2788170.0,2024
817,Grassland,0.6516837748452664,479108.0,2024
817,Unclassified,0.6165264850467419,67888.0,2024
817,Urban Areas,0.5429901080324979,728271.0,2024
825,Agricultural Land,0.4990786449385787,2612000.0,2024
825,Forest,0.6439969384598101,1407906.0,2024
825,Grassland,0.6297096014622848,216556.0,2024
825,Unclassified,0.43605832350962537,111338.0,2024
825,Urban Areas,0.4843835557626407,358071.0,2024
833,Agricultural Land,0.4792162650754107,1702656.0,2024
833,Forest,0.6471235807473465,585187.0,2024
833,Grassland,0.5827085807529491,56852.0,2024
833,Unclassified,0.40970382257313037,50041.0,2024
833,Urban Areas,0.4680665365804896,221320.0,2024
841,Agricultural Land,0.4569539176506756,2255316.0,2024
841,Forest,0.603370970797452,441085.0,2024
841,Grassland,0.5491254474203814,28148.0,2024
841,Unclassified,0.41018477616560195,64964.0,2024
841,Urban Areas,0.4579146484432697,212420.0,2024
850,Agricultural Land,0.4558799933703405,3378535.0,2024
850,Forest,0.6077854529646584,902034.0,2024
850,Grassland,0.5109775477799625,66771.0,2024
850,Unclassified,0.4779415622178926,58537.0,2024
850,Urban Areas,0.45472341586262105,319425.0,2024
868,Agricultural Land,0.46058557833830005,2046615.0,2024
868,Forest,0.5788821415278054,1007477.0,2024
868,Grassland,0.5690553305925004,171002.0,2024
868,Unclassified,0.4727291932788038,37403.0,2024
868,Urban Areas,0.463783497761481,146857.0,2024
876,Agricultural Land,0.4410618342643398,2077265.0,2024
876,Forest,0.5810888616644424,704313.0,2024
876,Grassland,0.5078247239340706,40840.0,2024
876,Unclassified,0.4678725839290452,38173.0,2024
876,Urban Areas,0.4204725147012151,213943.0,2024
884,Agricultural Land,0.5670153040357109,220877.0,2024
884,Forest,0.6841912599209218,1627295.0,2024
884,Grassland,0.6667914053891077,131301.0,2024
884,Unclassified,0.43926538494953093,159673.0,2024
884,Urban Areas,0.48591066491831775,211928.0,2024
892,Agricultural Land,0.4750084545734134,1082656.0,2024
892,Forest,0.5680068208533038,533002.0,2024
892,Grassland,0.5269357036848868,78892.0,2024
892,Unclassified,0.3587010264854724,291854.0,2024
892,Urban Areas,0.4380399642727446,324815.0,2024
906,Agricultural Land,0.5491472929113197,455502.0,2024
906,Forest,0.6314495496951124,492846.0,2024
906,Grassland,0.600127686385564,24299.0,2024
906,Unclassified,0.33011438114494446,132617.0,2024
906,Urban Areas,0.46133786457247244,130577.0,2024
914,Agricultural Land,0.5377517109668805,837692.0,2024
914,Forest,0.671761522706804,1805583.0,2024
914,Grassland,0.6270840110075052,277339.0,2024
914,Unclassified,0.4380103141225093,142234.0,2024
914,Urban Areas,0.4748548060472904,385967.0,2024
922,Agricultural Land,0.6049543082120187,912295.0,2024
922,Forest,0.6737845849952555,1898222.0,2024
922,Grassland,0.6424717274044687,558267.0,2024
922,Unclassified,0.46181706209439094,115325.0,2024
922,Urban Areas,0.5137715446741815,560776.0,2024
931,Agricultural Land,0.5198765659512969,1816147.0,2024
931,Forest,0.6059867204988341,1133846.0,2024
931,Grassland,0.5905614525150408,109630.0,2024
931,Unclassified,0.5306384316751078,54503.0,2024
931,Urban Areas,0.5113821961007063,175795.0,2024
949,Agricultural Land,0.5321925741165924,3998155.0,2024
949,Forest,0.6195528764398672,1868188.0,2024
949,Grassland,0.616193630524746,82840.0,2024
949,Unclassified,0.562314434587211,97680.0,2024
949,Urban Areas,0.5195401755739865,410916.0,2024
957,Agricultural Land,0.5453425294081212,1435128.0,2024
957,Forest,0.6316653482389255,1216817.0,2024
957,Grassland,0.6280910477956423,40471.0,2024
957,Unclassified,0.5278518116646382,55545.0,2024
957,Urban Areas,0.534666419356135,152841.0,2024
965,Agricultural Land,0.49469496211241537,4290760.0,2024
965,Forest,0.6320081693752027,1331713.0,2024
965,Grassland,0.58040965445214,70607.0,2024
965,Unclassified,0.46200918575048716,153522.0,2024
965,Urban Areas,0.4629168306056727,927125.0,2024
973,Agricultural Land,0.49941069549143063,1520808.0,2024
973,Forest,0.6308181520009255,378727.0,2024
973,Grassland,0.5761023548135691,60425.0,2024
973,Unclassified,0.5073084485464575,23742.0,2024
973,Urban Areas,0.4954474247091628,158476.0,2024
981,Agricultural Land,0.4894248499415286,4234548.0,2024
981,Forest,0.635948358710219,2347487.0,2024
981,Grassland,0.594190552616904,119604.0,2024
981,Unclassified,0.5005017900834582,118670.0,2024
981,Urban Areas,0.48695097460995146,642826.0,2024
990,Agricultural Land,0.5776884758024243,1122103.0,2024
990,Forest,0.6794013363387585,1043646.0,2024
990,Grassland,0.6416558181377817,113978.0,2024
990,Unclassified,0.5574926955267737,44999.0,2024
990,Urban Areas,0.5610785162520797,143138.0,2024
1007,Agricultural Land,0.5138166120260406,1254808.0,2024
1007,Forest,0.6527421136748706,462683.0,2024
1007,Grassland,0.6073720611670205,43536.0,2024
1007,Unclassified,0.5386115656407368,17244.0,2024
1007,Urban Areas,0.5060209179130496,150448.0,2024
1015,Agricultural Land,0.5199156793825562,3873113.0,2024
1015,Forest,0.6517482971070443,1457212.0,2024
1015,Grassland,0.6083369253763289,152829.0,2024
1015,Unclassified,0.509272206453183,89441.0,2024
1015,Urban Areas,0.5123631340683391,392682.0,2024
1023,Agricultural Land,0.5980451567308643,446169.0,2024
1023,Forest,0.6700982616228928,389358.0,2024
1023,Grassland,0.6438984462428691,46223.0,2024
1023,Unclassified,0.6191119968352977,5427.0,2024
1023,Urban Areas,0.5651087668187728,84380.0,2024
1031,Agricultural Land,0.5743394730987982,1237740.0,2024
1031,Forest,0.6844520704572822,1003030.0,2024
1031,Grassland,0.6341930617106465,216167.0,2024
1031,Unclassified,0.6221880268546208,24627.0,2024
1031,Urban Areas,0.5718441249206947,110187.0,2024
1040,Agricultural Land,0.5125742786209645,956677.0,2024
1040,Forest,0.6456950751804588,201898.0,2024
1040,Grassland,0.5899062610410264,35728.0,2024
1040,Unclassified,0.5570719147424527,18806.0,2024
1040,Urban Areas,0.5004014548970979,141374.0,2024
1058,Agricultural Land,0.526033760685903,598525.0,2024
1058,Forest,0.6356674545886302,211703.0,2024
1058,Grassland,0.6054004060185089,33510.0,2024
1058,Unclassified,0.42512221272214057,55474.0,2024
1058,Urban Areas,0.5200907010494499,81645.0,2024
1066,Agricultural Land,0.5575746185660297,1625193.0,2024
1066,Forest,0.6488590019855877,1308185.0,2024
1066,Grassland,0.6308688401197392,265766.0,2024
1066,Unclassified,0.43704365124928,78878.0,2024
1066,Urban Areas,0.5312222495652545,309374.0,2024
1074,Agricultural Land,0.4652940705862403,1030418.0,2024
1074,Forest,0.6318030793436948,890271.0,2024
1074,Grassland,0.5711436245228679,38224.0,2024
1074,Unclassified,0.477383350278776,24742.0,2024
1074,Urban Areas,0.4676322129835442,153744.0,2024
1082,Agricultural Land,0.4769904521003119,2436723.0,2024
1082,Forest,0.6222491640229604,735069.0,2024
1082,Grassland,0.5887829410291436,37036.0,2024
1082,Unclassified,0.46886076885500405,154736.0,2024
1082,Urban Areas,0.4497390320987509,729313.0,2024
1091,Agricultural Land,0.5118364381162361,1281036.0,2024
1091,Forest,0.6376689279707718,939093.0,2024
1091,Grassland,0.6074774482080351,30051.0,2024
1091,Unclassified,0.47410281753629907,77334.0,2024
1091,Urban Areas,0.5024617585025754,244650.0,2024
1104,Agricultural Land,0.5022330272306623,1454815.0,2024
1104,Forest,0.6794234443693404,941090.0,2024
1104,Grassland,0.6459078439490642,205671.0,2024
1104,Unclassified,0.5230564173142024,27206.0,2024
1104,Urban Areas,0.5124663895901883,162941.0,2024
1112,Agricultural Land,0.5059387871814863,834189.0,2024
1112,Forest,0.6330461468325882,1093454.0,2024
1112,Grassland,0.5806586360732818,86145.0,2024
1112,Unclassified,0.5462544491001778,50545.0,2024
1112,Urban Areas,0.4874781520706426,171205.0,2024
1121,Agricultural Land,0.5304219963981921,2019458.0,2024
1121,Forest,0.688857482929371,2071040.0,2024
1121,Grassland,0.6565966528355027,402803.0,2024
1121,Unclassified,0.6185741968671024,42908.0,2024
1121,Urban Areas,0.5081588895788304,256143.0,2024
1139,Agricultural Land,0.5896933052001142,798942.0,2024
1139,Forest,0.7174796987538814,1376952.0,2024
1139,Grassland,0.6544144329210603,422933.0,2024
1139,Unclassified,0.6732877719380612,26367.0,2024
1139,Urban Areas,0.587770296730644,159506.0,2024
1147,Agricultural Land,0.5835330045358453,985909.0,2024
1147,Forest,0.6730965399849943,873923.0,2024
1147,Grassland,0.6298065439879174,248618.0,2024
1147,Unclassified,0.5852803814852732,25323.0,2024
1147,Urban Areas,0.5716181675208539,166120.0,2024
1155,Agricultural Land,0.5556384339140652,1197747.0,2024
1155,Forest,0.6678031890604048,767745.0,2024
1155,Grassland,0.6348161350626057,100447.0,2024
1155,Unclassified,0.6084073990175325,39362.0,2024
1155,Urban Areas,0.5295769202877585,219924.0,2024
1163,Agricultural Land,0.5174045750562248,2172456.0,2024
1163,Forest,0.6703412671289549,896182.0,2024
1163,Grassland,0.609670700971381,78542.0,2024
1163,Unclassified,0.5411778900246513,17726.0,2024
1163,Urban Areas,0.5148963323280403,205666.0,2024
1171,Agricultural Land,0.5175821695893058,2021353.0,2024
1171,Forest,0.6566362215267493,1798666.0,2024
1171,Grassland,0.6131559542771114,127898.0,2024
1171,Unclassified,0.5552977527713852,32514.0,2024
1171,Urban Areas,0.5100541723459041,190995.0,2024
1180,Agricultural Land,0.5702375605417205,1448968.0,2024
1180,Forest,0.688011057100104,1026563.0,2024
1180,Grassland,0.6474518245830548,81664.0,2024
1180,Unclassified,0.5777083280941147,22820.0,2024
1180,Urban Areas,0.5606228347119033,146301.0,2024
1198,Agricultural Land,0.5209808708346033,1943943.0,2024
1198,Forest,0.6674579051453093,1247328.0,2024
1198,Grassland,0.6139652189562422,90601.0,2024
1198,Unclassified,0.46811396030021746,29159.0,2024
1198,Urban Areas,0.5143601012002652,205276.0,2024
1201,Agricultural Land,0.57624639163769,1289622.0,2024
1201,Forest,0.6845255951836384,1012778.0,2024
1201,Grassland,0.6644300248155844,67914.0,2024
1201,Unclassified,0.5734095672398543,24577.0,2024
1201,Urban Areas,0.563645660829205,183073.0,2024
1210,Agricultural Land,0.6194875191248909,1724480.0,2024
1210,Forest,0.7286820788678752,3297466.0,2024
1210,Grassland,0.7019166798552418,519584.0,2024
1210,Unclassified,0.6691190682844887,56865.0,2024
1210,Urban Areas,0.586125217128676,352364.0,2024
1228,Agricultural Land,0.5922759571051096,730438.0,2024
1228,Forest,0.7469247763741251,1633013.0,2024
1228,Grassland,0.6840992830583468,354439.0,2024
1228,Unclassified,0.6902383852439107,59673.0,2024
1228,Urban Areas,0.5568164045311653,156355.0,2024
1236,Agricultural Land,0.6328185058494107,574989.0,2024
1236,Forest,0.7459096289492225,770956.0,2024
1236,Grassland,0.6596397693259994,156435.0,2024
1236,Unclassified,0.6885798444234135,11007.0,2024
1236,Urban Areas,0.6050905645533561,70790.0,2024
1244,Agricultural Land,0.5600557906933425,1367128.0,2024
1244,Forest,0.7078786508774422,1013065.0,2024
1244,Grassland,0.6630725462282672,196225.0,2024
1244,Unclassified,0.5867408249011931,24501.0,2024
1244,Urban Areas,0.5531827563533143,150848.0,2024
1252,Agricultural Land,0.48587589070681675,1786395.0,2024
1252,Forest,0.6201363649767425,668295.0,2024
1252,Grassland,0.5715107073368036,91414.0,2024
1252,Unclassified,0.4700832876494716,49833.0,2024
1252,Urban Areas,0.45837247504765855,222366.0,2024
1261,Agricultural Land,0.5832475469300711,1346737.0,2024
1261,Forest,0.6936223628996446,1021005.0,2024
1261,Grassland,0.6487931346927127,217153.0,2024
1261,Unclassified,0.5809097416121768,36855.0,2024
1261,Urban Areas,0.5568733075612611,193926.0,2024
1279,Agricultural Land,0.5590128230100517,257376.0,2024
1279,Forest,0.6953790904919914,404849.0,2024
1279,Grassland,0.6381414518219002,35245.0,2024
1279,Unclassified,0.6014939307696476,4692.0,2024
1279,Urban Areas,0.5131777345995261,94818.0,2024
1287,Agricultural Land,0.5611369707157344,824068.0,2024
1287,Forest,0.6710933442659291,721839.0,2024
1287,Grassland,0.6311218713789418,191378.0,2024
1287,Unclassified,0.6318298377496057,15539.0,2024
1287,Urban Areas,0.5428403352620746,152025.0,2024
1295,Agricultural Land,0.5134933621856237,1076982.0,2024
1295,Forest,0.6569837564084203,1987672.0,2024
1295,Grassland,0.6180206822706004,116800.0,2024
1295,Unclassified,0.5619049198574227,32240.0,2024
1295,Urban Areas,0.4932805684319398,300266.0,2024
1309,Agricultural Land,0.5310781896846892,2388929.0,2024
1309,Forest,0.6383700259015024,2206419.0,2024
1309,Grassland,0.6095757024634383,132113.0,2024
1309,Unclassified,0.5018282148420855,45622.0,2024
1309,Urban Areas,0.5098828480364846,335147.0,2024
1317,Agricultural Land,0.41945015249456996,511444.0,2024
1317,Forest,0.6081484540355397,748570.0,2024
1317,Grassland,0.5022820723438576,7931.0,2024
1317,Unclassified,0.38716826663292664,52239.0,2024
1317,Urban Areas,0.3509903911895154,981736.0,2024
1325,Agricultural Land,0.43503665093225086,855753.0,2024
1325,Forest,0.6029109841571174,677219.0,2024
1325,Grassland,0.5255333837497838,18918.0,2024
1325,Unclassified,0.5362515389385144,21537.0,2024
1325,Urban Areas,0.4185819248765885,148813.0,2024
1333,Agricultural Land,0.45223764814751155,322555.0,2024
1333,Forest,0.6060915616045416,303793.0,2024
1333,Grassland,0.5330289961265248,6629.0,2024
1333,Unclassified,0.5076570640094312,6305.0,2024
1333,Urban Areas,0.44389274661270256,131146.0,2024
1341,Agricultural Land,0.4710754759244994,701288.0,2024
1341,Forest,0.6270530991394713,863073.0,2024
1341,Grassland,0.6011059233602488,8427.0,2024
1341,Unclassified,0.5573951092670597,7707.0,2024
1341,Urban Areas,0.45895915878124727,163800.0,2024
1350,Agricultural Land,0.4996632714074434,1302910.0,2024
1350,Forest,0.625266549863859,1720836.0,2024
1350,Grassland,0.5854207883434793,114494.0,2024
1350,Unclassified,0.5691155784791349,32551.0,2024
1350,Urban Areas,0.48886988565883327,250751.0,2024
1368,Agricultural Land,0.42920046559624503,1514122.0,2024
1368,Forest,0.6478035373112845,1413096.0,2024
1368,Grassland,0.6134490715553608,19469.0,2024
1368,Unclassified,0.4660594240442521,45443.0,2024
1368,Urban Areas,0.4252454577463882,438803.0,2024
1376,Agricultural Land,0.39297242751480616,1475302.0,2024
1376,Forest,0.5227132659791838,169031.0,2024
1376,Grassland,0.48930666098796877,22908.0,2024
1376,Unclassified,0.38268620998714525,45221.0,2024
1376,Urban Areas,0.3766280267896836,230142.0,2024
1384,Agricultural Land,0.4032582984072333,2497374.0,2024
1384,Forest,0.5829479476475118,1250636.0,2024
1384,Grassland,0.5463984696616515,82767.0,2024
1384,Unclassified,0.47719387444353517,200159.0,2024
1384,Urban Areas,0.37018750784169724,349069.0,2024
1392,Agricultural Land,0.42057933299960043,2603945.0,2024
1392,Forest,0.5762978976918072,519264.0,2024
1392,Grassland,0.5017202250119076,37295.0,2024
1392,Unclassified,0.37226357230434304,112245.0,2024
1392,Urban Areas,0.39531603768065104,277419.0,2024
1406,Agricultural Land,0.409492843379432,1588697.0,2024
1406,Forest,0.5496100092123455,451640.0,2024
1406,Grassland,0.4745598975366026,30282.0,2024
1406,Unclassified,0.3450473690672735,221136.0,2024
1406,Urban Areas,0.38305454524823057,146230.0,2024
1414,Agricultural Land,0.39812349108622663,1405871.0,2024
1414,Forest,0.5805150680558789,241868.0,2024
1414,Grassland,0.5478053652870731,1097.0,2024
1414,Unclassified,0.36825055251705785,164827.0,2024
1414,Urban Areas,0.39330779189075565,139245.0,2024
1422,Agricultural Land,0.5559137953952157,531376.0,2024
1422,Forest,0.6480987999568465,994836.0,2024
1422,Grassland,0.5991752255259783,146129.0,2024
1422,Unclassified,0.5253253528378801,11434.0,2024
1422,Urban Areas,0.5019711835669993,97826.0,2024
1431,Agricultural Land,0.48397378581941636,557288.0,2024
1431,Forest,0.6538111556445273,304482.0,2024
1431,Grassland,0.5905558972067076,20267.0,2024
1431,Unclassified,0.4251621697155612,34798.0,2024
1431,Urban Areas,0.4299254154951468,199799.0,2024
1449,Agricultural Land,0.5443816981034821,763429.0,2024
1449,Forest,0.6400295570303616,1429220.0,2024
1449,Grassland,0.5981177129373534,266418.0,2024
1449,Unclassified,0.5974739042896605,11576.0,2024
1449,Urban Areas,0.4925451337173585,111307.0,2024
1457,Agricultural Land,0.5598846898140233,451663.0,2024
1457,Forest,0.6571557911677368,766562.0,2024
1457,Grassland,0.6096023663119513,113507.0,2024
1457,Unclassified,0.4620876835749879,13159.0,2024
1457,Urban Areas,0.5048767302908397,115159.0,2024
1465,Agricultural Land,0.5152623263269803,1137103.0,2024
1465,Forest,0.6691194589012048,1727283.0,2024
1465,Grassland,0.6182559004185484,165183.0,2024
1465,Unclassified,0.5278387994038007,22037.0,2024
1465,Urban Areas,0.4709871265631946,452195.0,2024
1473,Agricultural Land,0.41353602827275415,1667872.0,2024
1473,Forest,0.5842204399152794,785180.0,2024
1473,Grassland,0.4882523901934575,38110.0,2024
1473,Unclassified,0.42663990348764763,89599.0,2024
1473,Urban Areas,0.371863824479554,276972.0,2024
1481,Agricultural Land,0.4373610648266618,2771594.0,2024
1481,Forest,0.6296587027888535,1510603.0,2024
1481,Grassland,0.5182938616496077,35586.0,2024
1481,Unclassified,0.4752851249393845,49387.0,2024
1481,Urban Areas,0.41272555178065207,334749.0,2024
1490,Agricultural Land,0.4371705004502764,1818099.0,2024
1490,Forest,0.6512839028830498,984414.0,2024
1490,Grassland,0.5734664234625926,357475.0,2024
1490,Unclassified,0.4933084954777362,46222.0,2024
1490,Urban Areas,0.40054075828221836,216606.0,2024
1503,Agricultural Land,0.536518585824656,4723732.0,2024
1503,Forest,0.6167212917827154,3283394.0,2024
1503,Grassland,0.6155971986940311,201916.0,2024
1503,Unclassified,0.5362180848916894,170952.0,2024
1503,Urban Areas,0.5026134289512941,698056.0,2024
1511,Agricultural Land,0.5355373711281016,1567870.0,2024
1511,Forest,0.6314817606294391,1060494.0,2024
1511,Grassland,0.6208143249180011,86230.0,2024
1511,Unclassified,0.5319783545959329,72735.0,2024
1511,Urban Areas,0.5269580777184396,124844.0,2024
1520,Agricultural Land,0.5036221872722682,550610.0,2024
1520,Forest,0.6690685140249606,918768.0,2024
1520,Grassland,0.6321557869089514,69885.0,2024
1520,Unclassified,0.6263229702618092,8446.0,2024
1520,Urban Areas,0.494400498421534,91023.0,2024
1538,Agricultural Land,0.4531361374484403,958811.0,2024
1538,Forest,0.6429811600699419,204071.0,2024
1538,Grassland,0.566565130822359,20748.0,2024
1538,Unclassified,0.4852637412531644,7187.0,2024
1538,Urban Areas,0.42762140524131526,134665.0,2024
1546,Agricultural Land,0.48577966632572234,3090334.0,2024
1546,Forest,0.675099295959614,1360325.0,2024
1546,Grassland,0.6142881965727399,51151.0,2024
1546,Unclassified,0.4606956287286504,90095.0,2024
1546,Urban Areas,0.46433770399670554,394872.0,2024
1554,Agricultural Land,0.5445061466823442,1022501.0,2024
1554,Forest,0.6621045077653382,786985.0,2024
1554,Grassland,0.6474892187820592,37084.0,2024
1554,Unclassified,0.6049514371197658,8730.0,2024
1554,Urban Areas,0.5356688738258013,105410.0,2024
1562,Agricultural Land,0.46623405722200956,4118604.0,2024
1562,Forest,0.6456285092096926,1065464.0,2024
1562,Grassland,0.6181862496487812,67711.0,2024
1562,Unclassified,0.48184991052403836,41540.0,2024
1562,Urban Areas,0.4270611942968754,514717.0,2024
1571,Agricultural Land,0.47038415228012653,2764591.0,2024
1571,Forest,0.5935441220642411,1115638.0,2024
1571,Grassland,0.5774163681637178,29391.0,2024
1571,Unclassified,0.4833912317041766,45196.0,2024
1571,Urban Areas,0.45476277126366443,182656.0,2024
1589,Agricultural Land,0.47103202472439515,1124766.0,2024
1589,Forest,0.5932608539065255,790521.0,2024
1589,Grassland,0.5426909226253864,26237.0,2024
1589,Unclassified,0.439515305418495,58290.0,2024
1589,Urban Areas,0.45694994559597285,110767.0,2024
1597,Agricultural Land,0.5007669380599523,5157021.0,2024
1597,Forest,0.5854068926660806,2566236.0,2024
1597,Grassland,0.5877435772007834,61492.0,2024
1597,Unclassified,0.48173171166553047,130057.0,2024
1597,Urban Areas,0.4620509870987928,458265.0,2024
1601,Agricultural Land,0.4470851292289973,2777390.0,2024
1601,Forest,0.6700900799508125,1748463.0,2024
1601,Grassland,0.5982340589673383,102962.0,2024
1601,Unclassified,0.42757489440543417,93107.0,2024
1601,Urban Areas,0.41486506286991937,453146.0,2024
1619,Agricultural Land,0.4644640461450561,2079885.0,2024
1619,Forest,0.6497129240389549,1902377.0,2024
1619,Grassland,0.5940059055180711,457582.0,2024
1619,Unclassified,0.5209531100388394,23101.0,2024
1619,Urban Areas,0.4297791859938365,263444.0,2024
1627,Agricultural Land,0.43688421987010906,1116565.0,2024
1627,Forest,0.6535058485403238,435467.0,2024
1627,Grassland,0.5139102095534575,13081.0,2024
1627,Unclassified,0.5001717235144414,10525.0,2024
1627,Urban Areas,0.44517731762781154,133298.0,2024
1635,Agricultural Land,0.3944933354414041,1061889.0,2024
1635,Forest,0.6356245580709313,318829.0,2024
1635,Grassland,0.4841265672948774,3741.0,2024
1635,Unclassified,0.43665036588123063,8627.0,2024
1635,Urban Areas,0.3962550724161015,184043.0,2024
1643,Agricultural Land,0.4544157157815854,2375565.0,2024
1643,Forest,0.6749080337752831,2613700.0,2024
1643,Grassland,0.6297338745935351,42972.0,2024
1643,Unclassified,0.5081072038664364,46286.0,2024
1643,Urban Areas,0.4287468768625464,321111.0,2024
1651,Agricultural Land,0.38733189064516504,2458964.0,2024
1651,Forest,0.5731882364207193,787995.0,2024
1651,Grassland,0.4880181157239389,20120.0,2024
1651,Unclassified,0.4786201863783518,26920.0,2024
1651,Urban Areas,0.3842875006077072,181577.0,2024
1660,Agricultural Land,0.4029279766321808,8140922.0,2024
1660,Forest,0.5877824144772159,3273312.0,2024
1660,Grassland,0.48838903491143265,101857.0,2024
1660,Unclassified,0.43160773838919275,242697.0,2024
1660,Urban Areas,0.3895486647347232,652236.0,2024
1678,Agricultural Land,0.5642388362776803,1663856.0,2024
1678,Forest,0.6514358655249859,1410265.0,2024
1678,Grassland,0.6288607189395152,160362.0,2024
1678,Unclassified,0.5209375732665732,54231.0,2024
1678,Urban Areas,0.5535176564944299,187617.0,2024
1686,Agricultural Land,0.5718490198723838,1429232.0,2024
1686,Forest,0.6790307673225472,1205020.0,2024
1686,Grassland,0.6577647613208275,101143.0,2024
1686,Unclassified,0.5802312147592166,40488.0,2024
1686,Urban Areas,0.5593594520940091,151605.0,2024
1694,Agricultural Land,0.4986445338911554,2701327.0,2024
1694,Forest,0.5857991853102288,1592893.0,2024
1694,Grassland,0.581898595539172,44815.0,2024
1694,Unclassified,0.45916213620331775,101740.0,2024
1694,Urban Areas,0.46350898816012753,291883.0,2024
1708,Agricultural Land,0.5326875923694759,2118179.0,2024
1708,Forest,0.6466088914771396,2041083.0,2024
1708,Grassland,0.6297437471394279,107541.0,2024
1708,Unclassified,0.49278106468952365,139915.0,2024
1708,Urban Areas,0.5099086423474339,238056.0,2024
1716,Agricultural Land,0.6106744118609618,2350583.0,2024
1716,Forest,0.714199711209954,3242694.0,2024
1716,Grassland,0.6687761014320125,319734.0,2024
1716,Unclassified,0.5164885659716489,126796.0,2024
1716,Urban Areas,0.5830916057493559,258519.0,2024
1724,Agricultural Land,0.54370122730952,2278398.0,2024
1724,Forest,0.679545123731396,2744352.0,2024
1724,Grassland,0.653891532224396,408878.0,2024
1724,Unclassified,0.5698856152647722,41676.0,2024
1724,Urban Areas,0.5372243501738412,267575.0,2024
1732,Agricultural Land,0.6378289031056215,1073944.0,2024
1732,Forest,0.7572678338408136,1827254.0,2024
1732,Grassland,0.6680888745379869,281222.0,2024
1732,Unclassified,0.7255777197993484,20957.0,2024
1732,Urban Areas,0.614763914652964,119704.0,2024
1741,Agricultural Land,0.5060453768932824,1635291.0,2024
1741,Forest,0.6599759292323765,2196826.0,2024
1741,Grassland,0.6221548818177745,178737.0,2024
1741,Unclassified,0.46098469962368593,87988.0,2024
1741,Urban Areas,0.4638608123141196,703902.0,2024
1759,Agricultural Land,0.5615197983176643,400908.0,2024
1759,Forest,0.6832663756864781,2332268.0,2024
1759,Grassland,0.6247924462750482,217737.0,2024
1759,Unclassified,0.5462285782610102,48900.0,2024
1759,Urban Areas,0.5453334654557551,173068.0,2024
1767,Agricultural Land,0.5866725457564917,387650.0,2024
1767,Forest,0.6799207722525481,1145386.0,2024
1767,Grassland,0.6470998709977449,122628.0,2024
1767,Unclassified,0.6512077088150466,13014.0,2024
1767,Urban Areas,0.5432895279876795,88437.0,2024
1775,Agricultural Land,0.5543957790762243,704670.0,2024
1775,Forest,0.6820198572949079,1272002.0,2024
1775,Grassland,0.6355517365871033,115655.0,2024
1775,Unclassified,0.5788820510673887,18474.0,2024
1775,Urban Areas,0.4665254852602895,234473.0,2024
1783,Agricultural Land,0.4792432765459381,302137.0,2024
1783,Forest,0.5686293292030797,141000.0,2024
1783,Grassland,0.5236903871895933,12792.0,2024
1783,Unclassified,0.421259797025706,58315.0,2024
1783,Urban Areas,0.45895842519177105,214274.0,2024
1791,Agricultural Land,0.5287344270522711,317348.0,2024
1791,Forest,0.5975480010737465,241181.0,2024
1791,Grassland,0.6072132654909818,5247.0,2024
1791,Unclassified,0.3901315241261418,42970.0,2024
1791,Urban Areas,0.47504148417158754,275118.0,2024
1805,Agricultural Land,0.5148139536083965,319810.0,2024
1805,Forest,0.5959571909255752,339540.0,2024
1805,Grassland,0.5613792489322755,6804.0,2024
1805,Unclassified,0.45092497774995194,79840.0,2024
1805,Urban Areas,0.46101845121705876,308484.0,2024
1813,Agricultural Land,0.5289979755361868,104191.0,2024
1813,Forest,0.586439657739375,159562.0,2024
1813,Grassland,0.5684344435790601,2945.0,2024
1813,Unclassified,0.449121303364455,20750.0,2024
1813,Urban Areas,0.48229485935839106,163339.0,2024
1821,Agricultural Land,0.5570614627312973,223067.0,2024
1821,Forest,0.611479791295619,120702.0,2024
1821,Grassland,0.5769929080313556,8491.0,2024
1821,Unclassified,0.5244281471435115,5513.0,2024
1821,Urban Areas,0.4570757952651459,85568.0,2024
1830,Agricultural Land,0.4930835174471521,1034727.0,2024
1830,Forest,0.6330399400088714,302672.0,2024
1830,Grassland,0.5748116452145778,61962.0,2024
1830,Unclassified,0.45455818400015785,71303.0,2024
1830,Urban Areas,0.48662409395712125,153639.0,2024
1848,Agricultural Land,0.5658215076784509,319661.0,2024
1848,Forest,0.658799309246492,503578.0,2024
1848,Grassland,0.5988876584202909,66001.0,2024
1848,Unclassified,0.6068621043900772,6991.0,2024
1848,Urban Areas,0.5107700422408157,91206.0,2024
1856,Agricultural Land,0.48167427998437307,692917.0,2024
1856,Forest,0.5907907037779245,267429.0,2024
1856,Grassland,0.5833892379236034,39734.0,2024
1856,Unclassified,0.47660819600572124,17602.0,2024
1856,Urban Areas,0.4388567441736101,195477.0,2024
1864,Agricultural Land,0.506647440905102,1627163.0,2024
1864,Forest,0.6458946054818382,703636.0,2024
1864,Grassland,0.6204933298583861,143141.0,2024
1864,Unclassified,0.5163818957707359,35566.0,2024
1864,Urban Areas,0.48270763879873846,244148.0,2024
1872,Agricultural Land,0.5240567063919559,1224577.0,2024
1872,Forest,0.6598928739857466,827255.0,2024
1872,Grassland,0.6089071571412036,40225.0,2024
1872,Unclassified,0.467172153394142,31424.0,2024
1872,Urban Areas,0.5095962949359722,116143.0,2024
1881,Agricultural Land,0.487836004657693,1310449.0,2024
1881,Forest,0.6577774357488452,896949.0,2024
1881,Grassland,0.623310208638449,29068.0,2024
1881,Unclassified,0.47212470563509595,38494.0,2024
1881,Urban Areas,0.48752364105471,199808.0,2024
1899,Agricultural Land,0.4853146608630663,3595794.0,2024
1899,Forest,0.6628958017298102,3286374.0,2024
1899,Grassland,0.6234378542080722,232397.0,2024
1899,Unclassified,0.5151240601208353,100835.0,2024
1899,Urban Areas,0.4391549179391765,828604.0,2024
1902,Agricultural Land,0.46808182013656313,1525518.0,2024
1902,Forest,0.6520016415209601,380975.0,2024
1902,Grassland,0.6064578215046585,13636.0,2024
1902,Unclassified,0.4914640555841326,14537.0,2024
1902,Urban Areas,0.4628577044998649,140096.0,2024
1911,Agricultural Land,0.5510154267651249,1835357.0,2024
1911,Forest,0.6710752793363687,1337915.0,2024
1911,Grassland,0.634036264378852,96618.0,2024
1911,Unclassified,0.5900880377304591,20935.0,2024
1911,Urban Areas,0.5131181968174778,195702.0,2024
1929,Agricultural Land,0.493486608163264,852824.0,2024
1929,Forest,0.6286685746810742,503158.0,2024
1929,Grassland,0.5976790279482525,22586.0,2024
1929,Unclassified,0.43019711341659406,63453.0,2024
1929,Urban Areas,0.4942924480691445,210211.0,2024
1937,Agricultural Land,0.4674270663403652,756255.0,2024
1937,Forest,0.6334602977641305,139476.0,2024
1937,Grassland,0.5859538149756626,14388.0,2024
1937,Unclassified,0.5059753169368175,9097.0,2024
1937,Urban Areas,0.4651350609716488,85917.0,2024
1945,Agricultural Land,0.4971260445910693,3387470.0,2024
1945,Forest,0.679200012666548,1695761.0,2024
1945,Grassland,0.6211461189616402,70041.0,2024
1945,Unclassified,0.5376812344785881,59216.0,2024
1945,Urban Areas,0.4668207636620419,456491.0,2024
1953,Agricultural Land,0.5578986948415087,1386230.0,2024
1953,Forest,0.6845134742878685,1225754.0,2024
1953,Grassland,0.6171822338144094,79042.0,2024
1953,Unclassified,0.5581238979230032,35804.0,2024
1953,Urban Areas,0.5490994436980814,101821.0,2024
1961,Agricultural Land,0.47657305296709956,1060218.0,2024
1961,Forest,0.5811278418178485,783834.0,2024
1961,Grassland,0.5496174609520725,54519.0,2024
1961,Unclassified,0.4609060541729747,100402.0,2024
1961,Urban Areas,0.39624646957027443,1316216.0,2024
1970,Agricultural Land,0.4982636613192588,1990112.0,2024
1970,Forest,0.651693307362789,952741.0,2024
1970,Grassland,0.5927533184262457,111461.0,2024
1970,Unclassified,0.4754844070395732,56488.0,2024
1970,Urban Areas,0.46991509295595074,238443.0,2024
1988,Agricultural Land,0.4673689106736263,739792.0,2024
1988,Forest,0.6228975646750644,283496.0,2024
1988,Grassland,0.5728887984645311,28363.0,2024
1988,Unclassified,0.46004377864524526,25022.0,2024
1988,Urban Areas,0.44347008873619603,109643.0,2024
1996,Agricultural Land,0.45409199075862017,2905006.0,2024
1996,Forest,0.6215740288907412,557608.0,2024
1996,Grassland,0.5637022031510192,42205.0,2024
1996,Unclassified,0.41065173750364364,99207.0,2024
1996,Urban Areas,0.41036082773703925,402905.0,2024
2003,Agricultural Land,0.49871110706683613,953983.0,2024
2003,Forest,0.6636754774606339,736591.0,2024
2003,Grassland,0.6055845326103142,36452.0,2024
2003,Unclassified,0.4379597957423603,32324.0,2024
2003,Urban Areas,0.47032475836373333,123117.0,2024
2011,Agricultural Land,0.5470830784923075,1219614.0,2024
2011,Forest,0.6894980398397705,1127937.0,2024
2011,Grassland,0.6433906811997363,115002.0,2024
2011,Unclassified,0.5730409400411204,26391.0,2024
2011,Urban Areas,0.5091065750315106,183592.0,2024
2020,Agricultural Land,0.5989012152768123,2159109.0,2024
2020,Forest,0.7462031860931141,5207284.0,2024
2020,Grassland,0.68406569316605,734413.0,2024
2020,Unclassified,0.6593424624227362,68190.0,2024
2020,Urban Areas,0.5529863411251553,406905.0,2024
2038,Agricultural Land,0.5627222909309086,335026.0,2024
2038,Forest,0.6633836254496923,1568931.0,2024
2038,Grassland,0.6281066452524483,321882.0,2024
2038,Unclassified,0.5961710821556552,16248.0,2024
2038,Urban Areas,0.5047988446343351,148456.0,2024
2046,Agricultural Land,0.5325582160639674,999523.0,2024
2046,Forest,0.6449099898566626,933199.0,2024
2046,Grassland,0.6181729461625213,123258.0,2024
2046,Unclassified,0.547566265139746,29368.0,2024
2046,Urban Areas,0.4661500217962202,210802.0,2024
2054,Agricultural Land,0.5688507120011362,727061.0,2024
2054,Forest,0.6668385136942175,4429191.0,2024
2054,Grassland,0.6129841782368379,1137310.0,2024
2054,Unclassified,0.5805969482820859,44472.0,2024
2054,Urban Areas,0.5177001022670193,276767.0,2024
2062,Agricultural Land,0.5854514790300028,1924603.0,2024
2062,Forest,0.749469937890252,4561597.0,2024
2062,Grassland,0.6998847998880143,372827.0,2024
2062,Unclassified,0.6285489966553515,66776.0,2024
2062,Urban Areas,0.5784757962828323,263923.0,2024
19,Agricultural Land,0.4215778896079262,1361153.0,2025
19,Forest,0.5156251878666603,789369.0,2025
19,Grassland,0.500404321272814,44457.0,2025
19,Unclassified,0.3706218034317703,81862.0,2025
19,Urban Areas,0.38902616021869174,2643813.0,2025
27,Agricultural Land,0.4627175717399335,3383923.0,2025
27,Forest,0.5594980563057562,2614466.0,2025
27,Grassland,0.5408127621584669,127790.0,2025
27,Unclassified,0.5518026757774424,57258.0,2025
27,Urban Areas,0.48634040564636266,622546.0,2025
35,Agricultural Land,0.4649610186324862,2810698.0,2025
35,Forest,0.5494609417931869,1699173.0,2025
35,Grassland,0.5587964015394046,57771.0,2025
35,Unclassified,0.5691048823477131,26103.0,2025
35,Urban Areas,0.4856606722181411,248059.0,2025
43,Agricultural Land,0.484983892582815,1745434.0,2025
43,Forest,0.5834863950853042,846442.0,2025
43,Grassland,0.5627732921527485,59820.0,2025
43,Unclassified,0.5636506731374066,13095.0,2025
43,Urban Areas,0.5061409796928569,173877.0,2025
51,Agricultural Land,0.4371385509764407,1593989.0,2025
51,Forest,0.5485494615189671,1913505.0,2025
51,Grassland,0.508261914096296,185268.0,2025
51,Unclassified,0.4203975108508518,65797.0,2025
51,Urban Areas,0.42862478080233785,480627.0,2025
60,Agricultural Land,0.43470575469146594,1244382.0,2025
60,Forest,0.5369308034113847,1214144.0,2025
60,Grassland,0.5122687660072939,100932.0,2025
60,Unclassified,0.47970741714740545,13480.0,2025
60,Urban Areas,0.42988242147338424,198080.0,2025
78,Agricultural Land,0.44708756800004884,1608299.0,2025
78,Forest,0.5754752713125896,1252657.0,2025
78,Grassland,0.5529393068922993,55264.0,2025
78,Unclassified,0.5140898345532782,19256.0,2025
78,Urban Areas,0.4483757444991981,552279.0,2025
86,Agricultural Land,0.4092530368889095,2749492.0,2025
86,Forest,0.5456461881006254,534041.0,2025
86,Grassland,0.494789455373094,20151.0,2025
86,Unclassified,0.4895340798313584,19649.0,2025
86,Urban Areas,0.4381663857495706,347662.0,2025
94,Agricultural Land,0.4736321721386511,4045008.0,2025
94,Forest,0.5915128321407696,1023423.0,2025
94,Grassland,0.568059402055854,53787.0,2025
94,Unclassified,0.5324241871633804,71729.0,2025
94,Urban Areas,0.46972165948648514,572908.0,2025
108,Agricultural Land,0.4852777813854664,1199675.0,2025
108,Forest,0.5945342891571591,233438.0,2025
108,Grassland,0.5774096455629826,3547.0,2025
108,Unclassified,0.5533337008537331,8315.0,2025
108,Urban Areas,0.4918396212299911,181820.0,2025
116,Agricultural Land,0.48741587501098316,3713143.0,2025
116,Forest,0.5997983149354214,2072772.0,2025
116,Grassland,0.5996004206651369,81690.0,2025
116,Unclassified,0.6036181769152745,50570.0,2025
116,Urban Areas,0.5157746632748856,428262.0,2025
124,Agricultural Land,0.4929390185807814,1925070.0,2025
124,Forest,0.5980605910952603,541079.0,2025
124,Grassland,0.5815917569629863,21160.0,2025
124,Unclassified,0.5940995117402512,16603.0,2025
124,Urban Areas,0.5073385956342431,225115.0,2025
132,Agricultural Land,0.41666862620013917,825220.0,2025
132,Forest,0.523865989683685,180168.0,2025
132,Grassland,0.5057814868190852,8136.0,2025
132,Unclassified,0.369163314370345,51603.0,2025
132,Urban Areas,0.40569400038074516,240766.0,2025
141,Agricultural Land,0.4163241558962357,2567638.0,2025
141,Forest,0.5575216567297662,1432295.0,2025
141,Grassland,0.5370406512240619,48769.0,2025
141,Unclassified,0.4905244022316971,87409.0,2025
141,Urban Areas,0.44182024101890954,410180.0,2025
159,Agricultural Land,0.39401537769055067,739187.0,2025
159,Forest,0.544259997489258,138708.0,2025
159,Grassland,0.5091730226779396,13025.0,2025
159,Unclassified,0.4525845774784415,37102.0,2025
159,Urban Areas,0.40625090758233956,184771.0,2025
167,Agricultural Land,0.43678681543213294,4810845.0,2025
167,Forest,0.5529221791571387,2383713.0,2025
167,Grassland,0.5117870456086002,164601.0,2025
167,Unclassified,0.5412647681225209,51636.0,2025
167,Urban Areas,0.42246325957701225,642120.0,2025
175,Agricultural Land,0.47500339099955025,1137358.0,2025
175,Forest,0.6079623164598681,732793.0,2025
175,Grassland,0.5830656924363561,67911.0,2025
175,Unclassified,0.6185167794102591,28465.0,2025
175,Urban Areas,0.48283140973499467,137045.0,2025
183,Agricultural Land,0.4290964615526429,839166.0,2025
183,Forest,0.5430786081680928,333730.0,2025
183,Grassland,0.4869403060268892,37795.0,2025
183,Unclassified,0.49255300183302864,16463.0,2025
183,Urban Areas,0.43148826185122513,181702.0,2025
191,Agricultural Land,0.4783107996384019,2385873.0,2025
191,Forest,0.585673358657851,749280.0,2025
191,Grassland,0.5702618749745582,18469.0,2025
191,Unclassified,0.508076742689474,36165.0,2025
191,Urban Areas,0.4866434448759676,342075.0,2025
205,Agricultural Land,0.4904448041525097,2417541.0,2025
205,Forest,0.6195753790924794,683480.0,2025
205,Grassland,0.5912885896448768,50286.0,2025
205,Unclassified,0.5858210277723213,32419.0,2025
205,Urban Areas,0.49376869055331446,263932.0,2025
213,Agricultural Land,0.39944959967598365,2374892.0,2025
213,Forest,0.5224689706335621,615189.0,2025
213,Grassland,0.4973739731502837,20717.0,2025
213,Unclassified,0.3993213890398421,51250.0,2025
213,Urban Areas,0.40525415101190737,677187.0,2025
221,Agricultural Land,0.4687456897588419,1546766.0,2025
221,Forest,0.5802860716097771,1495701.0,2025
221,Grassland,0.5724035658536833,38748.0,2025
221,Unclassified,0.5268027102358366,21094.0,2025
221,Urban Areas,0.4851335748050771,639446.0,2025
230,Agricultural Land,0.4211575921301005,2633077.0,2025
230,Forest,0.5488783570854124,1936236.0,2025
230,Grassland,0.523912336450588,54797.0,2025
230,Unclassified,0.47906549599376336,49284.0,2025
230,Urban Areas,0.4359575800463802,1057706.0,2025
248,Agricultural Land,0.42653519615383684,1109395.0,2025
248,Forest,0.5120607065926807,1679516.0,2025
248,Grassland,0.48673112632370924,80615.0,2025
248,Unclassified,0.49547845646139177,12297.0,2025
248,Urban Areas,0.4276739400346914,228190.0,2025
256,Agricultural Land,0.4436577184331291,3009394.0,2025
256,Forest,0.5198937165096624,3941097.0,2025
256,Grassland,0.48827228467963946,254849.0,2025
256,Unclassified,0.48529145893292275,43122.0,2025
256,Urban Areas,0.45324568127409065,565269.0,2025
264,Agricultural Land,0.5046646323850422,2293313.0,2025
264,Forest,0.5867932188153573,1671299.0,2025
264,Grassland,0.5825454348108675,125413.0,2025
264,Unclassified,0.5547410047126188,20394.0,2025
264,Urban Areas,0.5106156072020336,245348.0,2025
272,Agricultural Land,0.44970746912302123,4390400.0,2025
272,Forest,0.5478626677088937,3849328.0,2025
272,Grassland,0.5229493258333471,135061.0,2025
272,Unclassified,0.512825171326645,65982.0,2025
272,Urban Areas,0.4638163005679104,469339.0,2025
281,Agricultural Land,0.47948881049339176,1871811.0,2025
281,Forest,0.5252289199663197,2118051.0,2025
281,Grassland,0.5329675442234821,93134.0,2025
281,Unclassified,0.5309616011840737,65637.0,2025
281,Urban Areas,0.4701201657391393,212199.0,2025
299,Agricultural Land,0.4188497730442875,1550461.0,2025
299,Forest,0.5134354950950304,850435.0,2025
299,Grassland,0.4979205967634613,20622.0,2025
299,Unclassified,0.4515659143393053,15756.0,2025
299,Urban Areas,0.4197696758156602,141644.0,2025
302,Agricultural Land,0.43980913666948485,4428780.0,2025
302,Forest,0.5149009203812389,3145270.0,2025
302,Grassland,0.5086577716974254,87678.0,2025
302,Unclassified,0.46928066254076606,101954.0,2025
302,Urban Areas,0.4105342651053531,997825.0,2025
311,Agricultural Land,0.5117137787634389,1633960.0,2025
311,Forest,0.5360925227059352,2718824.0,2025
311,Grassland,0.5182252772024019,231168.0,2025
311,Unclassified,0.5375479048823509,53217.0,2025
311,Urban Areas,0.47996123293216897,165581.0,2025
329,Agricultural Land,0.4672426360966589,2965284.0,2025
329,Forest,0.49700528803501376,6532440.0,2025
329,Grassland,0.4990976539585345,745813.0,2025
329,Unclassified,0.48843827039028304,175711.0,2025
329,Urban Areas,0.4459944480919786,367698.0,2025
337,Agricultural Land,0.4492220271075681,2645251.0,2025
337,Forest,0.5511928677917796,1731024.0,2025
337,Grassland,0.5637319869635451,64572.0,2025
337,Unclassified,0.5614986008503158,28863.0,2025
337,Urban Areas,0.46068029280472206,174564.0,2025
345,Agricultural Land,0.450649023429915,4072241.0,2025
345,Forest,0.5013583515233764,4065295.0,2025
345,Grassland,0.49323254355965623,252000.0,2025
345,Unclassified,0.5153580117369799,106079.0,2025
345,Urban Areas,0.4396081646839546,409644.0,2025
353,Agricultural Land,0.45251974711918297,1507767.0,2025
353,Forest,0.4813821247807243,2798934.0,2025
353,Grassland,0.4839999721891263,175915.0,2025
353,Unclassified,0.49596941473287537,153597.0,2025
353,Urban Areas,0.4325758406207313,205161.0,2025
361,Agricultural Land,0.45415203443075947,1147501.0,2025
361,Forest,0.5160020591770685,855772.0,2025
361,Grassland,0.5234764477598829,64119.0,2025
361,Unclassified,0.5598705018895677,15334.0,2025
361,Urban Areas,0.4493246803643569,145488.0,2025
370,Agricultural Land,0.484800397298699,1341492.0,2025
370,Forest,0.5532912625423385,804387.0,2025
370,Grassland,0.5733281845538609,60410.0,2025
370,Unclassified,0.5829477063711359,10180.0,2025
370,Urban Areas,0.4961338016676298,110139.0,2025
388,Agricultural Land,0.4465063903329467,4659033.0,2025
388,Forest,0.5124667648113433,2873287.0,2025
388,Grassland,0.5239896932264478,174290.0,2025
388,Unclassified,0.5188181095423702,46190.0,2025
388,Urban Areas,0.4503948654618725,407390.0,2025
396,Agricultural Land,0.48287134858576164,2080714.0,2025
396,Forest,0.5723739600482136,1407397.0,2025
396,Grassland,0.5498530001221495,62937.0,2025
396,Unclassified,0.5635899006137113,14356.0,2025
396,Urban Areas,0.4954708668004771,172998.0,2025
400,Agricultural Land,0.4430172625320181,3752600.0,2025
400,Forest,0.5389521176008444,2876054.0,2025
400,Grassland,0.5229091507725653,101949.0,2025
400,Unclassified,0.5244394818130604,54793.0,2025
400,Urban Areas,0.4367396012891601,393223.0,2025
418,Agricultural Land,0.447281812784494,2770293.0,2025
418,Forest,0.4831250355450593,4656576.0,2025
418,Grassland,0.4942424885355152,436372.0,2025
418,Unclassified,0.45579072988846947,180619.0,2025
418,Urban Areas,0.4410981863935322,295481.0,2025
426,Agricultural Land,0.49541736752814114,1118591.0,2025
426,Forest,0.48090592633248846,3528582.0,2025
426,Grassland,0.49107295927579764,391788.0,2025
426,Unclassified,0.46286198265324285,135163.0,2025
426,Urban Areas,0.47666635891797937,167372.0,2025
434,Agricultural Land,0.4522482129690094,1534225.0,2025
434,Forest,0.5290691052670058,843787.0,2025
434,Grassland,0.5158684623236454,100732.0,2025
434,Unclassified,0.5254009509301406,19036.0,2025
434,Urban Areas,0.4499126277599748,140140.0,2025
442,Agricultural Land,0.44057125037753936,3419331.0,2025
442,Forest,0.5089228846362869,1636248.0,2025
442,Grassland,0.4868070827406966,170226.0,2025
442,Unclassified,0.503247495929787,44061.0,2025
442,Urban Areas,0.43991678464987155,371345.0,2025
451,Agricultural Land,0.43440220958164444,1060944.0,2025
451,Forest,0.5037516195635863,516067.0,2025
451,Grassland,0.48305746061658633,25892.0,2025
451,Unclassified,0.47619517902258457,17355.0,2025
451,Urban Areas,0.4226364966270547,111066.0,2025
469,Agricultural Land,0.4342817588781905,1766528.0,2025
469,Forest,0.49937013065051605,976703.0,2025
469,Grassland,0.5066954885623599,91549.0,2025
469,Unclassified,0.5094532120995207,68553.0,2025
469,Urban Areas,0.4353498209154696,183106.0,2025
477,Agricultural Land,0.47999304169890455,5595059.0,2025
477,Forest,0.5530763533025832,3538938.0,2025
477,Grassland,0.5436798930608066,91457.0,2025
477,Unclassified,0.5439849832444865,73489.0,2025
477,Urban Areas,0.47669461264489604,585023.0,2025
485,Agricultural Land,0.3976512835571898,3363742.0,2025
485,Forest,0.48635212997547206,3557246.0,2025
485,Grassland,0.4723134989502236,276490.0,2025
485,Unclassified,0.4536695125390711,57008.0,2025
485,Urban Areas,0.4036185820213366,326587.0,2025
493,Agricultural Land,0.37793879985741813,1798449.0,2025
493,Forest,0.4542106505837416,879352.0,2025
493,Grassland,0.45726927290477193,35640.0,2025
493,Unclassified,0.47754860130421495,13209.0,2025
493,Urban Areas,0.39071215261484304,137731.0,2025
507,Agricultural Land,0.4442188500321384,428701.0,2025
507,Forest,0.49605848455127993,774802.0,2025
507,Grassland,0.5012985735392607,90569.0,2025
507,Unclassified,0.5197741614837404,17776.0,2025
507,Urban Areas,0.41295095636006074,82441.0,2025
515,Agricultural Land,0.40674150431255574,2334288.0,2025
515,Forest,0.4706375530182589,1666498.0,2025
515,Grassland,0.44832673806409484,400869.0,2025
515,Unclassified,0.41588099910127574,93906.0,2025
515,Urban Areas,0.4253962982567092,293535.0,2025
523,Agricultural Land,0.48334519933482556,1092577.0,2025
523,Forest,0.4862887673516479,2174779.0,2025
523,Grassland,0.4949402964795668,525255.0,2025
523,Unclassified,0.4948283398049835,49767.0,2025
523,Urban Areas,0.47813339221893125,162516.0,2025
531,Agricultural Land,0.41328786077665636,2845906.0,2025
531,Forest,0.5151718019118408,5766744.0,2025
531,Grassland,0.5045137767321632,2308780.0,2025
531,Unclassified,0.47901419543537693,127976.0,2025
531,Urban Areas,0.4267031244566031,538036.0,2025
540,Agricultural Land,0.48590402243971603,321685.0,2025
540,Forest,0.52912629919096,2230280.0,2025
540,Grassland,0.5185083329073491,506267.0,2025
540,Unclassified,0.49454631557246775,105130.0,2025
540,Urban Areas,0.4704975105948388,169361.0,2025
558,Agricultural Land,0.39832437671777654,1487421.0,2025
558,Forest,0.4604455360433902,770208.0,2025
558,Grassland,0.4361867214873024,103437.0,2025
558,Unclassified,0.44447127599712494,21301.0,2025
558,Urban Areas,0.39797544401571566,133524.0,2025
566,Agricultural Land,0.4143539593379041,3896184.0,2025
566,Forest,0.46106354753388473,4110703.0,2025
566,Grassland,0.4619809246189723,474701.0,2025
566,Unclassified,0.44153045661910745,69082.0,2025
566,Urban Areas,0.41251331584844997,443701.0,2025
574,Agricultural Land,0.4643520092443876,2049334.0,2025
574,Forest,0.45463511213913177,4832314.0,2025
574,Grassland,0.45615831706140203,479456.0,2025
574,Unclassified,0.4415946648297889,152008.0,2025
574,Urban Areas,0.4619466144033838,251939.0,2025
582,Agricultural Land,0.37080022816363317,980052.0,2025
582,Forest,0.46097627174547334,812765.0,2025
582,Grassland,0.4367985660398536,57180.0,2025
582,Unclassified,0.3989693741946278,41766.0,2025
582,Urban Areas,0.3352081527769379,695502.0,2025
591,Agricultural Land,0.4318193907660339,1100218.0,2025
591,Forest,0.5052750538357277,917616.0,2025
591,Grassland,0.4946573930686646,90612.0,2025
591,Unclassified,0.4946076148197715,13205.0,2025
591,Urban Areas,0.45361967265001896,153889.0,2025
604,Agricultural Land,0.44273476735462564,1512315.0,2025
604,Forest,0.5099161899988717,1207857.0,2025
604,Grassland,0.5101451217625659,151044.0,2025
604,Unclassified,0.5144883376350213,15933.0,2025
604,Urban Areas,0.45383091020393546,158772.0,2025
612,Agricultural Land,0.3968906663870136,1438670.0,2025
612,Forest,0.49250317604600596,952002.0,2025
612,Grassland,0.4837634704731399,73539.0,2025
612,Unclassified,0.5072002505911767,18037.0,2025
612,Urban Areas,0.41807014010946064,215018.0,2025
621,Agricultural Land,0.3558906826769024,1385659.0,2025
621,Forest,0.46367284706969786,902266.0,2025
621,Grassland,0.44749957401967555,66976.0,2025
621,Unclassified,0.4304884176224808,30506.0,2025
621,Urban Areas,0.3817453863290306,190974.0,2025
639,Agricultural Land,0.4021025824350514,2763258.0,2025
639,Forest,0.471632418039097,3243504.0,2025
639,Grassland,0.4581133955438618,243561.0,2025
639,Unclassified,0.43905991626884533,63635.0,2025
639,Urban Areas,0.4226061491147133,254442.0,2025
647,Agricultural Land,0.3736204653119023,2999915.0,2025
647,Forest,0.46533357168361505,2532965.0,2025
647,Grassland,0.4552195455984635,136232.0,2025
647,Unclassified,0.43319601858882245,70067.0,2025
647,Urban Areas,0.3966313348725931,481367.0,2025
655,Agricultural Land,0.45141601960469935,2350027.0,2025
655,Forest,0.5310325245259274,3485660.0,2025
655,Grassland,0.5110164557247316,178636.0,2025
655,Unclassified,0.49972235372967544,45202.0,2025
655,Urban Areas,0.4555773528125918,444226.0,2025
663,Agricultural Land,0.4477221473112884,276609.0,2025
663,Forest,0.46467242246450136,1879990.0,2025
663,Grassland,0.46783980717146195,335106.0,2025
663,Unclassified,0.4638820863636751,68788.0,2025
663,Urban Areas,0.4470440184127922,69720.0,2025
671,Agricultural Land,0.44024707780225225,963133.0,2025
671,Forest,0.4791286568038895,2631544.0,2025
671,Grassland,0.48319281079038595,464728.0,2025
671,Unclassified,0.3131773209125076,294426.0,2025
671,Urban Areas,0.39266336985216566,434409.0,2025
680,Agricultural Land,0.33772055479585084,2050108.0,2025
680,Forest,0.4080913902255604,1918266.0,2025
680,Grassland,0.4198359370679479,100084.0,2025
680,Unclassified,0.42298156768375306,28093.0,2025
680,Urban Areas,0.3520514659229384,179478.0,2025
698,Agricultural Land,0.39721181000707356,3641816.0,2025
698,Forest,0.4617689660294268,4880391.0,2025
698,Grassland,0.458584313735453,372361.0,2025
698,Unclassified,0.46719913363998655,117685.0,2025
698,Urban Areas,0.39894283453837726,327499.0,2025
701,Agricultural Land,0.5171853119307767,441216.0,2025
701,Forest,0.550376355389135,1162023.0,2025
701,Grassland,0.5426636832739791,249422.0,2025
701,Unclassified,0.5640509716846772,19043.0,2025
701,Urban Areas,0.5167377789863722,125062.0,2025
710,Agricultural Land,0.46568704698935537,2727003.0,2025
710,Forest,0.5423702377009356,4629181.0,2025
710,Grassland,0.5328092253135135,643504.0,2025
710,Unclassified,0.53162954742466,166145.0,2025
710,Urban Areas,0.4498830275315725,445083.0,2025
728,Agricultural Land,0.5152841945372756,1252683.0,2025
728,Forest,0.5482525085683092,3192539.0,2025
728,Grassland,0.5509136842740608,529704.0,2025
728,Unclassified,0.501453250369763,228393.0,2025
728,Urban Areas,0.4593478055476803,319440.0,2025
736,Agricultural Land,0.5113880775075997,830281.0,2025
736,Forest,0.5558730319790759,1342885.0,2025
736,Grassland,0.5351663952872193,184681.0,2025
736,Unclassified,0.5208509525695095,81346.0,2025
736,Urban Areas,0.4906699165973057,184952.0,2025
744,Agricultural Land,0.49755472164698616,175556.0,2025
744,Forest,0.5429259528414432,460759.0,2025
744,Grassland,0.5235371301913256,124246.0,2025
744,Unclassified,0.5307482550236374,10514.0,2025
744,Urban Areas,0.4482978467552153,104299.0,2025
752,Agricultural Land,0.4095593844906735,1398023.0,2025
752,Forest,0.5556661795269128,2203219.0,2025
752,Grassland,0.5266830701380677,293803.0,2025
752,Unclassified,0.4040374109207699,427547.0,2025
752,Urban Areas,0.4331684449000209,409947.0,2025
761,Agricultural Land,0.4034927589424029,1453672.0,2025
761,Forest,0.5525321428512137,2015721.0,2025
761,Grassland,0.5335405488664259,568621.0,2025
761,Unclassified,0.48019852112285955,89295.0,2025
761,Urban Areas,0.4504716405276045,257739.0,2025
779,Agricultural Land,0.5608831933960657,296361.0,2025
779,Forest,0.5967151464785287,942209.0,2025
779,Grassland,0.5922436353318709,119365.0,2025
779,Unclassified,0.5817095945250619,17976.0,2025
779,Urban Areas,0.5018138177071053,168940.0,2025
787,Agricultural Land,0.5955232285880715,164385.0,2025
787,Forest,0.5667393173042083,1474339.0,2025
787,Grassland,0.6143344605101185,129077.0,2025
787,Unclassified,0.5550340974135798,31039.0,2025
787,Urban Areas,0.5548315374669328,99602.0,2025
795,Agricultural Land,0.5765140564201652,217774.0,2025
795,Forest,0.6360002080720303,384258.0,2025
795,Grassland,0.5914897742299973,65639.0,2025
795,Unclassified,0.6098210487493342,9752.0,2025
795,Urban Areas,0.5657130957948181,62157.0,2025
809,Agricultural Land,0.5722455351007604,1173806.0,2025
809,Forest,0.6238136278107218,1872271.0,2025
809,Grassland,0.6119964110456446,199069.0,2025
809,Unclassified,0.6027435909923342,40323.0,2025
809,Urban Areas,0.5783293761069271,197355.0,2025
817,Agricultural Land,0.5327246783765719,1717060.0,2025
817,Forest,0.6059876035967154,2785999.0,2025
817,Grassland,0.5791785123902466,478717.0,2025
817,Unclassified,0.571818119724898,53676.0,2025
817,Urban Areas,0.5224480197560794,726940.0,2025
825,Agricultural Land,0.45062892962421697,2611316.0,2025
825,Forest,0.5707072022494427,1406707.0,2025
825,Grassland,0.5429060861242955,216482.0,2025
825,Unclassified,0.41522043222830424,84751.0,2025
825,Urban Areas,0.45296299667251305,357409.0,2025
833,Agricultural Land,0.44948389348761314,1702309.0,2025
833,Forest,0.5646868587245156,584814.0,2025
833,Grassland,0.5235053100176166,56845.0,2025
833,Unclassified,0.3888891500385772,45856.0,2025
833,Urban Areas,0.4423579865823469,221037.0,2025
841,Agricultural Land,0.41953631572634814,2254919.0,2025
841,Forest,0.5699177539140142,440273.0,2025
841,Grassland,0.5092513820209215,28137.0,2025
841,Unclassified,0.415339719082027,48030.0,2025
841,Urban Areas,0.43724192256867955,212034.0,2025
850,Agricultural Land,0.4032721450904355,3377878.0,2025
850,Forest,0.5391394287805042,901274.0,2025
850,Grassland,0.4492404201620838,66741.0,2025
850,Unclassified,0.49699493945376744,41131.0,2025
850,Urban Areas,0.4255530602878246,318799.0,2025
868,Agricultural Land,0.3535068699742077,2046142.0,2025
868,Forest,0.4639385070263836,1006203.0,2025
868,Grassland,0.45571522839666817,170869.0,2025
868,Unclassified,0.40800720189119477,19220.0,2025
868,Urban Areas,0.3755627952783938,146503.0,2025
876,Agricultural Land,0.377316587306074,2076991.0,2025
876,Forest,0.5048624850886237,703620.0,2025
876,Grassland,0.4423281707830084,40818.0,2025
876,Unclassified,0.4182822055875721,34610.0,2025
876,Urban Areas,0.38180114795171405,213568.0,2025
884,Agricultural Land,0.46137190062338324,220292.0,2025
884,Forest,0.5535272457122556,1624530.0,2025
884,Grassland,0.5423245653636775,131155.0,2025
884,Unclassified,0.3136339004613723,120528.0,2025
884,Urban Areas,0.3880755066522293,211521.0,2025
892,Agricultural Land,0.3957676540962249,1081454.0,2025
892,Forest,0.456765021536362,531707.0,2025
892,Grassland,0.44700597983750306,78872.0,2025
892,Unclassified,0.28322132448750553,233009.0,2025
892,Urban Areas,0.36550484835443525,324154.0,2025
906,Agricultural Land,0.46167738696239674,454409.0,2025
906,Forest,0.5239196493935819,492331.0,2025
906,Grassland,0.5186368228464521,24299.0,2025
906,Unclassified,0.22120371757571972,125789.0,2025
906,Urban Areas,0.38940724873536053,130303.0,2025
914,Agricultural Land,0.435885984689088,836744.0,2025
914,Forest,0.5021500003592112,1802720.0,2025
914,Grassland,0.47974160268215466,277139.0,2025
914,Unclassified,0.3168942431971054,101681.0,2025
914,Urban Areas,0.38000635571553376,385303.0,2025
922,Agricultural Land,0.48107132328435714,910947.0,2025
922,Forest,0.559209142013888,1896908.0,2025
922,Grassland,0.5108641588209971,558114.0,2025
922,Unclassified,0.45655340644883613,73004.0,2025
922,Urban Areas,0.46116470135670107,560113.0,2025
931,Agricultural Land,0.5011737280693107,1813735.0,2025
931,Forest,0.572089267156128,1130421.0,2025
931,Grassland,0.5627820151730657,109236.0,2025
931,Unclassified,0.5693687708675157,23271.0,2025
931,Urban Areas,0.4979807036963966,174478.0,2025
949,Agricultural Land,0.4996873580980714,3992003.0,2025
949,Forest,0.5776510340860418,1859833.0,2025
949,Grassland,0.5828988081152948,82317.0,2025
949,Unclassified,0.5802964586833307,46341.0,2025
949,Urban Areas,0.49797532020398,407164.0,2025
957,Agricultural Land,0.5062962018124513,1432889.0,2025
957,Forest,0.5677201949950296,1213372.0,2025
957,Grassland,0.5747340391928896,40295.0,2025
957,Unclassified,0.5903557228962819,24599.0,2025
957,Urban Areas,0.5100652050390022,151848.0,2025
965,Agricultural Land,0.4965629102243422,4288252.0,2025
965,Forest,0.6033431472678326,1326849.0,2025
965,Grassland,0.5831930814453553,70382.0,2025
965,Unclassified,0.5465167606105918,68039.0,2025
965,Urban Areas,0.4921872997121201,923696.0,2025
973,Agricultural Land,0.487829093358699,1519590.0,2025
973,Forest,0.6148446301364701,377831.0,2025
973,Grassland,0.5865036419415259,60284.0,2025
973,Unclassified,0.6095630181065725,9433.0,2025
973,Urban Areas,0.49915212617921645,157574.0,2025
981,Agricultural Land,0.49005317783607527,4232153.0,2025
981,Forest,0.6000220113169399,2342369.0,2025
981,Grassland,0.584804163385674,119421.0,2025
981,Unclassified,0.5391942578959465,62500.0,2025
981,Urban Areas,0.4987266303436704,640712.0,2025
990,Agricultural Land,0.5490159519026173,1121033.0,2025
990,Forest,0.6165889051268706,1041586.0,2025
990,Grassland,0.6070346755829292,113777.0,2025
990,Unclassified,0.622328844758028,20737.0,2025
990,Urban Areas,0.5437085981319777,142590.0,2025
1007,Agricultural Land,0.5128039412220065,1254322.0,2025
1007,Forest,0.603245449980685,461900.0,2025
1007,Grassland,0.595616954332057,43490.0,2025
1007,Unclassified,0.5934559590081352,8870.0,2025
1007,Urban Areas,0.5122236628470281,150161.0,2025
1015,Agricultural Land,0.5088624118634469,3870892.0,2025
1015,Forest,0.6052075139370703,1454038.0,2025
1015,Grassland,0.5917890703027304,152687.0,2025
1015,Unclassified,0.5696888874182918,41798.0,2025
1015,Urban Areas,0.5128006619985905,391303.0,2025
1023,Agricultural Land,0.5341327913028884,445945.0,2025
1023,Forest,0.594167266065729,388847.0,2025
1023,Grassland,0.5746189485178131,46194.0,2025
1023,Unclassified,0.6124868279921556,3006.0,2025
1023,Urban Areas,0.5107967658097811,84202.0,2025
1031,Agricultural Land,0.5776341818416796,1237109.0,2025
1031,Forest,0.6387556300148726,1002281.0,2025
1031,Grassland,0.642893244788328,216009.0,2025
1031,Unclassified,0.6124962342404451,18680.0,2025
1031,Urban Areas,0.594145415697346,109904.0,2025
1040,Agricultural Land,0.5373410889206441,956242.0,2025
1040,Forest,0.663250673059179,201196.0,2025
1040,Grassland,0.6263302203073884,35557.0,2025
1040,Unclassified,0.6527188268950098,12258.0,2025
1040,Urban Areas,0.5352417488317319,141153.0,2025
1058,Agricultural Land,0.5451372560587117,598275.0,2025
1058,Forest,0.6533809104105126,210727.0,2025
1058,Grassland,0.6463996155606995,33496.0,2025
1058,Unclassified,0.6698270775088968,10578.0,2025
1058,Urban Areas,0.5362245583591188,81327.0,2025
1066,Agricultural Land,0.5652733733865312,1624523.0,2025
1066,Forest,0.6311139788333832,1306873.0,2025
1066,Grassland,0.6376506868331137,265633.0,2025
1066,Unclassified,0.6349426478121557,20672.0,2025
1066,Urban Areas,0.5404133449050109,308672.0,2025
1074,Agricultural Land,0.5499101552842356,1029866.0,2025
1074,Forest,0.621319844484666,889216.0,2025
1074,Grassland,0.6301524976093982,38197.0,2025
1074,Unclassified,0.6171229656390457,10386.0,2025
1074,Urban Areas,0.5537053261215936,153263.0,2025
1082,Agricultural Land,0.5025803455016712,2434905.0,2025
1082,Forest,0.6167298817578984,730610.0,2025
1082,Grassland,0.6044875286478616,36969.0,2025
1082,Unclassified,0.5760674605725833,58252.0,2025
1082,Urban Areas,0.48894630494213637,726743.0,2025
1091,Agricultural Land,0.4919114252088584,1279999.0,2025
1091,Forest,0.5697501741109272,935938.0,2025
1091,Grassland,0.5736410862514929,29888.0,2025
1091,Unclassified,0.4938357998666205,36241.0,2025
1091,Urban Areas,0.49167850403946584,243340.0,2025
1104,Agricultural Land,0.5575553148545026,1454265.0,2025
1104,Forest,0.6036738032911092,940204.0,2025
1104,Grassland,0.5977630061171545,205553.0,2025
1104,Unclassified,0.6428461830569179,14717.0,2025
1104,Urban Areas,0.5679078696708626,162309.0,2025
1112,Agricultural Land,0.5369313860609095,833212.0,2025
1112,Forest,0.5994372854464926,1091796.0,2025
1112,Grassland,0.6012660820203707,85964.0,2025
1112,Unclassified,0.5873091124258435,34323.0,2025
1112,Urban Areas,0.5235221182317469,170573.0,2025
1121,Agricultural Land,0.5546762717048581,2018655.0,2025
1121,Forest,0.5884780478064621,2069907.0,2025
1121,Grassland,0.5843682416575721,402660.0,2025
1121,Unclassified,0.5908959647974579,35497.0,2025
1121,Urban Areas,0.5465546926038981,255745.0,2025
1139,Agricultural Land,0.5322901080455167,798531.0,2025
1139,Forest,0.5754777264046144,1376400.0,2025
1139,Grassland,0.5711634377335013,422816.0,2025
1139,Unclassified,0.5288861249492914,22990.0,2025
1139,Urban Areas,0.5466897855376224,159296.0,2025
1147,Agricultural Land,0.5183394000883722,985553.0,2025
1147,Forest,0.6053718044950138,873436.0,2025
1147,Grassland,0.5706311554265575,248554.0,2025
1147,Unclassified,0.5308759981881154,23654.0,2025
1147,Urban Areas,0.5202836683331219,165962.0,2025
1155,Agricultural Land,0.5196821859293093,1197144.0,2025
1155,Forest,0.6239881549605398,766559.0,2025
1155,Grassland,0.5872429939445207,100336.0,2025
1155,Unclassified,0.6217702726963411,28652.0,2025
1155,Urban Areas,0.5234302513531128,219637.0,2025
1163,Agricultural Land,0.4904386595429249,2171985.0,2025
1163,Forest,0.5975051270654473,895628.0,2025
1163,Grassland,0.5764256490697592,78446.0,2025
1163,Unclassified,0.5639106761866672,10393.0,2025
1163,Urban Areas,0.5004291698700709,205362.0,2025
1171,Agricultural Land,0.5133596456282865,2020195.0,2025
1171,Forest,0.6406279549395024,1797549.0,2025
1171,Grassland,0.6086654646122991,127815.0,2025
1171,Unclassified,0.597449508810802,20992.0,2025
1171,Urban Areas,0.5263326057622929,190700.0,2025
1180,Agricultural Land,0.5163755113012444,1447656.0,2025
1180,Forest,0.5970870226444164,1025742.0,2025
1180,Grassland,0.5873554638852557,81590.0,2025
1180,Unclassified,0.5768666030898799,10356.0,2025
1180,Urban Areas,0.5252157849102198,145763.0,2025
1198,Agricultural Land,0.4717250890481733,1943411.0,2025
1198,Forest,0.6045956035661957,1246562.0,2025
1198,Grassland,0.5847488089592008,90528.0,2025
1198,Unclassified,0.6075049428318322,7822.0,2025
1198,Urban Areas,0.49792174855691584,204833.0,2025
1201,Agricultural Land,0.5381252687599922,1288922.0,2025
1201,Forest,0.6134123504749097,1011406.0,2025
1201,Grassland,0.6190608623129888,67845.0,2025
1201,Unclassified,0.6095270225952754,13287.0,2025
1201,Urban Areas,0.5415830225640956,182598.0,2025
1210,Agricultural Land,0.563441112205562,1723529.0,2025
1210,Forest,0.584711885665837,3296186.0,2025
1210,Grassland,0.5791144936356613,519436.0,2025
1210,Unclassified,0.5471446087886762,48254.0,2025
1210,Urban Areas,0.5265356555547722,351874.0,2025
1228,Agricultural Land,0.5437633617573501,730127.0,2025
1228,Forest,0.5575160830260801,1632530.0,2025
1228,Grassland,0.5531981961057351,354359.0,2025
1228,Unclassified,0.46103632446417797,55789.0,2025
1228,Urban Areas,0.5239966133087594,156127.0,2025
1236,Agricultural Land,0.6157672430117602,574668.0,2025
1236,Forest,0.6075138468916188,770556.0,2025
1236,Grassland,0.6185269835279055,156408.0,2025
1236,Unclassified,0.621014925416053,8945.0,2025
1236,Urban Areas,0.6014616057563704,70669.0,2025
1244,Agricultural Land,0.5697350121434873,1366615.0,2025
1244,Forest,0.689644479704278,1012206.0,2025
1244,Grassland,0.6568852685337653,196116.0,2025
1244,Unclassified,0.6674025671672287,15343.0,2025
1244,Urban Areas,0.5852213933420767,150600.0,2025
1252,Agricultural Land,0.521921089674074,1785647.0,2025
1252,Forest,0.6351093968366481,666843.0,2025
1252,Grassland,0.6232565771291416,91269.0,2025
1252,Unclassified,0.637429972371446,20670.0,2025
1252,Urban Areas,0.5124622183895785,221712.0,2025
1261,Agricultural Land,0.5776822975130967,1346321.0,2025
1261,Forest,0.6412375681401131,1019527.0,2025
1261,Grassland,0.6356877183714549,216998.0,2025
1261,Unclassified,0.6118824494610654,24791.0,2025
1261,Urban Areas,0.5803351048613907,193618.0,2025
1279,Agricultural Land,0.5445702951096472,257228.0,2025
1279,Forest,0.6596974941930925,404602.0,2025
1279,Grassland,0.627107447234179,35226.0,2025
1279,Unclassified,0.6442880520379017,3126.0,2025
1279,Urban Areas,0.5384283443668569,94728.0,2025
1287,Agricultural Land,0.5612888695979645,823811.0,2025
1287,Forest,0.6457151736769682,721116.0,2025
1287,Grassland,0.6296693546804338,191267.0,2025
1287,Unclassified,0.6510614437188915,12544.0,2025
1287,Urban Areas,0.5635187205442357,151846.0,2025
1295,Agricultural Land,0.5265428956830154,1076352.0,2025
1295,Forest,0.6933219456504155,1986566.0,2025
1295,Grassland,0.6428689842297902,116639.0,2025
1295,Unclassified,0.6512452058154906,20736.0,2025
1295,Urban Areas,0.5324100123366491,299768.0,2025
1309,Agricultural Land,0.5226522470960112,2387583.0,2025
1309,Forest,0.6266178133045964,2204448.0,2025
1309,Grassland,0.603055011613642,131907.0,2025
1309,Unclassified,0.5736416261421408,21670.0,2025
1309,Urban Areas,0.5154997709891701,334442.0,2025
1317,Agricultural Land,0.45513300318531635,511181.0,2025
1317,Forest,0.6553922755474074,747127.0,2025
1317,Grassland,0.5588914291808658,7913.0,2025
1317,Unclassified,0.443226140518211,27068.0,2025
1317,Urban Areas,0.4289959117279954,981063.0,2025
1325,Agricultural Land,0.46633118266167595,855565.0,2025
1325,Forest,0.6203065056247777,676898.0,2025
1325,Grassland,0.556214526899018,18918.0,2025
1325,Unclassified,0.6050854591125081,19450.0,2025
1325,Urban Areas,0.4713239849805776,148707.0,2025
1333,Agricultural Land,0.5115094331164104,322485.0,2025
1333,Forest,0.67355578532534,303657.0,2025
1333,Grassland,0.6015184609611967,6629.0,2025
1333,Unclassified,0.558517577117112,5484.0,2025
1333,Urban Areas,0.5125102163375135,130967.0,2025
1341,Agricultural Land,0.44822698879444745,701143.0,2025
1341,Forest,0.6059821350172822,862729.0,2025
1341,Grassland,0.5884098505650863,8416.0,2025
1341,Unclassified,0.5620239278632726,5687.0,2025
1341,Urban Areas,0.4550617871296513,163682.0,2025
1350,Agricultural Land,0.5034001379627575,1302143.0,2025
1350,Forest,0.6364930589756571,1719999.0,2025
1350,Grassland,0.5878747341126926,114441.0,2025
1350,Unclassified,0.5944072288592216,27488.0,2025
1350,Urban Areas,0.5193831225436232,250371.0,2025
1368,Agricultural Land,0.46820497032682723,1513732.0,2025
1368,Forest,0.6721424626005446,1412544.0,2025
1368,Grassland,0.6399859976493957,19453.0,2025
1368,Unclassified,0.49449982051422603,38509.0,2025
1368,Urban Areas,0.4680696496656405,438324.0,2025
1376,Agricultural Land,0.4815057033335501,1474785.0,2025
1376,Forest,0.6362505137034257,168464.0,2025
1376,Grassland,0.5748090317142582,22900.0,2025
1376,Unclassified,0.4485414224782683,38565.0,2025
1376,Urban Areas,0.4724827633327279,229744.0,2025
1384,Agricultural Land,0.48442133504702434,2495214.0,2025
1384,Forest,0.6471713621255691,1244806.0,2025
1384,Grassland,0.5920422694040298,82270.0,2025
1384,Unclassified,0.6156893039260872,109490.0,2025
1384,Urban Areas,0.4468779305115161,347795.0,2025
1392,Agricultural Land,0.5163736825390112,2602492.0,2025
1392,Forest,0.6616038679810173,518471.0,2025
1392,Grassland,0.6129355301389826,37286.0,2025
1392,Unclassified,0.6397317818463362,20325.0,2025
1392,Urban Areas,0.5035052003062301,276975.0,2025
1406,Agricultural Land,0.5242532007656171,1587707.0,2025
1406,Forest,0.6693986097648071,450329.0,2025
1406,Grassland,0.5908519253090423,30270.0,2025
1406,Unclassified,0.6260041465238124,29773.0,2025
1406,Urban Areas,0.49921067818617526,145785.0,2025
1414,Agricultural Land,0.5048001613221302,1405127.0,2025
1414,Forest,0.6959174536525002,240077.0,2025
1414,Grassland,0.6501172115507241,1073.0,2025
1414,Unclassified,0.6275117112278334,29600.0,2025
1414,Urban Areas,0.5027747235819741,138136.0,2025
1422,Agricultural Land,0.5265107410620018,531189.0,2025
1422,Forest,0.6113030411597642,994351.0,2025
1422,Grassland,0.5609035580521232,146083.0,2025
1422,Unclassified,0.5928839595808995,6728.0,2025
1422,Urban Areas,0.4784651572662799,97656.0,2025
1431,Agricultural Land,0.5365774311956822,555991.0,2025
1431,Forest,0.6878173770234928,303851.0,2025
1431,Grassland,0.6009531930406168,20249.0,2025
1431,Unclassified,0.5431685609547964,16417.0,2025
1431,Urban Areas,0.5107640697004969,198886.0,2025
1449,Agricultural Land,0.5412223518122512,763222.0,2025
1449,Forest,0.6211264678424341,1428841.0,2025
1449,Grassland,0.5784333235288407,266271.0,2025
1449,Unclassified,0.6048739579933214,10526.0,2025
1449,Urban Areas,0.49175452026149696,111261.0,2025
1457,Agricultural Land,0.6154564892407214,451412.0,2025
1457,Forest,0.6706196031911703,765812.0,2025
1457,Grassland,0.6225623407713993,113468.0,2025
1457,Unclassified,0.6514949713109163,5889.0,2025
1457,Urban Areas,0.574836138447434,114997.0,2025
1465,Agricultural Land,0.5541902311556202,1136538.0,2025
1465,Forest,0.6895515379192978,1725930.0,2025
1465,Grassland,0.6191592779153491,164979.0,2025
1465,Unclassified,0.64648850185971,13416.0,2025
1465,Urban Areas,0.5475016550495386,451839.0,2025
1473,Agricultural Land,0.48426246063833234,1667134.0,2025
1473,Forest,0.6094625740219459,782967.0,2025
1473,Grassland,0.556473423282683,38098.0,2025
1473,Unclassified,0.5817731459134816,32593.0,2025
1473,Urban Areas,0.4302079532025488,276067.0,2025
1481,Agricultural Land,0.46153628544179937,2770637.0,2025
1481,Forest,0.6169078229364382,1509984.0,2025
1481,Grassland,0.5377961966818828,35584.0,2025
1481,Unclassified,0.5516940495620815,34734.0,2025
1481,Urban Areas,0.44869192095161436,334410.0,2025
1490,Agricultural Land,0.493173042198309,1816952.0,2025
1490,Forest,0.6400964225188284,983118.0,2025
1490,Grassland,0.5679834876511215,357383.0,2025
1490,Unclassified,0.6023243235078738,32764.0,2025
1490,Urban Areas,0.4619470605664676,216216.0,2025
1503,Agricultural Land,0.4895782780023812,4715628.0,2025
1503,Forest,0.5676329442376327,3273636.0,2025
1503,Grassland,0.5664007691645804,201301.0,2025
1503,Unclassified,0.5514904400193557,73533.0,2025
1503,Urban Areas,0.4678764393644501,693021.0,2025
1511,Agricultural Land,0.5191414737699453,1564460.0,2025
1511,Forest,0.5994109930090505,1056755.0,2025
1511,Grassland,0.6106393120310816,85962.0,2025
1511,Unclassified,0.589791642016416,23221.0,2025
1511,Urban Areas,0.5193862135544385,122938.0,2025
1520,Agricultural Land,0.5540001626188052,550357.0,2025
1520,Forest,0.6996594563494781,918187.0,2025
1520,Grassland,0.6713515050575392,69855.0,2025
1520,Unclassified,0.6879033648107434,6956.0,2025
1520,Urban Areas,0.5700688366298251,90834.0,2025
1538,Agricultural Land,0.5405431971913172,958587.0,2025
1538,Forest,0.7175250602739527,203545.0,2025
1538,Grassland,0.6660799720252908,20714.0,2025
1538,Unclassified,0.5781536506913555,5505.0,2025
1538,Urban Areas,0.5399493246148123,134427.0,2025
1546,Agricultural Land,0.49913805882551654,3088318.0,2025
1546,Forest,0.6802647281752671,1357790.0,2025
1546,Grassland,0.6386143477263106,51130.0,2025
1546,Unclassified,0.6283914605610808,33941.0,2025
1546,Urban Areas,0.5091280007728739,393641.0,2025
1554,Agricultural Land,0.4839089846787719,1022071.0,2025
1554,Forest,0.6013370308240834,786433.0,2025
1554,Grassland,0.5799291303593657,36984.0,2025
1554,Unclassified,0.5836062071228624,5434.0,2025
1554,Urban Areas,0.4955384645888414,105218.0,2025
1562,Agricultural Land,0.49426530740389674,4117543.0,2025
1562,Forest,0.6087904562546982,1064065.0,2025
1562,Grassland,0.5608600255083117,67563.0,2025
1562,Unclassified,0.5616883909897887,21180.0,2025
1562,Urban Areas,0.4802910574497134,514036.0,2025
1571,Agricultural Land,0.39383842249311996,2762705.0,2025
1571,Forest,0.523092868020021,1112524.0,2025
1571,Grassland,0.5144447058873397,29312.0,2025
1571,Unclassified,0.5060921549127876,15721.0,2025
1571,Urban Areas,0.3851199269135603,181517.0,2025
1589,Agricultural Land,0.43746677539368634,1123189.0,2025
1589,Forest,0.5645622570490118,787306.0,2025
1589,Grassland,0.5337565913711093,26194.0,2025
1589,Unclassified,0.5668452931041018,13625.0,2025
1589,Urban Areas,0.44269929232852395,110267.0,2025
1597,Agricultural Land,0.4385149374079272,5151677.0,2025
1597,Forest,0.5289580370011808,2558589.0,2025
1597,Grassland,0.5315541604474587,61350.0,2025
1597,Unclassified,0.5412381821777721,37684.0,2025
1597,Urban Areas,0.4245751576920508,455936.0,2025
1601,Agricultural Land,0.44198754163175635,2774836.0,2025
1601,Forest,0.6403647504753095,1745428.0,2025
1601,Grassland,0.5746784368732814,102910.0,2025
1601,Unclassified,0.5150772658821638,38566.0,2025
1601,Urban Areas,0.4230378730297606,451789.0,2025
1619,Agricultural Land,0.45772701549920936,2078647.0,2025
1619,Forest,0.6098640607415322,1901582.0,2025
1619,Grassland,0.5439393441425626,457481.0,2025
1619,Unclassified,0.5443701181271958,16408.0,2025
1619,Urban Areas,0.4349903711019784,263188.0,2025
1627,Agricultural Land,0.46284574158247344,1115807.0,2025
1627,Forest,0.654802130410866,435265.0,2025
1627,Grassland,0.5661195876383436,13079.0,2025
1627,Unclassified,0.5755241698152013,5896.0,2025
1627,Urban Areas,0.4865516408829526,133163.0,2025
1635,Agricultural Land,0.46720936544764397,1061246.0,2025
1635,Forest,0.6760999968582838,318530.0,2025
1635,Grassland,0.5925665160849364,3738.0,2025
1635,Unclassified,0.539829947386482,3971.0,2025
1635,Urban Areas,0.48010792640403316,183736.0,2025
1643,Agricultural Land,0.516424242315001,2374686.0,2025
1643,Forest,0.6750043677497508,2611720.0,2025
1643,Grassland,0.6269522189682947,42922.0,2025
1643,Unclassified,0.5782644597740481,26636.0,2025
1643,Urban Areas,0.5118130838239214,320709.0,2025
1651,Agricultural Land,0.43262583330926346,2458567.0,2025
1651,Forest,0.6081586120955957,787162.0,2025
1651,Grassland,0.5126181178152757,20114.0,2025
1651,Unclassified,0.5558847115550732,17971.0,2025
1651,Urban Areas,0.4501739307722204,181301.0,2025
1660,Agricultural Land,0.42226410813638826,8138512.0,2025
1660,Forest,0.5432965111675091,3265671.0,2025
1660,Grassland,0.4423253551453519,101721.0,2025
1660,Unclassified,0.5289517279176839,91970.0,2025
1660,Urban Areas,0.4132190463082669,650428.0,2025
1678,Agricultural Land,0.5082622319999294,1662011.0,2025
1678,Forest,0.5971566066512236,1407589.0,2025
1678,Grassland,0.5914035516665279,160114.0,2025
1678,Unclassified,0.61050508631065,20118.0,2025
1678,Urban Areas,0.5142976032160507,186220.0,2025
1686,Agricultural Land,0.49128748860163735,1427198.0,2025
1686,Forest,0.5612247670852579,1202937.0,2025
1686,Grassland,0.5702366473765246,100800.0,2025
1686,Unclassified,0.5638576721389379,20791.0,2025
1686,Urban Areas,0.4881656574528058,150605.0,2025
1694,Agricultural Land,0.4650693524603309,2695207.0,2025
1694,Forest,0.5380034369281007,1586179.0,2025
1694,Grassland,0.54068070575876,44528.0,2025
1694,Unclassified,0.518585587774423,23753.0,2025
1694,Urban Areas,0.4508987086782947,289658.0,2025
1708,Agricultural Land,0.49999035278890624,2112344.0,2025
1708,Forest,0.5584427150784547,2035178.0,2025
1708,Grassland,0.5833744342888968,106952.0,2025
1708,Unclassified,0.5702933303029468,35040.0,2025
1708,Urban Areas,0.4896120495749724,235367.0,2025
1716,Agricultural Land,0.5330356320857157,2348961.0,2025
1716,Forest,0.6140877351221757,3239880.0,2025
1716,Grassland,0.5791793852370886,319514.0,2025
1716,Unclassified,0.5788913806323077,36475.0,2025
1716,Urban Areas,0.518794489953138,257941.0,2025
1724,Agricultural Land,0.5309273551087073,2277394.0,2025
1724,Forest,0.636447600457975,2742464.0,2025
1724,Grassland,0.6185539276826284,408789.0,2025
1724,Unclassified,0.6152832176517518,26745.0,2025
1724,Urban Areas,0.5254596164813466,267211.0,2025
1732,Agricultural Land,0.5591703808706696,1073575.0,2025
1732,Forest,0.594426010946829,1826686.0,2025
1732,Grassland,0.569384014634756,281161.0,2025
1732,Unclassified,0.6057194456900701,18180.0,2025
1732,Urban Areas,0.5520382619524005,119461.0,2025
1741,Agricultural Land,0.5872592774031898,1634196.0,2025
1741,Forest,0.6701874195081085,2193632.0,2025
1741,Grassland,0.6527815520025292,178627.0,2025
1741,Unclassified,0.6500577572623254,41859.0,2025
1741,Urban Areas,0.5687667067786962,702734.0,2025
1759,Agricultural Land,0.6303121982417702,400563.0,2025
1759,Forest,0.6315757674396327,2330769.0,2025
1759,Grassland,0.6397969186291484,217643.0,2025
1759,Unclassified,0.6493952490531715,23550.0,2025
1759,Urban Areas,0.6122189624739732,172632.0,2025
1767,Agricultural Land,0.6420441344820039,387390.0,2025
1767,Forest,0.672458135140385,1145108.0,2025
1767,Grassland,0.659355326825342,122583.0,2025
1767,Unclassified,0.679228188004802,12220.0,2025
1767,Urban Areas,0.6131887284630104,88369.0,2025
1775,Agricultural Land,0.6352306533468318,704149.0,2025
1775,Forest,0.7077664558661949,1271108.0,2025
1775,Grassland,0.6803771676846717,115591.0,2025
1775,Unclassified,0.6703491993445342,15705.0,2025
1775,Urban Areas,0.571414448176715,234138.0,2025
1783,Agricultural Land,0.5700188771739755,301700.0,2025
1783,Forest,0.6671680810104904,138950.0,2025
1783,Grassland,0.6174526518882746,12759.0,2025
1783,Unclassified,0.5917793354540656,22321.0,2025
1783,Urban Areas,0.5623151403425944,213792.0,2025
1791,Agricultural Land,0.5882249061300763,317013.0,2025
1791,Forest,0.6735409967072217,239325.0,2025
1791,Grassland,0.6478567364377706,5244.0,2025
1791,Unclassified,0.6052793281601125,12432.0,2025
1791,Urban Areas,0.5507074287026046,274811.0,2025
1805,Agricultural Land,0.5877667287739744,319117.0,2025
1805,Forest,0.6897796557100141,336596.0,2025
1805,Grassland,0.6517475784578634,6801.0,2025
1805,Unclassified,0.6187057172669034,38130.0,2025
1805,Urban Areas,0.5622350183729012,307246.0,2025
1813,Agricultural Land,0.5975132653482624,103855.0,2025
1813,Forest,0.6708414794215757,157989.0,2025
1813,Grassland,0.6382751414497884,2942.0,2025
1813,Unclassified,0.5860595363018059,6763.0,2025
1813,Urban Areas,0.5712904227234102,162764.0,2025
1821,Agricultural Land,0.6451840882140251,222892.0,2025
1821,Forest,0.7149340536691579,120157.0,2025
1821,Grassland,0.6667703483653389,8482.0,2025
1821,Unclassified,0.6650976550487814,3527.0,2025
1821,Urban Areas,0.5749389160266843,85435.0,2025
1830,Agricultural Land,0.49678626571690016,1034342.0,2025
1830,Forest,0.6516648584060334,300177.0,2025
1830,Grassland,0.6349110566533869,61753.0,2025
1830,Unclassified,0.6612137853298089,17111.0,2025
1830,Urban Areas,0.5301426705329031,153229.0,2025
1848,Agricultural Land,0.6379510085034411,319463.0,2025
1848,Forest,0.6818446200864156,503321.0,2025
1848,Grassland,0.6512077174681558,65992.0,2025
1848,Unclassified,0.6757226948920442,6080.0,2025
1848,Urban Areas,0.5954028930044797,91157.0,2025
1856,Agricultural Land,0.5807340241486396,692596.0,2025
1856,Forest,0.7042231913786515,266870.0,2025
1856,Grassland,0.6658683940893986,39699.0,2025
1856,Unclassified,0.5849311986404299,13008.0,2025
1856,Urban Areas,0.5500861845704992,195292.0,2025
1864,Agricultural Land,0.5569832443005419,1626665.0,2025
1864,Forest,0.7203920108941335,702331.0,2025
1864,Grassland,0.6870601104793987,143062.0,2025
1864,Unclassified,0.6912164148799557,18968.0,2025
1864,Urban Areas,0.5695374293080551,243876.0,2025
1872,Agricultural Land,0.519834134436151,1223972.0,2025
1872,Forest,0.6797075421331525,826441.0,2025
1872,Grassland,0.6118907011272717,40210.0,2025
1872,Unclassified,0.5248886441543412,19396.0,2025
1872,Urban Areas,0.5432198161571876,115823.0,2025
1881,Agricultural Land,0.48676770758067356,1309861.0,2025
1881,Forest,0.6396562083739363,896247.0,2025
1881,Grassland,0.5944227756243319,29051.0,2025
1881,Unclassified,0.6083841965680432,22159.0,2025
1881,Urban Areas,0.5018068635918265,199388.0,2025
1899,Agricultural Land,0.5069598233426627,3594268.0,2025
1899,Forest,0.6712076669022364,3283029.0,2025
1899,Grassland,0.6335410799563466,232143.0,2025
1899,Unclassified,0.6172152509404741,62983.0,2025
1899,Urban Areas,0.5000794427619538,827340.0,2025
1902,Agricultural Land,0.4692129274065733,1525119.0,2025
1902,Forest,0.6568333879562657,380602.0,2025
1902,Grassland,0.606418528511139,13621.0,2025
1902,Unclassified,0.6150333959807789,6399.0,2025
1902,Urban Areas,0.49614427974212494,139830.0,2025
1911,Agricultural Land,0.5306433535824879,1835007.0,2025
1911,Forest,0.6472898118636494,1337236.0,2025
1911,Grassland,0.6034074652701975,96614.0,2025
1911,Unclassified,0.5987156402603543,17060.0,2025
1911,Urban Areas,0.5311294140269434,195511.0,2025
1929,Agricultural Land,0.5161838941120424,851566.0,2025
1929,Forest,0.6536119505499163,501145.0,2025
1929,Grassland,0.623196488133389,22530.0,2025
1929,Unclassified,0.5808861674076191,20848.0,2025
1929,Urban Areas,0.5391750449098437,209348.0,2025
1937,Agricultural Land,0.48841896174252114,756114.0,2025
1937,Forest,0.6515604848498049,139139.0,2025
1937,Grassland,0.5940181953424272,14377.0,2025
1937,Unclassified,0.5789226299594666,7116.0,2025
1937,Urban Areas,0.5158809439818673,85728.0,2025
1945,Agricultural Land,0.4905633713736347,3386451.0,2025
1945,Forest,0.6528153016174292,1692957.0,2025
1945,Grassland,0.5950938676378528,70007.0,2025
1945,Unclassified,0.6004534614684149,35723.0,2025
1945,Urban Areas,0.5047449925837678,455416.0,2025
1953,Agricultural Land,0.5489107436447641,1385522.0,2025
1953,Forest,0.6830582270799699,1224381.0,2025
1953,Grassland,0.618748203730796,79005.0,2025
1953,Unclassified,0.6637744628681382,16292.0,2025
1953,Urban Areas,0.5690957504601677,101488.0,2025
1961,Agricultural Land,0.5125703397455748,1059552.0,2025
1961,Forest,0.6293708363481701,779401.0,2025
1961,Grassland,0.5955174738616372,54471.0,2025
1961,Unclassified,0.5584969477814953,61314.0,2025
1961,Urban Areas,0.48546690529048775,1314370.0,2025
1970,Agricultural Land,0.5378956459598163,1988815.0,2025
1970,Forest,0.7004171346291527,950919.0,2025
1970,Grassland,0.638538142530047,111370.0,2025
1970,Unclassified,0.5836299760589561,32207.0,2025
1970,Urban Areas,0.5485891099170205,237608.0,2025
1988,Agricultural Land,0.5546517850093555,739383.0,2025
1988,Forest,0.6996438652638357,282878.0,2025
1988,Grassland,0.6487171713815261,28341.0,2025
1988,Unclassified,0.565249077774469,18730.0,2025
1988,Urban Areas,0.5572149517019642,109465.0,2025
1996,Agricultural Land,0.5305870672779963,2903780.0,2025
1996,Forest,0.6983913451351151,555501.0,2025
1996,Grassland,0.6497298207241905,42157.0,2025
1996,Unclassified,0.6441250786152862,33571.0,2025
1996,Urban Areas,0.5275230466523984,402132.0,2025
2003,Agricultural Land,0.4941598796689527,953409.0,2025
2003,Forest,0.6293801416374164,735659.0,2025
2003,Grassland,0.5879564999812182,36413.0,2025
2003,Unclassified,0.5676191147495133,13892.0,2025
2003,Urban Areas,0.494893540572202,122803.0,2025
2011,Agricultural Land,0.5575178950793253,1219192.0,2025
2011,Forest,0.6671960567686485,1127123.0,2025
2011,Grassland,0.628847060596077,114950.0,2025
2011,Unclassified,0.6050869286586733,20608.0,2025
2011,Urban Areas,0.5378477143966721,183256.0,2025
2020,Agricultural Land,0.5907777376987384,2157830.0,2025
2020,Forest,0.6275055359230206,5206144.0,2025
2020,Grassland,0.6208115788805776,734316.0,2025
2020,Unclassified,0.6146617149132707,56579.0,2025
2020,Urban Areas,0.5723557743202699,406167.0,2025
2038,Agricultural Land,0.6167775939789748,334710.0,2025
2038,Forest,0.6546799129642891,1568487.0,2025
2038,Grassland,0.6424211124148345,321799.0,2025
2038,Unclassified,0.6490387376033038,14092.0,2025
2038,Urban Areas,0.5721547625451886,148311.0,2025
2046,Agricultural Land,0.6013735991953506,998636.0,2025
2046,Forest,0.7161521426793948,931863.0,2025
2046,Grassland,0.6753829865072529,123168.0,2025
2046,Unclassified,0.6866996622917132,18837.0,2025
2046,Urban Areas,0.5654789619931653,210579.0,2025
2054,Agricultural Land,0.5916453872124534,726132.0,2025
2054,Forest,0.6525973224320405,4427814.0,2025
2054,Grassland,0.6228266351303465,1136790.0,2025
2054,Unclassified,0.637430148529244,35617.0,2025
2054,Urban Areas,0.5583278298607864,276536.0,2025
2062,Agricultural Land,0.6086620425744278,1923316.0,2025
2062,Forest,0.6601481208958867,4559349.0,2025
2062,Grassland,0.6762596143430079,372736.0,2025
2062,Unclassified,0.6181026195643261,52085.0,2025
2062,Urban Areas,0.6036683949314025,263496.0,2025
