n_years,ols_slope,ols_r2,ols_pvalue,theilsen_slope,slope_disagreement,flagged,most_influential_year,ORP_KOD,BUCKET_SIMPLE
9,-0.005017527803949367,0.15274127318291586,0.2983197096157053,-0.00477763200396609,0.05021228085045701,False,2017,19,Agricultural Land
9,-0.0067309819145409166,0.16788700979579319,0.273580497384591,-0.007143485958660564,0.05774548259866584,False,2017,19,Forest
9,-0.005301826455589924,0.11699634417557558,0.36771433826783906,-0.004261079568382288,0.24424488454289853,False,2017,19,Grassland
9,-0.0013828351159037111,0.015831518758544383,0.7149393976000799,-0.00046444989279680515,1.9773612554340616,True,2017,19,Unclassified
9,-0.007125103218707578,0.3189046168985271,0.11309857791092526,-0.008329119984656337,0.14455509923818646,False,2017,19,Urban Areas
9,-0.0035297804359692426,0.031944438861956304,0.6454977004382896,-0.007805087832486277,0.5477590372170293,True,2018,27,Agricultural Land
9,-0.008036841361166159,0.1968974350244258,0.23183981924751917,-0.006061244395239232,0.3259391697649821,False,2018,27,Forest
9,-0.00447225248414172,0.05255889753211995,0.5531734041967892,-0.007497062620363279,0.40346603588526353,False,2018,27,Grassland
9,-0.01200939643071139,0.27306766725464593,0.09093851528882847,-0.009044700307233394,0.32778268187692355,False,2018,27,Unclassified
9,-0.003914881639238567,0.055636011322954926,0.5414637819969778,-0.009336927211801935,0.5807098469944018,True,2018,27,Urban Areas
9,0.0001933607242756738,0.00010570503830731326,0.9790113266520508,-0.005947726396633657,1.032510023390638,True,2018,35,Agricultural Land
9,-0.007163314432713425,0.17232843783378804,0.26692408107978327,-0.009898252734011691,0.2763051595864653,False,2018,35,Forest
9,-0.004009061603551275,0.04458190762499381,0.5861165923213821,-0.00703594861418191,0.4302031149757878,False,2018,35,Grassland
9,-0.016595217560110273,-0.0424302136477821,0.09499916694013195,-0.009610785276677594,0.7267285744466415,True,2024,35,Unclassified
9,0.002155021127026449,0.015124117413577665,0.7526532927510947,-0.0023423116996887884,1.9200402864028627,True,2018,35,Urban Areas
9,-0.0010959620030050678,0.003319953699783329,0.8828753091809461,-0.006521634359896947,0.8319497931769383,True,2018,43,Agricultural Land
9,-0.003723294081957178,0.06448325355331752,0.5099790557972017,-0.004813100904734708,0.22642509358269913,False,2018,43,Forest
9,-0.002148032868317812,0.015506776465737171,0.7494532513899022,-0.006151411251707395,0.6508064929455658,True,2018,43,Grassland
9,-0.01204703428153013,-0.01304203779097901,0.1307300126510708,-0.008031145309223608,0.5000393863742392,True,2024,43,Unclassified
9,-6.384668934898248e-05,1.0513037347781307e-05,0.992451405173816,-0.005755152810646785,0.9889061695753988,True,2018,43,Urban Areas
9,-0.0018416305836774381,0.008936544031875826,0.8089370634902492,0.0001842601928576382,10.994728406152847,True,2025,51,Agricultural Land
9,-0.002051154749757501,0.012329541496491014,0.7762667827540575,-0.0013354460961696527,0.5359322668587335,True,2017,51,Forest
9,-0.00032085327776657023,0.00025933636950492556,0.9672594908845752,-0.00023046860222158464,0.39217782671361456,False,2025,51,Grassland
9,1.3491082414059498e-05,-0.000325074756828192,0.9980672599353456,-0.0014242261136578015,1.0094725706014551,True,2025,51,Unclassified
9,-0.002002002100444128,0.01746993274584585,0.7350415569005365,-0.0025113554297510913,0.20282008801814527,False,2025,51,Urban Areas
9,-0.0033199319908304476,0.028111327501627814,0.6663766453301899,-0.0034208539299393826,0.02950197265824893,False,2018,60,Agricultural Land
9,-0.006567445423717701,0.1298804211664355,0.3409108582607665,-0.005941327995728177,0.10538341401782632,False,2017,60,Forest
9,-0.0034313695540423785,0.035085528906234176,0.6295330608021061,-0.0034381754569623862,0.0019795100643353334,False,2017,60,Grassland
9,-0.007419182634800878,0.25870099624836396,0.1841191959040307,-0.007889216672968645,0.0595793039603382,False,2017,60,Unclassified
9,-0.002702308869924697,0.026566616261982423,0.6752160865148379,-0.0027723733369046785,0.025272378018974754,False,2018,60,Urban Areas
9,0.0006829158406686607,0.0012975779427850664,0.9266373347131234,-0.0004564125484993395,2.496268765865558,True,2018,78,Agricultural Land
9,0.0004316971808024171,0.0005219902643153196,0.9531054363493363,0.0024117016023550725,0.8209989244188183,True,2017,78,Forest
9,0.003016602293960695,0.022855982925307328,0.6967792839286152,0.004538593410843098,0.3353442309342433,False,2023,78,Grassland
9,-6.52509020616846e-05,4.975998560152739e-05,0.9905702841835682,0.003988210712019011,1.0163609464928827,True,2017,78,Unclassified
9,0.0005084531101399258,0.001886956778115123,0.911467869385427,0.0016558953633716213,0.6929436959684165,True,2017,78,Urban Areas
9,0.001195499014604596,0.004081841139255249,0.870252847298254,0.001617219975346148,0.2607690772872672,False,2017,86,Agricultural Land
9,0.004717968123481559,0.04863620436883298,0.5681545853301475,0.0051235865683607745,0.0791668959755643,False,2017,86,Forest
9,0.0029078504175873415,0.02219933774090821,0.7019329846704245,0.0042345447201966434,0.31330270200752375,False,2017,86,Grassland
9,0.004274458889459259,0.06485561601058554,0.4943474237548581,0.003658302956780812,0.16842671040581178,False,2017,86,Unclassified
9,0.002337828847860328,0.021407911816969327,0.7069014603101375,0.004581246495669305,0.4896959048000802,False,2017,86,Urban Areas
9,0.0018038103300242368,0.008450790882350567,0.814079029907566,3.496426921358292e-05,50.59010528735698,True,2018,94,Agricultural Land
9,-0.001926975957672192,0.013434623431093695,0.7666777248314441,-0.0014521244658830493,0.327004676903079,False,2018,94,Forest
9,-0.000149723354651071,7.471323413787978e-05,0.9822721958559151,-0.0010579154448003946,0.858473231119789,True,2018,94,Grassland
9,-0.004489079892597204,-0.01064067959235282,0.5011118284052344,-0.0009503067040423826,3.723822186565355,True,2024,94,Unclassified
9,0.001503833959574431,0.007981147105787123,0.8197863487986936,0.0024056789959733945,0.3748817019679119,False,2018,94,Urban Areas
9,0.0005894482258508693,0.0013307697251684347,0.92581397668246,0.000667577397970185,0.11703387855381699,False,2018,108,Agricultural Land
9,-0.005068532862193949,0.11423572860778086,0.373782580201121,-0.004018793767261858,0.26120750546682425,False,2018,108,Forest
9,-0.00225282075676012,0.020533500766171775,0.7130305606220322,-0.0008494991411079159,1.6519400052859305,True,2018,108,Grassland
9,-0.004267962798368322,0.011754921112444028,0.5021420472280704,-0.0019418800576526645,1.197850882472842,True,2024,108,Unclassified
9,-0.00036097850569163264,0.0006170215717505867,0.949036865873201,-0.0008060088035994832,0.5521407407964146,True,2018,108,Urban Areas
9,0.0014235891656288972,0.004629038828934617,0.8618937159617781,-0.0006670274842888053,3.1342286474848176,True,2018,116,Agricultural Land
9,-0.002923670952129983,0.027073896545082077,0.6728893662048865,-0.002585914314831539,0.13061400966042747,False,2018,116,Forest
9,0.0007039605173911336,0.0011651152932458109,0.9302590394263198,-0.0025570462727858984,1.275302220723667,True,2018,116,Grassland
9,-0.00842540320531715,0.03783912632865816,0.28082267687224793,-0.004287325593623678,0.9651885590046685,True,2024,116,Unclassified
9,0.0011370265049859699,0.003874013944931365,0.8737621804915543,0.0009915361389668115,0.1467322877114298,False,2018,116,Urban Areas
9,0.003016967447997912,0.015662643566608847,0.7483664337622837,0.005964026960048415,0.4941392002068648,False,2018,124,Agricultural Land
9,-0.0028904167118824183,0.01631772051764757,0.7436666875461015,-0.003679841563295677,0.21452685878852013,False,2018,124,Forest
9,0.0027402704423269346,0.011565147702387923,0.7830114137980193,0.004862860256766775,0.43648998785976023,False,2018,124,Grassland
9,-0.0024100820526922837,-0.0021699277336717504,0.8014524439898156,-0.0002947164725799256,7.177629270582023,True,2018,124,Unclassified
9,0.00287493707133335,0.01772451314702561,0.7331737419032345,0.004670244237912401,0.3844139781823388,False,2018,124,Urban Areas
9,-0.0013074202609974538,0.005836087271974488,0.845144020325936,-0.0020861331509061274,0.3732805308090876,False,2018,132,Agricultural Land
9,-0.0009446363536195331,0.0031010935174089482,0.8871325205660721,-0.0005242884480405904,0.801749317860994,True,2025,132,Forest
9,0.0009266814453840021,0.003050512292410823,0.8877690634770143,0.0014135126054704453,0.34441232303295666,False,2018,132,Grassland
9,0.00028853806765735625,0.00042641916138908,0.9560617802955215,-0.0007089787572748113,1.4069770281502447,True,2017,132,Unclassified
9,-0.0023140878918907334,0.03176787983801954,0.6464121862005976,-0.0023709178684868217,0.02396960997740448,False,2018,132,Urban Areas
9,-0.0002056631244818695,0.0001232996886967319,0.9773919368749715,0.00036402946227291616,1.5649628554726212,True,2018,141,Agricultural Land
9,-0.0010276911884255673,0.0032927302508706235,0.8836557404575595,-0.0005604107152077625,0.833817877740915,True,2017,141,Forest
9,0.001265077339642381,0.0049662029771987415,0.8569447540374687,0.0015271433386829674,0.17160537089242478,False,2025,141,Grassland
9,-0.002090886404920025,0.02295493344698729,0.7036851084446808,-0.000853815058029863,1.4488750640503396,True,2017,141,Unclassified
9,0.0005341884991216541,0.0012970694545474393,0.9268084662192873,0.0011166653442596815,0.5216216730753775,True,2018,141,Urban Areas
9,-0.0027315652633717775,0.026929706549520205,0.6730763399471463,-0.004932100236832852,0.44616590657008787,False,2018,159,Agricultural Land
9,-0.0018346440727849641,0.01103401326718767,0.7878187127019515,-0.00129822076847458,0.4131988313056228,False,2017,159,Forest
9,-0.0006922462527183771,0.0018239951480281125,0.9130493294052033,0.00010420303230976514,7.643244801749448,True,2017,159,Grassland
9,-0.0034750814920351185,0.04453108119221616,0.47505886802465414,-0.0033032277577652314,0.052026002102305284,False,2017,159,Unclassified
9,-0.003686718037156743,0.07090557261364239,0.48827091879947804,-0.004340888868932824,0.1506997418104612,False,2018,159,Urban Areas
9,-0.0019006115766073022,0.008382886481745566,0.8148185493307654,-0.0013056230510266331,0.4557123322178019,False,2018,167,Agricultural Land
9,-0.003785115505802658,0.05688393031611927,0.536853828813366,-0.004040791586537588,0.06327376091029968,False,2025,167,Forest
9,-0.002111236460848986,0.012289712624904414,0.7765599168582933,-0.0022444697682859763,0.05936070483976087,False,2018,167,Grassland
9,-0.006806040007219274,0.1175526633393742,0.26307061382645125,-0.0053945914215967825,0.2616414247744284,False,2018,167,Unclassified
9,-0.002429113709819904,0.026098602293998963,0.6780485708512711,-0.0049840459429868755,0.5126221271619806,True,2018,167,Urban Areas
9,-0.000975370461298155,0.0031584322630481276,0.8858477278466657,-0.004935540381080159,0.802378182328904,True,2018,175,Agricultural Land
9,-0.003224710754024991,0.07339323541848819,0.4811020354062405,-0.0026092235717754516,0.2358890165286717,False,2024,175,Forest
9,0.00018486875286980776,0.0001587665763239654,0.9742388522955586,0.0018616905349427653,0.9006984515417911,True,2018,175,Grassland
9,-0.005385215281598184,0.07152413700800642,0.30906411567331693,-0.004283369457229985,0.2572381008386682,False,2024,175,Unclassified
9,-0.000773428139807213,0.0029678656122607006,0.8892896410865156,-0.0037624960964669357,0.794437490437936,True,2018,175,Urban Areas
9,-0.002992057674011552,0.11097175315293462,0.38092852874890915,-0.002488541940728478,0.2023336336198852,False,2024,183,Agricultural Land
9,-0.0027710486975459176,0.05174894900291893,0.5561208310901046,-0.0044411439666368815,0.37605069361344456,False,2017,183,Forest
9,-0.0016799614235252028,0.02025196183146527,0.714992279608557,-0.0022953465084702114,0.26810117020420887,False,2025,183,Grassland
9,-0.002987480585887289,0.05734696629727831,0.36842832175155016,-0.004008106689252761,0.25464045308528177,False,2017,183,Unclassified
9,-0.0030797930495846475,0.1244834725446482,0.3512659478523149,-0.0036186203139002876,0.1489040622045454,False,2017,183,Urban Areas
9,0.00037620421644511985,0.0006312190765757064,0.948884414427181,-0.001301118170097005,1.289139161293145,True,2018,191,Agricultural Land
9,-0.004275887901702837,0.18430210126837077,0.24900757330573742,-0.0030991065793757955,0.3797163124877307,False,2025,191,Forest
9,-0.00222339484019181,0.027618772405050285,0.6695796223761514,-0.004454710648778363,0.5008890553191053,True,2018,191,Grassland
9,-0.0016955187390345703,0.007210945629075427,0.6386975826957386,-0.0015955396830900441,0.06266159156311242,False,2017,191,Unclassified
9,0.00038465578427487087,0.0008855878870689393,0.9398570107761668,0.000932112287482619,0.5873289200878135,True,2018,191,Urban Areas
9,0.005712971682119152,0.13694339690811552,0.3269687685240662,0.004606213095508768,0.24027515958597642,False,2018,205,Agricultural Land
9,0.0017447391473818222,0.0213298166985344,0.7076890915814459,0.0018664559484791524,0.06521279068842151,False,2018,205,Forest
9,0.0040914801433234275,0.07384846954063384,0.47936962330886834,0.005027136333635773,0.18612110915950664,False,2018,205,Grassland
9,-0.0029449961088226593,-0.054646042978117926,0.6057916402402814,0.0022897021756444536,2.286191776445235,True,2024,205,Unclassified
9,0.005917487140434083,0.19892351337214365,0.2291473243298231,0.003554108915969606,0.6649706805115502,True,2018,205,Urban Areas
9,-0.0025620758969980124,0.029934961421847595,0.6562026488566193,-0.002282222892087325,0.12262299439768275,False,2025,213,Agricultural Land
9,-0.003668316448028913,0.05204932790377914,0.5551402503072003,-0.0029963968622953125,0.2242425208051025,False,2017,213,Forest
9,-0.002374364392314185,0.025135638108688352,0.6837157546537141,-0.0020470249713026613,0.15990983285524618,False,2017,213,Grassland
9,-0.006262198031600787,0.26273966024040785,0.11817739767883209,-0.005355145461544636,0.1693796324618456,False,2017,213,Unclassified
9,-0.0022189842201280835,0.032534513456002556,0.6422505039598485,-0.00029898854225070623,6.421636305606096,True,2025,213,Urban Areas
9,-0.0042954059831440145,0.04473805627344085,0.5849374148583246,-0.006122907721649612,0.29846958693234044,False,2018,221,Agricultural Land
9,-0.008867705104227746,0.1824070403030028,0.2519146599951797,-0.007602321431614954,0.1664470101659445,False,2024,221,Forest
9,-0.006007852449077449,0.08072486571323767,0.45888534057468466,-0.008380703696493103,0.2831326978435678,False,2018,221,Grassland
9,-0.006638219206196837,0.17480167597452767,0.30182823088491495,-0.006338936432375253,0.04721340512156561,False,2018,221,Unclassified
9,-0.004199964539687618,0.06991997221503754,0.4920668424033008,-0.005704833419835586,0.2637884000110451,False,2018,221,Urban Areas
9,-0.0037598528131603283,0.03653747933335638,0.6223026145437776,-0.0038920456964980756,0.03396488470232756,False,2018,230,Agricultural Land
9,-0.004963295677838904,0.08014645023093858,0.4607776234363816,-0.0050717896471612275,0.021391654005810213,False,2024,230,Forest
9,-0.002053153982353677,0.012799459067355135,0.772208567855616,-0.003295523139803601,0.3769869318908693,False,2025,230,Grassland
9,-0.006950619340435847,0.149197206150664,0.21770469581071872,-0.005092553652855445,0.3648593248572976,False,2024,230,Unclassified
9,-0.0033233731841779456,0.048129468478747994,0.5709329970647569,-0.002778293134865617,0.19619241845720262,False,2018,230,Urban Areas
9,-0.0062937844471410995,0.09938987604461613,0.4087084786895089,-0.005530401882763255,0.13803383200000324,False,2025,248,Agricultural Land
9,-0.009844009698413906,0.2379966988868455,0.18299187338812084,-0.012606601462475135,0.2191385023381894,False,2025,248,Forest
9,-0.008124563780444627,0.16345280545014784,0.2806617112838682,-0.009187804474671327,0.11572304320992154,False,2025,248,Grassland
9,-0.026263430957309642,0.320318463785661,0.011794737266853133,-0.01864909496943894,0.408295201474851,False,2024,248,Unclassified
9,-0.006173484993128804,0.13093329672940512,0.339349146084423,-0.00620629384712163,0.005286384241706812,False,2025,248,Urban Areas
9,-0.0039243091100776995,0.05439067036473788,0.546156816327892,-0.003587292415438513,0.09394737189217656,False,2025,256,Agricultural Land
9,-0.008719621661366604,0.21973469678837898,0.20341270130494127,-0.010045729573610732,0.13200712825554242,False,2024,256,Forest
9,-0.006360763071172567,0.14190894231091045,0.3179532883877634,-0.00766910632547931,0.17059918050164383,False,2025,256,Grassland
9,-0.01744771479571517,0.5831200700500203,0.0058988462240911555,-0.0159054213935022,0.09696652254954029,False,2024,256,Unclassified
9,-0.003913174296362804,0.08198508676277227,0.4559245115031618,-0.005382413480038074,0.27297032996894116,False,2025,256,Urban Areas
9,-0.0011257691216215735,0.005759436906621618,0.8461606097282126,-0.0034483268030446363,0.6735317776065782,True,2018,264,Agricultural Land
9,-0.002716185347050537,0.04335395211641313,0.5916381776953401,-0.002315674487987077,0.17295645875150953,False,2025,264,Forest
9,-0.00020605286445698695,0.00019231982476941578,0.9717569812055755,0.0017486934074376903,1.1178324705637852,True,2018,264,Grassland
9,-0.020439228588925915,-0.3546615672024709,0.06431056447292925,-0.006546681050304598,2.1220749005291677,True,2024,264,Unclassified
9,0.0002583559620105411,0.00035955009593302556,0.9617797098988301,-0.004401641110047897,1.058695371919527,True,2018,264,Urban Areas
9,0.00405642331561106,0.029815088872828133,0.6567691573566481,0.004610366712637769,0.12015169975704104,False,2018,272,Agricultural Land
9,0.0001884641215958169,5.5617281117692485e-05,0.9845488236746569,-0.0009287372169285792,1.2029251312002822,True,2017,272,Forest
9,0.0024205413889489885,0.009787372491140256,0.7998407423556961,0.003955017959793759,0.3879822004461361,False,2017,272,Grassland
9,0.0012907698740020383,0.0013123471945473142,0.8535937027107456,0.0006192404420629349,1.0844405279829157,True,2017,272,Unclassified
9,0.003634049664673048,0.03267173548483793,0.6408602077504937,0.0056691754521092895,0.35898091435484625,False,2023,272,Urban Areas
9,-0.011422727561290846,0.321633655985883,0.11137837817470918,-0.005595733606266104,1.0413279768178516,True,2017,281,Agricultural Land
9,-0.014617937745032719,0.33855652379322476,0.10073787295606543,-0.012440717260817632,0.17500763328753563,False,2024,281,Forest
9,-0.010747579712070403,0.25754992331961624,0.16348907832947737,-0.006779746751650995,0.5852479606930991,True,2024,281,Grassland
9,-0.01852229261463875,0.5415086570758532,0.013773736104369444,-0.015206733986017407,0.21803226331637016,False,2017,281,Unclassified
9,-0.00980128169278923,0.32006576367732575,0.11300853359594647,-0.006867503364665841,0.4271972174368408,False,2025,281,Urban Areas
9,-0.007313640061256066,0.1481870166737106,0.30647864424164484,-0.008838189614551118,0.17249568291509013,False,2025,299,Agricultural Land
9,-0.011189700872716698,0.2536311639836194,0.16749367937791715,-0.013322627096687627,0.16009802034474366,False,2025,299,Forest
9,-0.008009047976673088,0.1423368985206489,0.3170771422928491,-0.010675042169066081,0.24974085817838332,False,2025,299,Grassland
9,-0.006340850464688749,0.19888397464370478,0.30059883902070617,-0.008499838159672347,0.25400338858532145,False,2018,299,Unclassified
9,-0.006065919608617977,0.11102229284817211,0.3823140095838622,-0.005728745280640667,0.0588565752987366,False,2025,299,Urban Areas
9,-0.006442297134970042,0.11305278927306384,0.37664062493863193,-0.0006944940305549837,8.276245513329865,True,2025,302,Agricultural Land
9,-0.010402017036522552,0.22381130846045239,0.19945625123110988,-0.003592039266525582,1.8958528191658537,True,2025,302,Forest
9,-0.007403606003043336,0.12993621958797663,0.3410693452391662,-0.0019722421329317385,2.7539031741695292,True,2025,302,Grassland
9,-0.01884612990573367,0.3828227964759846,0.020525445201425872,-0.0145533025197745,0.2949727307685819,False,2024,302,Unclassified
9,-0.007313142426323531,0.2174060582371874,0.2065952453601705,-0.0077583995094618885,0.057390326780070625,False,2025,302,Urban Areas
9,-0.01602332580230634,0.4163527950162469,0.06060302428257554,-0.01341255853693291,0.1946509503152889,False,2017,311,Agricultural Land
9,-0.018725705998502,0.36719019944011966,0.08380984754695643,-0.017356739665258532,0.07887232047292886,False,2024,311,Forest
9,-0.01636494691991174,0.4026450710774825,0.06647885168768776,-0.017067684342951618,0.04117356572334819,False,2024,311,Grassland
9,-0.018615215211736855,0.5507306213524881,0.027970325099282264,-0.01972601565219434,0.05631144474601076,False,2017,311,Unclassified
9,-0.014061141535517085,0.44267366037136613,0.05060928072525867,-0.013261622872132197,0.06028814656349382,False,2023,311,Urban Areas
9,-0.014968127972161802,0.35827125472816856,0.08868749066361728,-0.014175822305956758,0.055891337313964014,False,2024,329,Agricultural Land
9,-0.018540865808007973,0.32432475935391936,0.10958377311526833,-0.02361360507494725,0.21482273675869917,False,2024,329,Forest
9,-0.01563890309814101,0.34434344199434697,0.09676279087161954,-0.01921868823069755,0.18626584133034824,False,2024,329,Grassland
9,-0.023725043389818706,0.7777229008922839,0.0017483799279176724,-0.022185328454799015,0.06940239528825312,False,2017,329,Unclassified
9,-0.012217324210634975,0.32101171900539505,0.11244091576490152,-0.01353639143281922,0.09744600167117977,False,2024,329,Urban Areas
9,0.00251886658954569,0.028525436275849803,0.6636675998113355,0.0013921900648416513,0.8092835548515335,True,2017,337,Agricultural Land
9,-0.0009297284482259109,0.0044604318155758715,0.8655938859805015,-0.002048246711680851,0.5460857117827624,True,2017,337,Forest
9,0.0018142328503139534,0.02092081723450412,0.7096390612215198,0.002567881041303055,0.2934903053790481,False,2017,337,Grassland
9,-0.003225745157602393,0.017733706870887267,0.5088982556750219,0.0010675746916310885,4.0215639082582175,True,2017,337,Unclassified
9,0.0028886551206979204,0.068593899506328,0.49428968404650253,0.00213952308831574,0.3501397280886118,False,2017,337,Urban Areas
9,-0.005818759193530154,0.12798771311401858,0.34534900855123507,-0.005211733751405198,0.11647284206743845,False,2025,345,Agricultural Land
9,-0.012380611111798496,0.309148396634769,0.12089393363126709,-0.012632532138206226,0.01994224306351161,False,2024,345,Forest
9,-0.008606253350575958,0.20097171125476343,0.22683656491584192,-0.009826499514741013,0.12417913035405213,False,2025,345,Grassland
9,-0.018951623594254605,0.7276939260640929,0.0015473111675808418,-0.015699174256180143,0.20717327453028947,False,2024,345,Unclassified
9,-0.005941197592983329,0.1617574777689803,0.2859831221218728,-0.0030549102426297714,0.9448026688564645,True,2025,345,Urban Areas
9,-0.008400424270502064,0.18179420624874265,0.25278104726569184,-0.005257120036540067,0.5979137269292292,True,2024,353,Agricultural Land
9,-0.015177129749547515,0.3061778350351818,0.12323112259291061,-0.013168729691901415,0.15251281669797187,False,2024,353,Forest
9,-0.010750875542487427,0.2468097919886878,0.17414623615212843,-0.0045805648945632105,1.347063253103982,True,2024,353,Grassland
9,-0.019690869528519284,0.6586038051256335,0.0038568510065562626,-0.014967340077139329,0.31558910447919425,False,2017,353,Unclassified
9,-0.007443374912247552,0.1996451725374807,0.23002066342446226,-0.0019403024719722994,2.8361930780211964,True,2024,353,Urban Areas
9,-0.006880748010151522,0.1387477520538185,0.32377969854396094,-0.0073224576663695196,0.06032259609320455,False,2018,361,Agricultural Land
9,-0.014569549185774704,0.522847609850748,0.027834782312554724,-0.016448370310407953,0.11422536635403915,False,2024,361,Forest
9,-0.010898665617560404,0.264867566975002,0.15656983944284358,-0.010353241893785406,0.05268144310454021,False,2018,361,Grassland
9,-0.02282040756862536,0.5389170483382646,0.007339327087956378,-0.01910687306654773,0.1943559518684027,False,2024,361,Unclassified
9,-0.006685622569651771,0.19261259600992775,0.23812028667791763,-0.010611281579667564,0.3699514503071719,False,2018,361,Urban Areas
9,-0.001475064162135232,0.01659644481222733,0.7413986221559976,-0.0033892159926678283,0.5647771740348327,True,2018,370,Agricultural Land
9,-0.009637183053376923,0.3996770983150085,0.06789100249757726,-0.012213389540796996,0.21093296654582588,False,2024,370,Forest
9,-0.004319494907746915,0.11915964241220589,0.363689798173367,-0.0029541384779114277,0.4621843018005008,False,2018,370,Grassland
9,-0.008926516087448301,0.3853833133949165,0.06481045291380384,-0.009885849926642674,0.09704110888927606,False,2018,370,Unclassified
9,-0.0008720645203447949,0.007718448242399534,0.8236490634370458,-0.002499070703311068,0.6510444785778252,True,2018,370,Urban Areas
9,-0.005714173306747585,0.11864076014145697,0.36439026109053885,-0.0065601405529690515,0.12895565870743278,False,2025,388,Agricultural Land
9,-0.01224821552448362,0.40460154311626695,0.06577776414936347,-0.014212238261291914,0.13819235933846227,False,2025,388,Forest
9,-0.008098927853619592,0.22034890334731727,0.2028924332463582,-0.009438176971007777,0.1418970126860404,False,2025,388,Grassland
9,-0.012247387708386221,0.5287079389407467,0.02689639448315011,-0.014082703799098753,0.1303241278730854,False,2018,388,Unclassified
9,-0.005531804960710853,0.1350004704187543,0.33207651375084113,-0.00497361453124253,0.11223033589795978,False,2025,388,Urban Areas
9,-0.0031447864754771877,0.03754046816716461,0.6175573802240699,-0.005220923918634251,0.39765709585367087,False,2018,396,Agricultural Land
9,-0.006465316221533929,0.1653062933129541,0.2782094847591674,-0.007470287517529364,0.13452913206315353,False,2024,396,Forest
9,-0.0050429048410453306,0.07712008459328867,0.4695944322603305,-0.0059117987354190965,0.14697623062977444,False,2018,396,Grassland
9,-0.02234836519002229,-0.2439659970332766,0.04728517533400386,-0.00886547587625285,1.520830861418826,True,2024,396,Unclassified
9,-0.001845269871070818,0.015873429030167086,0.746803575487772,-0.004217605854775477,0.562484040802089,True,2018,396,Urban Areas
9,-0.004357885769152177,0.08214149049680042,0.45488056346391115,-0.004135157955100886,0.05386198458913707,False,2025,400,Agricultural Land
9,-0.008515591849451293,0.29954894618590566,0.1276840420386066,-0.008453314534613718,0.0073672066244038605,False,2025,400,Forest
9,-0.004261533649452845,0.07190787520223385,0.4858638900432578,-0.0041229697067459116,0.03360780033872635,False,2025,400,Grassland
9,-0.018256983868026558,0.1691191086610141,0.02348560963276768,-0.01196813258547376,0.5254663781203301,True,2024,400,Unclassified
9,-0.004510294476694288,0.128026256918633,0.34511567815737376,-0.0038877886865723446,0.16011821637116122,False,2025,400,Urban Areas
9,-0.01315677552297742,0.3036467379158587,0.12425570665360017,-0.005681332442933479,1.315790469072445,True,2025,418,Agricultural Land
9,-0.01865541659937351,0.3249960445057162,0.10913120849993682,-0.020532913414774673,0.0914384031858913,False,2024,418,Forest
9,-0.014511197118491099,0.3120924630725941,0.11804001968177838,-0.013792805858647391,0.05208449007446247,False,2024,418,Grassland
9,-0.017498321966683186,0.4271711328522123,0.07251677316343272,-0.016095555918921138,0.08715238260972553,False,2024,418,Unclassified
9,-0.011699493212786287,0.31933935050970974,0.11333085786714084,-0.004426534667119253,1.6430366172643591,True,2025,418,Urban Areas
9,-0.013261227209937436,0.2980975650560398,0.12843365540670207,-0.012512550083138778,0.05983409631323147,False,2024,426,Agricultural Land
9,-0.01875733266053394,0.2646353094203461,0.15653668457050698,-0.019311320411367745,0.02868720206763774,False,2024,426,Forest
9,-0.014582599139724981,0.2421169495054677,0.178560535384097,-0.016263756736224183,0.10336834372065881,False,2024,426,Grassland
9,-0.0166890590349537,0.2411035795694545,0.1852430711633304,-0.02189734362059932,0.23785006418523172,False,2024,426,Unclassified
9,-0.011743003003192235,0.3122630302941489,0.11805627204566604,-0.011535443499475296,0.017993196683454806,False,2024,426,Urban Areas
9,-0.0025438475661569457,0.025046766871166803,0.6848837683505113,-0.0005267865646328602,3.828990974608208,True,2025,434,Agricultural Land
9,-0.007195957451488531,0.15869987562607724,0.28983477192106555,-0.004188973118116937,0.7178332848130855,True,2024,434,Forest
9,-0.00544007280330652,0.08095085144757896,0.459136308737479,-0.004602001076285444,0.18211028488014505,False,2025,434,Grassland
9,-0.01896164890395084,-0.015318462234419128,0.04971477948689001,-0.01014486198930176,0.8690888968176009,True,2024,434,Unclassified
9,-0.0024263590693543464,0.03158188045354626,0.6510837461422772,-0.0016974972615318904,0.42937436444798827,False,2025,434,Urban Areas
9,-0.007629471141440133,0.2035095701553764,0.22308711641131096,-0.008972174122959949,0.14965190856960925,False,2025,442,Agricultural Land
9,-0.009382847347966268,0.25191278641589343,0.16898493964982716,-0.00815614477433423,0.15040225591534728,False,2025,442,Forest
9,-0.00908799075641601,0.20569972172355022,0.22044486810594222,-0.009038616537529454,0.005462585859412022,False,2025,442,Grassland
9,-0.013999988406558937,0.40621795963115037,0.03260550539080452,-0.013452125588332565,0.04072685871306091,False,2024,442,Unclassified
9,-0.006025058695537539,0.21337101432805172,0.21127027581447888,-0.006231039768947464,0.03305725545781885,False,2025,442,Urban Areas
9,-0.008169239399173809,0.1438614072898874,0.3142648170862935,-0.007315969128513906,0.11663120164549233,False,2018,451,Agricultural Land
9,-0.010304185227845002,0.18331153638429176,0.2513975510262747,-0.010943772658013684,0.05844304794657245,False,2025,451,Forest
9,-0.009604297189270538,0.1401152287659252,0.3215835067623213,-0.006976753426194423,0.3766141072452017,False,2025,451,Grassland
9,-0.016052052210477574,0.35967916936079714,0.06307004093446121,-0.013610765996716186,0.17936435130472356,False,2018,451,Unclassified
9,-0.007263264569884809,0.1275255632845611,0.3474420292574779,-0.004976354987648963,0.45955515390518326,False,2025,451,Urban Areas
9,-0.0036390963144721615,0.05253113231424145,0.5534827367733637,-0.0037183916998963064,0.021325183526618833,False,2025,469,Agricultural Land
9,-0.009221278059130218,0.20776631153537894,0.21895440920996212,-0.00956025663907426,0.03545705860641694,False,2025,469,Forest
9,-0.004852354292183857,0.0847719923153688,0.44779358807005387,-0.004938382303408865,0.017420281772357857,False,2025,469,Grassland
9,-0.01687997501027752,0.47462957315337473,0.01747219687188564,-0.018134072813155024,0.06915698507440322,False,2024,469,Unclassified
9,-0.0028717238188392708,0.045077112022309906,0.5853565021235685,-0.004189385470673721,0.3145238510655714,False,2025,469,Urban Areas
9,-0.0015689011818720683,0.011335041736141527,0.7853502900412671,-0.005100951574736506,0.692429704755017,True,2018,477,Agricultural Land
9,-0.0071713863741932945,0.19235785540770833,0.23812206800827396,-0.0064069705839251935,0.11931002027479047,False,2025,477,Forest
9,-0.002502668397528942,0.025014652430152662,0.685010050759423,-0.0026608382287878875,0.05944361049374949,False,2025,477,Grassland
9,-0.008271255248113769,0.2504887924354885,0.10922179668329922,-0.00936022581876465,0.11634020286858865,False,2018,477,Unclassified
9,-0.0018588781345593166,0.0243612401836093,0.6890572271668829,-0.002531219997710921,0.2656196868544137,False,2018,477,Urban Areas
9,-0.006262206608612392,0.08973855168843381,0.43368889970073965,-0.004223339659937428,0.4827617745301525,False,2025,485,Agricultural Land
9,-0.014073209966490884,0.38642252030801416,0.07398950537610437,-0.011683507909826762,0.20453634945153687,False,2025,485,Forest
9,-0.009838617046071849,0.2056126298585943,0.22050625338438345,-0.00622537622710162,0.5804052136223201,True,2025,485,Grassland
9,-0.012646319612802139,0.4556723598077492,0.057109176493207625,-0.011266826682049924,0.12243846201610557,False,2025,485,Unclassified
9,-0.006774162595044905,0.13413198549578453,0.3330844752592812,-0.0035159957257049454,0.9266697469282924,True,2025,485,Urban Areas
9,-0.0038424495308734432,0.03430022317990733,0.6334627434009361,-0.005616103292517114,0.31581573010006486,False,2025,493,Agricultural Land
9,-0.007910609956924008,0.13288583116491115,0.33515757871909624,-0.0034677298284461087,1.2812071148197712,True,2025,493,Forest
9,-0.006296143028330886,0.09019692849699057,0.4325785062876596,-0.0074239015333041145,0.15190914102430228,False,2025,493,Grassland
9,-0.01024904745991505,0.2221254567244676,0.1696061525211768,-0.010906306383370545,0.06026411695692454,False,2017,493,Unclassified
9,-0.003540704980272478,0.04216387938023036,0.5973831169757171,-0.0032143454121858345,0.1015322021240745,False,2025,493,Urban Areas
9,-0.011748703710721885,0.16384143412238739,0.28001512023248365,-0.008935370035633466,0.3148536282066767,False,2024,507,Agricultural Land
9,-0.01518224841292475,0.22701710064159386,0.1949755782161352,-0.014443301388061543,0.051161919633831196,False,2024,507,Forest
9,-0.011520950327141974,0.16494398930447718,0.2785550940109224,-0.00665558428250107,0.7310201235724673,True,2024,507,Grassland
9,-0.01139166502650529,0.2315303466032831,0.2425529420743464,-0.009813520376898274,0.16081330541913183,False,2024,507,Unclassified
9,-0.013676753732162183,0.2580580442462852,0.16312528337287333,-0.012897406589168492,0.060426655359396286,False,2024,507,Urban Areas
9,-0.011060359082286806,0.14906863671861803,0.30497329978004317,-0.007437353899985951,0.48713631635946475,False,2024,515,Agricultural Land
9,-0.016583381795615436,0.2660907052007975,0.1558088842614313,-0.012368621889363569,0.34076228895608507,False,2024,515,Forest
9,-0.014212826591260335,0.20426126929972555,0.22230428064355978,-0.0020277002356194015,6.009333204973833,True,2024,515,Grassland
9,-0.011499190614084859,0.4020844539715004,0.11371752590425914,-0.014004592418929316,0.17889858768456765,False,2024,515,Unclassified
9,-0.010767589472186407,0.219610200339309,0.20407573040740767,-0.011387179910607531,0.054411227651190004,False,2024,515,Urban Areas
9,-0.016200560915686318,0.23559433568556187,0.1855084560957796,-0.013466734857842489,0.20300585752245337,False,2024,523,Agricultural Land
9,-0.0211441699140834,0.3311535207669155,0.10509433790263266,-0.01906140981579324,0.10926579504966623,False,2024,523,Forest
9,-0.01862848551050118,0.2856544496056834,0.13845377067308703,-0.017025854997850462,0.09412922363388224,False,2024,523,Grassland
9,-0.02081991294102044,0.4996828771324636,0.05091799139747805,-0.021936024550045292,0.05088030451819249,False,2024,523,Unclassified
9,-0.015440622758329343,0.3080965658577576,0.12131385610553345,-0.015367684831937192,0.004746188328938847,False,2024,523,Urban Areas
9,-0.014989342318436202,0.22266329660989692,0.19982435365017903,-0.013569836239081062,0.10460745836172798,False,2024,531,Agricultural Land
9,-0.015309542079181972,0.22669625687315098,0.19539184726116154,-0.009099299036312616,0.6824968624600763,True,2024,531,Forest
9,-0.012701799953999554,0.20020369877138022,0.22736746177000744,-0.007222438529536531,0.7586580906233947,True,2024,531,Grassland
9,-0.01214619590941452,0.2986865438437679,0.1902116961927991,-0.013832514385120617,0.12190975760126727,False,2024,531,Unclassified
9,-0.012125216312234281,0.2284110622878759,0.19396953039490006,-0.013720082694904026,0.11624320480678425,False,2024,531,Urban Areas
9,-0.006440671006231786,0.053834723292366826,0.5483182856941426,-0.002176102665265853,1.9597275482611176,True,2024,540,Agricultural Land
9,-0.010714217590501986,0.0982865615629892,0.4116559007187831,-0.012303642490668346,0.12918328059124395,False,2024,540,Forest
9,-0.006407381436287647,0.0527493227331427,0.5524535327968854,-0.0091981163722934,0.30340287326783727,False,2024,540,Grassland
9,-0.005984576795829658,0.06702652467711667,0.5688736476240932,-0.012108314234209185,0.5057464912067074,True,2024,540,Unclassified
9,-0.007201085667424249,0.10612641658845012,0.39303334991458294,-0.008500480777045629,0.15286136675118617,False,2024,540,Urban Areas
9,-0.010248646169026269,0.2745423911707311,0.14775970444816103,-0.008717606785177866,0.17562611179613608,False,2025,558,Agricultural Land
9,-0.014030714906434377,0.3908717052175724,0.07206308029301169,-0.012494747072616465,0.12292908571027775,False,2025,558,Forest
9,-0.013093739567035263,0.33927131480200123,0.1000029611476843,-0.009651290199910633,0.35668281606085217,False,2025,558,Grassland
9,-0.01812611406438059,0.49631560750091563,0.019713121710022898,-0.01601085965600895,0.1321137311685681,False,2018,558,Unclassified
9,-0.009293995188518296,0.2937702925275143,0.13231763171874691,-0.007993555818077654,0.16268596855227577,False,2025,558,Urban Areas
9,-0.007593821672948772,0.13351624274107,0.3336150094949455,-0.008784170568448334,0.135510676417777,False,2025,566,Agricultural Land
9,-0.013699423812894422,0.28300082272520455,0.14054747838853757,-0.016296961327995053,0.15938784309677165,False,2025,566,Forest
9,-0.009987547081593027,0.19825039356203988,0.22983010322276842,-0.009904758059646305,0.008358510268314252,False,2025,566,Grassland
9,-0.01469511862357162,0.463408421925807,0.05015863805431948,-0.01613841592769405,0.08943240220037238,False,2017,566,Unclassified
9,-0.007524272764224244,0.1880580287395771,0.24383334562978287,-0.006404235598683294,0.17489006272211918,False,2025,566,Urban Areas
9,-0.0095944040535026,0.20879534460124793,0.21631393313748992,-0.010448530181481374,0.08174605548755538,False,2025,574,Agricultural Land
9,-0.014834087149410218,0.2543384125094936,0.16629656015879068,-0.017237076872213306,0.1394081920396132,False,2024,574,Forest
9,-0.013444091811097915,0.2875625722529902,0.13673199362367364,-0.014048853694373822,0.04304706251714318,False,2025,574,Grassland
9,-0.013545647266579239,0.23841928048457817,0.20545188581798257,-0.016789238468505135,0.19319465906750544,False,2024,574,Unclassified
9,-0.009734291547602417,0.26716220295375903,0.15435943806211347,-0.01089095909780556,0.10620437923012685,False,2025,574,Urban Areas
9,-0.0065429340289258,0.19914303163471614,0.2286292248207502,-0.006608220974855767,0.009879655383556785,False,2025,582,Agricultural Land
9,-0.010564641998440918,0.32627675966713143,0.10826395828988325,-0.010351065967101654,0.020633240288301134,False,2025,582,Forest
9,-0.008325209211495814,0.20712215612035645,0.21836677213780198,-0.007885128017165954,0.055811547177395365,False,2025,582,Grassland
9,-0.009651018801236014,0.46580977809094426,0.04079763580199149,-0.011103336312582621,0.13080010102015907,False,2025,582,Unclassified
9,-0.00876488013962209,0.44962025486397417,0.04809132654162931,-0.0062578641054023675,0.40061848451701515,False,2025,582,Urban Areas
9,-0.007306367964713346,0.2575492181627831,0.16313468447016882,-0.006156376985455711,0.18679671208804471,False,2017,591,Agricultural Land
9,-0.013538934307486122,0.43422259744047365,0.05359574723399493,-0.01390990702184886,0.026669676064695183,False,2017,591,Forest
9,-0.010369131265369829,0.3223431799723975,0.11080889199010306,-0.010163892405458234,0.02019293905564931,False,2017,591,Grassland
9,-0.01271850858926305,0.3984373367027465,0.05242560731696237,-0.015158472250228757,0.16096369216422096,False,2017,591,Unclassified
9,-0.0071959382607916615,0.2809634497450546,0.14212505997869546,-0.006344976833169655,0.13411576590373547,False,2017,591,Urban Areas
9,-0.008697482179038419,0.28557396256440815,0.13836127699966866,-0.010521123443813354,0.17333141983494885,False,2018,604,Agricultural Land
9,-0.013794326369143057,0.47376207614052923,0.04045149641249031,-0.012770786955520929,0.08014693355914475,False,2017,604,Forest
9,-0.010620096459425925,0.3615461632788939,0.08682919282216424,-0.010672977188239067,0.004954637106449818,False,2018,604,Grassland
9,-0.018504754426921642,0.5156386607960828,0.01644964893309224,-0.013528417964659582,0.3678431931406756,False,2017,604,Unclassified
9,-0.009506195297180461,0.3982546942407901,0.06861937856076836,-0.011222480591018389,0.15293279234641854,False,2018,604,Urban Areas
9,-0.004076915550360381,0.06483976192304086,0.508514348035766,-0.0035823804603458435,0.1380465016177525,False,2025,612,Agricultural Land
9,-0.00772784677227005,0.22113422376774217,0.20155603939399447,-0.007908721478469515,0.02287028398861596,False,2025,612,Forest
9,-0.0029310876020915942,0.03420622360911496,0.6338879238230062,-0.005672784785315349,0.483307103474285,False,2025,612,Grassland
9,-0.0067615803326636584,0.15467615518940958,0.26000398099786515,-0.008495356865995951,0.20408519155587396,False,2017,612,Unclassified
9,-0.0022349297914070285,0.026944892358600758,0.6732289586644291,-0.0032052646791729438,0.3027315947013434,False,2025,612,Urban Areas
9,-0.0020913656926536787,0.011775063889269854,0.7811769176649671,-0.002796592572035744,0.2521736224410781,False,2025,621,Agricultural Land
9,-0.0058369080723461395,0.1019292083646608,0.40265940263255473,-0.0035137038948029886,0.6611838239924914,True,2025,621,Forest
9,-0.004873530186354442,0.053505668088517755,0.5493952008091181,-0.0052386537118941,0.06969796929135884,False,2025,621,Grassland
9,-0.0027662765319067116,0.032626057380325424,0.6665874798513508,-0.004396881199107014,0.3708548385458926,False,2018,621,Unclassified
9,-0.0024864525087909192,0.024309113814289796,0.6892568009683722,-0.0023991694790466904,0.0363805185529914,False,2025,621,Urban Areas
9,-0.005381892656386688,0.050070620911227604,0.5628438010922603,-0.005750463282303612,0.0640940751767179,False,2024,639,Agricultural Land
9,-0.009106355503721037,0.10545320560795024,0.3940541140927313,-0.008852934519950886,0.028625647597307322,False,2017,639,Forest
9,-0.009148413007953556,0.10560876530569518,0.3938031140058146,-0.004354719577280435,1.1008041610033656,True,2017,639,Grassland
9,-0.0054594793523888695,0.08505676869342749,0.5042977192483,-0.006873999181083406,0.20577829461882402,False,2024,639,Unclassified
9,-0.004772431588837107,0.05470387565715784,0.5455522462168758,-0.0039033544622333605,0.22264878452942033,False,2024,639,Urban Areas
9,-0.0066270803982477955,0.09124450353453739,0.4296124431935999,-0.003145987855140725,1.1065181124010905,True,2024,647,Agricultural Land
9,-0.011048372240331228,0.19655943786404784,0.23224463194311595,-0.006729432537691045,0.6417984991230875,True,2024,647,Forest
9,-0.012589310706806935,0.16597499189005493,0.27659608996236806,-0.009893581343483348,0.27247255263122655,False,2024,647,Grassland
9,-0.005604302534372088,0.1774577099990471,0.3087606026947963,-0.00560804825382455,0.0006679185490081756,False,2024,647,Unclassified
9,-0.005320243983319967,0.11787899467081153,0.366281818982526,-0.0033821288709930224,0.5730459087320043,True,2025,647,Urban Areas
9,-0.0016877677066864307,0.010399621670239556,0.794204419352803,-0.0037622012521970876,0.5513882449268787,True,2018,655,Agricultural Land
9,-0.006486969006022929,0.09515284925688028,0.41946864802945316,-0.008826449423704752,0.26505339864054484,False,2017,655,Forest
9,-0.0028357110124128497,0.023222743174008298,0.6957230308150547,-0.0032933711613685698,0.13896403609896738,False,2017,655,Grassland
9,-0.008464533846175532,0.19965121162725263,0.19143167877431588,-0.007265876190652859,0.16497083408394417,False,2017,655,Unclassified
9,-0.001988935294901004,0.02369566574806503,0.6932909617206837,-0.0008592654237998147,1.3146925732279569,True,2017,655,Urban Areas
9,-0.015642273198084197,0.2156910180725966,0.20802518344249488,-0.005286910513768631,1.9586793945816243,True,2024,663,Agricultural Land
9,-0.017410769633546958,0.1946540014250957,0.23457519910856706,-0.019392557072880734,0.10219319875588666,False,2024,663,Forest
9,-0.013579840528340416,0.17191082852681572,0.26729656486034625,-0.010150016325338185,0.3379131710793533,False,2024,663,Grassland
9,-0.008297023024618058,0.05617586692716903,0.5522949983823621,-0.014409161368798181,0.4241841830861469,False,2024,663,Unclassified
9,-0.015076400725787939,0.27447129278020066,0.14794038853125738,-0.015795504801964892,0.04552586860582639,False,2024,663,Urban Areas
9,-0.015174273224134291,0.22834576862634826,0.1936198452989666,-0.013244408217200129,0.14571168264263426,False,2024,671,Agricultural Land
9,-0.018218713575400145,0.2872334574576594,0.13717433981753643,-0.013632453075637319,0.3364222472886391,False,2024,671,Forest
9,-0.01685447348564683,0.2610003089661763,0.160055738115282,-0.016448222259072637,0.0246987923786177,False,2024,671,Grassland
9,-0.00971635274900989,0.2350905103859655,0.23659196446720543,-0.015235040759831946,0.36223651106811555,False,2024,671,Unclassified
9,-0.011485920685939182,0.23962066971138118,0.18175984217704177,-0.01360374483000584,0.1556794963836254,False,2024,671,Urban Areas
9,-0.012082886170018665,0.17057007456312367,0.2693664848379259,-0.014723557149478941,0.1793500682376696,False,2025,680,Agricultural Land
9,-0.01782590744237663,0.30587516795017056,0.12261367635423624,-0.024752468501171028,0.2798331430445697,False,2024,680,Forest
9,-0.01695853996123809,0.26689194951367445,0.15458804752380448,-0.014722227149213089,0.15190044205672604,False,2024,680,Grassland
9,-0.017826125538910602,0.4966816271131034,0.05220372023251477,-0.025225253166503418,0.29332223461757395,False,2024,680,Unclassified
9,-0.011447450090398544,0.22625158965483905,0.19652487569488086,-0.013344634895437735,0.14216835604005928,False,2025,680,Urban Areas
9,-0.011664334765720813,0.18819608899165052,0.24353499500869114,-0.012616852741471542,0.07549568781284145,False,2025,698,Agricultural Land
9,-0.01724207272984127,0.3905886786617886,0.07207238570759708,-0.02314828939708834,0.25514700312974187,False,2024,698,Forest
9,-0.014323901212491986,0.27571371490051855,0.1467760665289807,-0.01750794083844218,0.18186259911039906,False,2024,698,Grassland
9,-0.01596242164999655,0.6033546131662982,0.021285242803586134,-0.018725930865611508,0.14757660035421225,False,2024,698,Unclassified
9,-0.010125037653616444,0.21552657308547474,0.20943482301070804,-0.011389510333131195,0.11102081147742575,False,2025,698,Urban Areas
9,-0.0026747467762287514,0.01118824093931714,0.786719089157149,-0.003848141168720641,0.3049249861283021,False,2018,701,Agricultural Land
9,-0.010141554036044912,0.14805791619645603,0.30669536445933976,-0.005371772425768112,0.8879344157240181,True,2024,701,Forest
9,-0.004091484512960002,0.026249273296244935,0.677183396622376,-0.0031211535536400845,0.31088856816681026,False,2024,701,Grassland
9,-0.007966024923157303,0.14357270163091151,0.35414177235766564,-0.0069540849501501896,0.1455173441597457,False,2024,701,Unclassified
9,-0.003412584850789342,0.026291891196221995,0.6772913150163233,-0.004574226041830854,0.2539536044826853,False,2018,701,Urban Areas
9,-0.003282254091206978,0.020724831715043246,0.7118256830622822,-0.004544512117981375,0.2777543538238114,False,2025,710,Agricultural Land
9,-0.008547804539050336,0.1795712551076537,0.25589887162925273,-0.005075031595646669,0.6842859749646861,True,2025,710,Forest
9,-0.0029195317949476125,0.016958985212048416,0.7385882228019118,-0.00189174888139641,0.5432977514396816,True,2025,710,Grassland
9,-0.008695450386847206,0.19898397913304466,0.228230959949136,-0.00890077902277309,0.023068614039348765,False,2017,710,Unclassified
9,-0.00440817675645743,0.067212052974707,0.5008992802496439,-0.00451466675919125,0.023587566572221698,False,2025,710,Urban Areas
9,0.00013952182739063255,2.95054670110817e-05,0.9887778514238447,0.001600213441983537,0.9128104890697024,True,2025,728,Agricultural Land
9,-0.004740953571220543,0.04031660225399414,0.6045484631520411,-0.0003278751526441345,13.459630542257731,True,2017,728,Forest
9,0.0004816880925915,0.0003431651161447391,0.9622105358945844,0.0020291580224447527,0.7626167665290272,True,2025,728,Grassland
9,-0.01039519117305358,0.18465316244941443,0.2539998986202038,-0.006014837612464694,0.7282579917887347,True,2017,728,Unclassified
9,-0.0012897877969980135,0.0056733759355902524,0.8475013281944829,-0.002194269693993024,0.41220179063270884,False,2017,728,Urban Areas
9,-0.0057171441329133274,0.045096363278400164,0.5835904976973325,-0.005217193327908656,0.09582754051498407,False,2017,736,Agricultural Land
9,-0.0118131511969829,0.16370475295097953,0.2802469657865295,-0.00865256800738276,0.3652768966280747,False,2017,736,Forest
9,-0.005435196911669908,0.037800925938407226,0.6163708309761768,-0.006014719035283398,0.09635065581848652,False,2017,736,Grassland
9,-0.014939084389676593,0.2875966233874814,0.15017079542716785,-0.009367064905805316,0.5948522338537413,True,2024,736,Unclassified
9,-0.006612897157876995,0.08510924195130631,0.4467581307180335,-0.005829998809621125,0.13428790876661403,False,2018,736,Urban Areas
9,-0.007589292429197568,0.06794099580953994,0.4984646664410288,-0.004158107765384875,0.8251793501785548,True,2018,744,Agricultural Land
9,-0.012416244921898068,0.1721611022784908,0.2670019082874714,-0.004617004496455953,1.6892425449073898,True,2024,744,Forest
9,-0.00759200009431184,0.05812574631247047,0.5321514493645678,-0.0017583880692681364,3.31759076793084,True,2024,744,Grassland
9,-0.012497025067118535,0.23199598603403127,0.2236030389092386,-0.011420241635720058,0.09428727217386806,False,2017,744,Unclassified
9,-0.007503919727562104,0.10008597344416814,0.40725944296592675,-0.007513011762710825,0.001210171824014375,False,2025,744,Urban Areas
9,-0.0006044119015395057,0.000821984140137566,0.9418597547711622,-0.0007285361809971892,0.17037490065049002,False,2024,752,Agricultural Land
9,-0.004819698576171097,0.04043510034191622,0.6043381736180565,-0.004266920069306568,0.12954976842450272,False,2024,752,Forest
9,-0.0023378174536809026,0.011190488695870138,0.7867807786627636,6.488617685535924e-05,37.02951455889039,True,2024,752,Grassland
9,0.0006118551432921177,-0.001589617869859783,0.8880480259228675,0.0007043746042236603,0.13134979650993334,False,2024,752,Unclassified
9,-0.0034918106287531825,0.0575152726214736,0.5347797598324681,-0.004150264783470703,0.15865352912902134,False,2017,752,Urban Areas
9,-0.007772818185884091,0.09866465486638576,0.4105007885165578,-0.007097732389196551,0.09511288390008724,False,2024,761,Agricultural Land
9,-0.008479819974459847,0.0960741181060083,0.41732060627689915,-0.0009392120925560965,8.028652890724329,True,2024,761,Forest
9,-0.003670022659760121,0.025996043838367067,0.6786928188650064,0.002684264572724869,2.367235814625599,True,2024,761,Grassland
9,-0.006282889615637834,0.20779177648538982,0.2958246876714148,-0.004682220453139008,0.34186112732597224,False,2024,761,Unclassified
9,-0.00482737274107163,0.07048602998819742,0.49066183811449116,-0.0039030398822297793,0.23682383135521176,False,2024,761,Urban Areas
9,-0.006051941853683988,0.07005804480592603,0.4915093963411027,-0.006466282479463598,0.06407709949194497,False,2018,779,Agricultural Land
9,-0.009683265328461338,0.10485279803083902,0.3956306992953368,-0.009017008204763644,0.07388893395325002,False,2024,779,Forest
9,-0.006187225173856491,0.06602649259784021,0.504832420642074,-0.0051463019302082635,0.2022662598822885,False,2024,779,Grassland
9,-0.007556688388011755,0.20176781093438134,0.31098118644859274,-0.006209554434528768,0.21694534892747405,False,2024,779,Unclassified
9,-0.00783734213129747,0.21017079095451108,0.21484187104007324,-0.008962190125000399,0.1255103917696545,False,2024,779,Urban Areas
9,-0.003001755169061901,0.01661656433555303,0.7412466790786254,0.003296241588025939,1.910659940693121,True,2024,787,Agricultural Land
9,-0.007868331018386396,0.05178532759692045,0.5560818528007094,-0.006058939590994891,0.29863169952721025,False,2024,787,Forest
9,-0.0023688158730905745,0.00834223646998744,0.8153518209875578,0.005192995070462848,1.456156002643662,True,2024,787,Grassland
9,-0.0057123277151682715,0.05605161896110433,0.6098633303647516,-0.004198561246207958,0.3605440959870509,False,2024,787,Unclassified
9,-0.002604759408957038,0.01475176079113183,0.7557959771781734,-1.933097786097071e-05,133.7453516159704,True,2024,787,Urban Areas
9,-0.007466504053808046,0.12993497546225208,0.34063592343416293,-0.007198173353827488,0.03727761013672711,False,2018,795,Agricultural Land
9,-0.008936167848857821,0.1866882959419648,0.2455824954758662,-0.0050080716310030625,0.7843530419048745,True,2024,795,Forest
9,-0.007913899387617706,0.1456865900986375,0.3107821189829766,-0.0075984599827007854,0.04151359691767447,False,2018,795,Grassland
9,-0.007645527615952895,0.20257225220209396,0.2320529498153332,-0.005616365195208547,0.3612946007277934,False,2024,795,Unclassified
9,-0.00744681478572537,0.17975831694252475,0.2554783398997301,-0.007156437539851695,0.040575669703908565,False,2018,795,Urban Areas
9,-0.009055230377030524,0.18923368846577437,0.24194808855225636,-0.010391279968536508,0.12857411171206765,False,2018,809,Agricultural Land
9,-0.011641015498788524,0.2052283973091109,0.22088170234498006,-0.008463748607730602,0.375397124644732,False,2024,809,Forest
9,-0.009573115393767623,0.19014947939279958,0.24071095926010722,-0.00949726022993943,0.00798705752939822,False,2018,809,Grassland
9,-0.008884228977920577,0.1915222365979269,0.2666292827949419,-0.006642836659481087,0.33741493782485676,False,2024,809,Unclassified
9,-0.010067026801188764,0.2740306483560081,0.1481186953062095,-0.010964642096897237,0.08186453217314578,False,2018,809,Urban Areas
9,-0.004797240067452425,0.05687334866906135,0.5367103351597993,-0.001609755104031052,1.9801055175656623,True,2018,817,Agricultural Land
9,-0.009013962223579195,0.2008271481039453,0.22651622934444504,-0.0014663185581667202,5.14734238571528,True,2024,817,Forest
9,-0.005101411823574476,0.06769345980554531,0.49913278719967635,-0.001196990109356289,3.261866312594585,True,2018,817,Grassland
9,-0.006250186696066973,0.1810667686274916,0.27973641999145793,-0.005358588617059501,0.16638673776318585,False,2018,817,Unclassified
9,-0.005769337019182182,0.20037571787950992,0.22707556186864564,-0.005783437827218133,0.0024381360113511614,False,2018,817,Urban Areas
9,-0.0008365766215985359,0.0021281276475668687,0.9062218046408399,-0.0019102369474574125,0.5620560984792767,True,2018,825,Agricultural Land
9,-0.0009729075162825989,0.003294256425599884,0.8835974695781952,0.00020038519995883297,5.855186493226409,True,2017,825,Forest
9,0.0031947226310063757,0.023154921053737065,0.6958571500399531,0.0031449222142118684,0.01583518236777362,False,2025,825,Grassland
9,-0.0012893690226454273,0.01626078529634123,0.7623847414192773,0.00019751014676829687,7.528115358842865,True,2017,825,Unclassified
9,0.0003203941826455049,0.0005924957427340116,0.9502673250227803,0.0016681277962876592,0.807931872271101,True,2017,825,Urban Areas
9,0.0024663890329126204,0.01849100299345019,0.7271859440785589,0.001415469599007521,0.7424528471978262,True,2018,833,Agricultural Land
9,0.003013736366623364,0.02471031942325197,0.6861340681657788,0.001092855192825907,1.7576721842080825,True,2017,833,Forest
9,0.005692747008083646,0.08946686251730995,0.43425865208877834,0.00629040822899604,0.09501151581187305,False,2017,833,Grassland
9,-0.0009001290459421819,0.013143557016129459,0.7909865930112175,-0.0011834290028440275,0.2393890602824644,False,2024,833,Unclassified
9,0.002686025567277631,0.03694534961647511,0.6201264879789432,0.003181869175107853,0.1558340649921331,False,2017,833,Urban Areas
9,0.001160741077524161,0.0037481247861668177,0.8756488291699067,0.002880862944297181,0.5970856302546746,True,2018,841,Agricultural Land
9,0.0030329913980562096,0.027089228028872814,0.6720344570635599,0.004444270195914091,0.3175501793647385,False,2017,841,Forest
9,0.0054900906751902175,0.054421830883987665,0.5457394551289544,0.007248629103483901,0.2426028981740118,False,2018,841,Grassland
9,0.002228769805394313,0.03915348960603171,0.6337252746821868,0.004008434906972466,0.4439800428048656,False,2017,841,Unclassified
9,0.0013666238331972013,0.007685504751103633,0.8224097958191199,0.003250438566113989,0.5795570950196277,True,2018,841,Urban Areas
9,0.004927053476059838,0.05039129353469474,0.5614359595553249,0.0063356325566880116,0.22232651089294173,False,2017,850,Agricultural Land
9,0.006577532041331868,0.08768378854713732,0.43899508638097073,0.007260183368456731,0.09402673355204409,False,2017,850,Forest
9,0.010479625675489245,0.1294693642815874,0.3414939628756489,0.011399536227720268,0.08069719099572444,False,2017,850,Grassland
9,0.005237249242730543,0.05496136690450848,0.5550706712162514,0.007403147795139304,0.292564543129995,False,2017,850,Unclassified
9,0.006806966742292647,0.11956248617912613,0.3618956641200344,0.008369488768106979,0.18669264863207946,False,2017,850,Urban Areas
9,-0.006128772296302693,0.05651805295040391,0.5379663395816858,-0.005498925265773429,0.11454002374783588,False,2018,868,Agricultural Land
9,-0.007517945831903572,0.09573208526117105,0.41806178421936335,-0.005134521667128777,0.46419595033233246,False,2017,868,Forest
9,-0.008775941267672024,0.13922803613430046,0.32277968583936356,-0.005293048370592028,0.6580126711916736,True,2024,868,Grassland
9,-0.005186842195547401,0.06551652451212508,0.5697583063959315,-0.00436382356336249,0.18860034559938635,False,2017,868,Unclassified
9,-0.0047658982363424736,0.043169231361200655,0.5921081394455588,-0.004005369482460223,0.18987730275887316,False,2018,868,Urban Areas
9,0.0001869622333106439,7.659188127007166e-05,0.9821444731916577,0.0003519826069910692,0.4688310456334916,False,2024,876,Agricultural Land
9,-0.001260020109755397,0.0036281551197407946,0.8779080560049667,0.0010118311624962156,2.2452869178755996,True,2017,876,Forest
9,0.0014236286033398856,0.0035279463514729104,0.8792333414178505,0.0011655654499567354,0.22140597372093448,False,2024,876,Grassland
9,0.0008002339060098144,0.0008985278191800949,0.9104895546823719,0.0023982482965090915,0.6663256647884871,True,2017,876,Unclassified
9,-2.270856983376552e-05,2.6397968541092e-06,0.9969884274133252,0.0008001606999003884,1.0283800114609385,True,2017,876,Urban Areas
9,-0.0011714699052056197,0.002887778312221423,0.8916825081074666,-0.0007548122791548225,0.5520016533347027,True,2017,884,Agricultural Land
9,-0.00018182205320364195,5.4197388604904084e-05,0.9856340088763422,-0.01097195506793886,0.9834284726762194,True,2017,884,Forest
9,0.0014029655537303688,0.0042566670895262115,0.8671079663995406,0.004262524050187795,0.6708603782145093,True,2017,884,Grassland
9,-0.0024956000763000845,0.025149215176921924,0.7598927923702457,-0.008942205630170794,0.7209189567415014,True,2017,884,Unclassified
9,-0.005769215152901088,0.0915045425301736,0.42931120901249464,-0.012998089927665057,0.5561490045839793,True,2017,884,Urban Areas
9,0.001098084817239523,0.001517394059956545,0.9205142571099519,0.0025808866586414245,0.5745319487150383,True,2017,892,Agricultural Land
9,-0.0028630015534842463,0.01147128042987311,0.7845208208260104,0.0015352169143785684,2.8648840607928974,True,2017,892,Forest
9,0.001663505911620803,0.002869018340594054,0.8910902722052408,0.0013952313439174963,0.19227963081022242,False,2017,892,Grassland
9,-0.0023778793957006977,0.023394531388722828,0.737258103526153,-0.0031131381556756543,0.23617929022343084,False,2017,892,Unclassified
9,-0.0031270905147528206,0.03024498276121035,0.6549516174839086,-0.0025576662970064703,0.22263428908329935,False,2017,892,Urban Areas
9,-0.0005952509623095922,0.0008251611109015844,0.9422829084474263,-0.0013203387964612733,0.5491680136151695,True,2024,906,Agricultural Land
9,-0.0026704140841541176,0.01565437895695465,0.7487683569359944,-0.002812317529696217,0.05045783203485832,False,2017,906,Forest
9,0.0004794925715165959,0.0003432883973484291,0.9622657758376074,0.0022003235095881353,0.7820808760951933,True,2024,906,Grassland
9,-0.00424249440918717,0.07215104703561781,0.4995044100550393,-0.001762887550216162,1.4065598561104835,True,2017,906,Unclassified
9,-0.0006529290138472999,0.0023425609021237026,0.9022535503997839,-0.0023233119880954833,0.7189662786604336,True,2017,906,Urban Areas
9,-0.000983022523541102,0.0023988237849942307,0.9007435772461038,-0.0037353008344481187,0.7368290889784942,True,2017,914,Agricultural Land
9,-0.00104162474969748,0.0012788416940298086,0.9277659666078791,-0.013126113925108679,0.9206448492188556,True,2017,914,Forest
9,0.0034219194978584817,0.017820905770488338,0.7318188850377161,0.0076648663104095655,0.5535578365911988,True,2017,914,Grassland
9,0.0017391509717467881,-0.004965043609732378,0.8217111506375876,-0.005808120465534805,1.2994343836473181,True,2017,914,Unclassified
9,-0.0032638665489245996,0.03235757857040422,0.643678135625785,-0.00802477016511463,0.5932760089362664,True,2017,914,Urban Areas
9,0.0032311179609412505,0.0318871928567408,0.6452439363186353,0.004472098862943797,0.27749406711140107,False,2017,922,Agricultural Land
9,0.003330594166014784,0.0270721066026387,0.672072956580528,-0.006193240393041718,1.5377789258361103,True,2017,922,Forest
9,0.0031919229114516752,0.025102085119888873,0.6838144077366284,0.0018691027951956186,0.7077299973314798,True,2017,922,Grassland
9,-0.00036075690488453845,0.0004490979740582324,0.933423911246908,-0.004630196193515207,0.9220860434834718,True,2017,922,Unclassified
9,0.0012784942982725794,0.011856911678566062,0.7800965185046244,-0.003536877033144312,1.3614754729360743,True,2017,922,Urban Areas
9,-0.0008549796466024124,0.0019713595803075856,0.9098239599097667,-0.002654220975348072,0.6778792517490783,True,2018,931,Agricultural Land
9,-0.009307967008623167,0.2708872614354293,0.1510389480549454,-0.010743430846426377,0.13361316867234208,False,2018,931,Forest
9,-0.005187704985214219,0.10227857303051391,0.401896678442745,-0.007783920686177712,0.3335357341928882,False,2018,931,Grassland
9,-0.010881066700723795,0.2774524476207667,0.10368210532621902,-0.010315926688368332,0.05478325209432548,False,2018,931,Unclassified
9,-0.0023331736270440274,0.01979764512496429,0.7185592569260901,-0.0034645010538330414,0.32654844354494866,False,2018,931,Urban Areas
9,0.0027239588134555875,0.024460456778393924,0.6876218281894508,-0.0017915360558344244,2.5204599452992187,True,2018,949,Agricultural Land
9,-0.004228449831867269,0.08506803459698487,0.44727513122606244,-0.004375423324327987,0.03359069090378616,False,2018,949,Forest
9,0.0005363936790769766,0.0010168673052344257,0.934098356083311,-0.0013000959669292045,1.4125800654115754,True,2018,949,Grassland
9,-0.003152139277377048,0.030004684755273958,0.5974841939275205,-0.002184984978822713,0.442636589234332,False,2018,949,Unclassified
9,0.001625115400317247,0.013308333984904941,0.7667478338682432,-0.0018636703341284929,1.871997246807708,True,2018,949,Urban Areas
9,-0.0006489384035288912,0.0013850397893951927,0.9245290621257534,-0.0027522175568937433,0.7642125340333532,True,2018,957,Agricultural Land
9,-0.008287923914502152,0.20919311285476416,0.21615026668691584,-0.006358551200086734,0.30342961056743556,False,2024,957,Forest
9,-0.003943195305047671,0.0422089085700027,0.5967184470824347,-0.0017311647980792876,1.2777700363492903,True,2018,957,Grassland
9,-0.011801000547241761,0.24901925353881582,0.11545081120940756,-0.006028035867749512,0.9576858542561243,True,2018,957,Unclassified
9,-0.0013591061556740259,0.007708639242470894,0.8230330989863586,-0.0024907441180836653,0.45433730193059807,False,2018,957,Urban Areas
9,0.0035516266459984114,0.0948341836485177,0.4201191673420741,0.0010284698421871093,2.453311414990684,True,2018,965,Agricultural Land
9,-0.000282945630872104,0.0011857509774729769,0.9306840547633372,-0.0011279818500141516,0.7491576386015837,True,2018,965,Forest
9,0.0017821819350087092,0.02999278941097805,0.6558370794929713,0.0032026242407835054,0.44352449709407443,False,2018,965,Grassland
9,-0.005216372577610754,-0.04575777666747771,0.3157495674715709,-0.0012965157864616647,3.0233776033277717,True,2024,965,Unclassified
9,0.0018710996490680551,0.039519006011975444,0.6086722392204195,0.0001883895541333197,8.932077485272425,True,2018,965,Urban Areas
9,0.004222648051260425,0.08024099598870116,0.46010881432909734,0.0015952718746703447,1.6469770565804118,True,2018,973,Agricultural Land
9,0.00038144446644448665,0.0014856674010441662,0.9211129088419203,0.001128329883334863,0.6619388779129919,True,2018,973,Forest
9,0.001965922918317924,0.012543266745966952,0.7741949107401271,8.194577575486306e-05,22.990533986753512,True,2018,973,Grassland
9,-0.005919452272087264,-0.049646681540861826,0.4256727494502457,-0.006309179535640494,0.061771465109157916,False,2024,973,Unclassified
9,0.00553148806934772,0.15116237389856135,0.3011439310605065,0.004134540214864757,0.33787260055194734,False,2018,973,Urban Areas
9,0.002748082553628479,0.02436070324737538,0.6884421646255053,0.0008004028387798984,2.433374321632273,True,2018,981,Agricultural Land
9,-0.0021229562624865412,0.026314391155787598,0.6770948614655481,-0.0015564164808198112,0.3640026873580242,False,2018,981,Forest
9,0.001788683891358837,0.012239258020064314,0.7768636880703521,0.0005901114471418348,2.0310950584371943,True,2018,981,Grassland
9,-0.0020357774299405865,-0.0035042328804792966,0.7077256963786985,-0.0028001692215522066,0.27298057050562746,False,2018,981,Unclassified
9,0.002756134186445831,0.02949400572948946,0.6589000351102563,8.71354171329386e-05,30.630469872439132,True,2018,981,Urban Areas
9,0.00200975027191519,0.01858784637652311,0.7263676374227839,0.00010188804089732994,18.72508504644196,True,2018,990,Agricultural Land
9,-0.003965251047845801,0.08534813132003949,0.44616443909898507,-0.005307628736924086,0.25291476770777854,False,2024,990,Forest
9,-0.0007045377576586045,0.0021940598441234638,0.9051784894234964,-0.0012032500744983549,0.4144710458860082,False,2018,990,Grassland
9,-0.007886986462895037,0.18606876629393976,0.1597029551786866,-0.004180096063342326,0.8867955050269232,True,2025,990,Unclassified
9,0.0012315919928321932,0.011382448813683443,0.7842362050607005,-0.0016922997743176072,1.7277623099186508,True,2018,990,Urban Areas
9,-0.0008058869032314322,0.0038367940436944137,0.8742351263251361,-0.003946023793749927,0.795772416651955,True,2018,1007,Agricultural Land
9,-0.0044137239640772265,0.15294817464092592,0.29833526619418715,-0.004514797830334085,0.022387240814585856,False,2024,1007,Forest
9,-0.0014159750598638037,0.008974165380774668,0.8086218785637309,-0.001831055562165157,0.2266891900377592,False,2018,1007,Grassland
9,-0.00707955611966394,0.18667022085949203,0.15501622645830568,-0.006816695704998238,0.03856126575709749,False,2018,1007,Unclassified
9,-0.00013126080976680357,0.00021306022886091736,0.9703444800350103,-0.000943675931475707,0.8609047816218649,True,2018,1007,Urban Areas
9,0.00032552752810903344,0.00046369844005755834,0.9561079339674077,-0.0027719773363993963,1.1174351333376595,True,2018,1015,Agricultural Land
9,-0.0031885414952300705,0.0765597740797127,0.4715309926477155,-0.0022470518465137175,0.41898884094600064,False,2018,1015,Forest
9,9.584111724560205e-05,4.1598452883984116e-05,0.9867552912033688,-0.002016978792979761,1.047517166555833,True,2018,1015,Grassland
9,-0.00536765534343679,0.03760491064961147,0.31936615052712714,-0.006050226833760282,0.11281750405038386,False,2024,1015,Unclassified
9,0.0011030646455906813,0.007431860161054682,0.8254529287418888,0.0007218653739478054,0.5280752968633715,True,2018,1015,Urban Areas
9,0.0019682750513012374,0.010395647347544834,0.7939981622702404,-0.0013751372562775652,2.431329885301246,True,2018,1023,Agricultural Land
9,-0.00324871791996729,0.060993676438990674,0.5221040083878483,-0.0035770415883168054,0.09178637157081798,False,2025,1023,Forest
9,-0.0010723400448352106,0.003915317544072927,0.8730836538098162,-0.005067048603575948,0.7883698916804484,True,2018,1023,Grassland
9,-0.003452929530677124,0.06822712118379703,0.4880628720932503,-0.005743507381377567,0.39881168397681294,False,2018,1023,Unclassified
9,0.0006520644008570078,0.0017701000210904594,0.914049351469192,0.0003411270728552581,0.9115000032075493,True,2018,1023,Urban Areas
9,0.0057165813753491685,0.07772598034047995,0.4675388887930525,0.0072249215175206275,0.20876906946514145,False,2019,1031,Agricultural Land
9,0.0020862068620590177,0.015831720327099563,0.7468204225193835,0.0010278674423911816,1.0296458239846238,True,2017,1031,Forest
9,0.005236895664472538,0.07815120899794681,0.4662564589904433,0.008821674228052134,0.4063603428224907,False,2019,1031,Grassland
9,0.0029817426845009883,0.02915178454160483,0.6200446208122833,0.0036951499684856376,0.19306585390823014,False,2017,1031,Unclassified
9,0.005924301211805224,0.11727847178487949,0.3669922567036086,0.008691474991176586,0.318377925746843,False,2019,1031,Urban Areas
9,0.00957697495788772,0.2854560052725176,0.13839314819817286,0.010645149012164568,0.10034373901729403,False,2018,1040,Agricultural Land
9,0.008409991448388943,0.31338683973291603,0.11694814254831376,0.009030983224296366,0.0687623662323663,False,2017,1040,Forest
9,0.008414642022009887,0.2590638139758106,0.16177602976233652,0.010065076935126371,0.16397638326604233,False,2017,1040,Grassland
9,0.00276613891662907,0.04978287253730418,0.6596170844466184,0.004491552014397529,0.3841463022664998,False,2024,1040,Unclassified
9,0.007383913390879183,0.23495061887729674,0.18606917464896244,0.006029219128014435,0.22468817836960608,False,2018,1040,Urban Areas
9,0.004772291813054429,0.062452913864061266,0.516632676030978,0.0008565012199534192,4.5718447351586615,True,2018,1058,Agricultural Land
9,-0.0013312199698262907,0.00711871132017583,0.8295531043972394,-0.002853479532935174,0.5334748490531634,True,2017,1058,Forest
9,0.0019292314941282884,0.009798403270161904,0.7999795459680901,-0.001179788114489699,2.6352355736036133,True,2018,1058,Grassland
9,-0.02300523710083348,-0.42080065329411287,0.11271189932211687,-0.006966724344034114,2.302159804920915,True,2024,1058,Unclassified
9,0.002299724601767352,0.020166784421685402,0.7152128276500911,0.0003715604546800311,5.189368574617979,True,2017,1058,Urban Areas
9,0.004000480501762705,0.06165317376817736,0.5194219965309866,0.004405497466852587,0.09193444511936992,False,2018,1066,Agricultural Land
9,-0.0011686559108999176,0.00985379922010754,0.799637357496202,-0.0010841351925108046,0.07796141936262313,False,2024,1066,Forest
9,0.003820413263621493,0.06682656552667843,0.5017925110462573,0.00334655881305735,0.14159453846001258,False,2018,1066,Grassland
9,-0.021159413191291717,-0.1681232107422621,0.08017819755666031,-0.0038406936267017986,4.5092687019303845,True,2024,1066,Unclassified
9,0.0009924993795057755,0.008514605794239571,0.8133095552612101,0.0011028381300460881,0.10004981468649574,False,2018,1066,Urban Areas
9,0.005022400305761206,0.07963640952399687,0.46198826367158974,0.0012121935091339044,3.1432331289660524,True,2018,1074,Agricultural Land
9,-0.00026845331701764655,0.0005693968022251195,0.9515839070572484,-0.0005657393264826029,0.5254823123456633,True,2019,1074,Forest
9,0.006111986077703722,0.13186110382377048,0.3368397324370611,0.010809999237063647,0.43459884282434613,False,2018,1074,Grassland
9,-0.0043830727309835,-0.09218445962636945,0.5622983374875776,0.0004190866614765069,11.458630956044413,True,2024,1074,Unclassified
9,0.006541173160954252,0.1819505564543561,0.25263234736117013,0.007492227803857852,0.1269388315200306,False,2025,1074,Urban Areas
9,0.004907870871345433,0.10048075132929135,0.40594254693072507,0.004785609784982561,0.02554765053066638,False,2018,1082,Agricultural Land
9,0.0018946948253206815,0.027583385604823762,0.6690510667593617,0.0022997575800276226,0.17613280557252295,False,2018,1082,Forest
9,0.0059709147067415255,0.11505985350982473,0.3718866353615248,0.005676729138499717,0.051823076469623086,False,2017,1082,Grassland
9,-0.00543438193846603,-0.10239913029058378,0.4188059203854615,-0.0006663631619367102,7.155285659356686,True,2024,1082,Unclassified
9,0.002779701473578851,0.05166563504616151,0.5570369727423226,0.002696427190323504,0.030883193714329897,False,2018,1082,Urban Areas
9,-0.0009495738159397282,0.0034820182999343308,0.8802068307956682,-0.0029505403166702913,0.6781695167577544,True,2018,1091,Agricultural Land
9,-0.005359101513637007,0.09689991962679967,0.41542421749872027,-0.0036723135012355413,0.4593257116621306,False,2018,1091,Forest
9,-0.0019347902920331236,0.012866222398551064,0.7722897997645253,-0.0022015877321884,0.12118410556824684,False,2018,1091,Grassland
9,-0.006017847578037157,0.1581359081247966,0.23135276435329744,-0.006436724572563175,0.06507610972069554,False,2018,1091,Unclassified
9,-0.0006292259742276642,0.002112075037260519,0.9068856841882409,-0.003363110827292526,0.8129035864291683,True,2018,1091,Urban Areas
9,0.0012456321527571502,0.004280308166503821,0.8672212340324721,-0.004131945555275407,1.3014638349159287,True,2018,1104,Agricultural Land
9,-0.004351045914616226,0.067999424560924,0.49825086815148134,-0.003613140775906429,0.20422817279370437,False,2024,1104,Forest
9,-0.002948275750348186,0.031135640843889645,0.6499012092799589,-0.0023700012661406382,0.2439975423090059,False,2024,1104,Grassland
9,-0.007876794658351245,0.06107584576124192,0.30222491606073465,-0.006329808113332669,0.24439706817653925,False,2024,1104,Unclassified
9,0.0010905542293506904,0.004257184063843122,0.8678580981852191,-0.0037759721302118394,1.2888141627490002,True,2018,1104,Urban Areas
9,-0.002280961223243691,0.037928193771710306,0.615520817201007,-0.0017219722632639892,0.3246213495449348,False,2018,1112,Agricultural Land
9,-0.0031220330491560882,0.0991937975637619,0.4093378056650545,-0.0019408145418165054,0.6086199798534183,True,2019,1112,Forest
9,-0.0005540398068153249,0.002830418847873939,0.8917974680249093,0.00026968971310317724,3.0543601772580837,True,2018,1112,Grassland
9,-0.004852855561111013,0.17255813696295852,0.22459661602223013,-0.0038568519109858737,0.2582426479191795,False,2025,1112,Unclassified
9,-0.0024861231878164363,0.063049903907066,0.5142221127102888,-0.0011272856538124057,1.2054065705604713,True,2025,1112,Urban Areas
9,0.0013402666199916525,0.008327851701164124,0.8153820857287732,0.0015431943516900151,0.1314984930291691,False,2018,1121,Agricultural Land
9,-0.00400796624873069,0.058139604848643556,0.532185924469271,-0.004774700039624358,0.16058260928030782,False,2024,1121,Forest
9,-0.00030431552812240056,0.0005289915049232485,0.9533255059445538,0.0010891468644398273,1.2794072480564105,True,2024,1121,Grassland
9,-0.0034558033162769993,0.08310060380660655,0.4874353301081311,-0.0034660893565994664,0.0029676212192517233,False,2024,1121,Unclassified
9,-0.0003571775482352153,0.0007999779498171211,0.9422827977169935,0.0008628331267315145,1.4139590115046166,True,2018,1121,Urban Areas
9,-0.004312074062470107,0.040415654560990055,0.6040779163188223,-0.004790946639117495,0.0999536443878234,False,2018,1139,Agricultural Land
9,-0.009364565654883623,0.1157140721229154,0.37052278440462394,-0.005023381995122873,0.8641954093826709,True,2024,1139,Forest
9,-0.005400388298011852,0.053766971748538395,0.5483510642863195,-0.00544318136354284,0.00786177469992198,False,2024,1139,Grassland
9,-0.007088390347342476,0.08980847179614393,0.479166122146396,-0.008800163159001867,0.19451603120657868,False,2024,1139,Unclassified
9,-0.003405007505796282,0.03339836344243419,0.6381420908342189,-0.0042015417292421055,0.18958141434180314,False,2018,1139,Urban Areas
9,-0.004220815181855366,0.04895605662747504,0.5672874061894766,-0.004910864219818408,0.1405147866190767,False,2018,1147,Agricultural Land
9,-0.008267157964720767,0.21657861438068104,0.20686210121868953,-0.005979186240845898,0.3826560390852086,False,2024,1147,Forest
9,-0.006724947902550445,0.10959115261714947,0.3842177023049286,-0.004649098946659261,0.4465056518925764,False,2018,1147,Grassland
9,-0.006306781981064376,0.16821265568025623,0.2791450459936381,-0.0024241453451339656,1.601651750677451,True,2018,1147,Unclassified
9,-0.00487238171587561,0.09648260015995869,0.41601292207715157,-0.004945182308776984,0.01472151851149426,False,2018,1147,Urban Areas
9,-0.000122650986164858,6.095846821152495e-05,0.9841619622114027,0.0008357329489543058,1.1467585863622136,True,2018,1155,Agricultural Land
9,-0.0037391976711863236,0.10610437239814907,0.3926066215432943,-0.002729846923033265,0.3697462812425834,False,2024,1155,Forest
9,-0.0016884188674370446,0.013403951809048631,0.766970092387772,-0.0018709605600999693,0.09756576197050947,False,2018,1155,Grassland
9,-0.0037932266568841745,0.13100192184057935,0.3118963717189942,-0.0020264155706633813,0.8718898096713685,True,2018,1155,Unclassified
9,-0.0009776621441345346,0.007570055151594701,0.8238734633406896,-0.0025538224043865736,0.6171769256721794,True,2018,1155,Urban Areas
9,0.006118133985126631,0.11269663207173541,0.377114596720346,0.0019758188851518033,2.096505469759477,True,2018,1163,Agricultural Land
9,0.0013610992090527247,0.010270134446317414,0.7951057168309419,-0.001464399788116244,1.929458758529048,True,2018,1163,Forest
9,0.0036058957340707734,0.04363484548049934,0.589548006323543,-0.00202562224955644,2.7801422426419204,True,2018,1163,Grassland
9,-0.0029842304672236296,0.02594886351818093,0.5543791395551266,-0.004503541223057425,0.3373591315330173,False,2018,1163,Unclassified
9,0.0046106821314059205,0.09458721053285535,0.42077014379291,0.00011570179139595388,38.84970393092079,True,2018,1163,Urban Areas
9,0.002177033683975368,0.014451707758083243,0.7579937432245066,-0.0017676803479469844,2.2315765610585725,True,2018,1171,Agricultural Land
9,-0.0017610507812627304,0.007486874205322569,0.8249640856437526,-0.0019159686356588338,0.08085615365140497,False,2018,1171,Forest
9,0.0016365435141640846,0.0058246358583344815,0.8451851770337266,0.0011339426766478478,0.44323302038690476,False,2018,1171,Grassland
9,0.0011249518110140184,0.0049664106029677635,0.8674730270266603,0.0011228702525722806,0.0018537835844964375,False,2018,1171,Unclassified
9,0.0016810973013305361,0.010978483082536128,0.7884758718650411,-0.0008748475646134721,2.921588822246175,True,2018,1171,Urban Areas
9,0.005235841117485545,0.07674327593776809,0.4704028015934091,0.001945826917431437,1.6908051639027835,True,2018,1180,Agricultural Land
9,-0.0004205746984401479,0.0008490240237418734,0.9410202328695236,-0.0032930035430298265,0.8722823425652358,True,2018,1180,Forest
9,0.0031155176538079127,0.0289229373511809,0.661622878262671,-0.0007744377455304984,5.022941381393734,True,2018,1180,Grassland
9,-0.0020372791800356642,0.015763081245063093,0.7225899055801768,-0.005295445699433131,0.6152771087325565,True,2018,1180,Unclassified
9,0.004892386847965465,0.09461629278353201,0.4204021460753816,0.0008908513423886155,4.491810603155899,True,2018,1180,Urban Areas
9,0.0029077552591294143,0.01878806430046187,0.7250658380342757,-0.002873527080858071,2.0119115558365026,True,2018,1198,Agricultural Land
9,-0.003421332109320341,0.027524852036083458,0.6698431796937387,-0.004735877476348027,0.27757165880933443,False,2018,1198,Forest
9,0.0008592032913948767,0.0017229503145068659,0.9154284976890417,-0.0031462409123946184,1.2730888432637326,True,2018,1198,Grassland
9,-0.013000220470092437,-0.08087908594703208,0.18503447425053676,-0.007902521345417348,0.6450724903933642,True,2024,1198,Unclassified
9,0.0016955375672310534,0.00989962830073099,0.7988252922251515,-0.002665923468364733,1.6360038415773013,True,2018,1198,Urban Areas
9,0.0020598358550254193,0.014755232218260361,0.7554272869180642,0.0014134109316736865,0.45735101439060655,False,2018,1201,Agricultural Land
9,-0.0029005990562711863,0.03234672666723937,0.6438725832453189,-0.0009170063171290496,2.163117856540335,True,2024,1201,Forest
9,0.0027028593082953152,0.023291554652927093,0.6947760791849813,0.0035674397809691283,0.24235320727374457,False,2018,1201,Grassland
9,-0.005573401518392341,0.1436577001691628,0.30499077102553707,-0.005236565730072362,0.06432379648852872,False,2025,1201,Unclassified
9,0.00015008246380177073,0.0001296427526964461,0.9761391315099225,0.000406245816112222,0.6305624381856729,True,2017,1201,Urban Areas
9,-0.001538000121230778,0.010711896764181161,0.7911890756268449,0.00025333775390773416,7.070947174304384,True,2018,1210,Agricultural Land
9,-0.007082730354862756,0.08757174631536446,0.4395632221836653,0.00016713293256132022,43.3778261191231,True,2024,1210,Forest
9,-0.0016411771643532402,0.006390773768885971,0.8381433832134518,0.0027858167161904186,1.5891188586869909,True,2024,1210,Grassland
9,-0.003909782052040301,0.05022699133116226,0.6249302572594955,-0.0009801311046841454,2.9890398675800194,True,2024,1210,Unclassified
9,-0.0028873284896159448,0.04764020156549398,0.5730024212101739,-0.0016234975086126674,0.7784619158937072,True,2024,1210,Urban Areas
9,-0.0006691871527690162,0.0012346478321533239,0.9285754859810231,-6.139955713695727e-05,9.898892174032031,True,2018,1228,Agricultural Land
9,-0.007414920761221054,0.058351269431580866,0.5313268717891215,-0.001505956202053571,3.9237293562122364,True,2024,1228,Forest
9,-0.0020432654391066745,0.006924888266327978,0.8315561881151712,0.0015544232905832709,2.314484575395145,True,2024,1228,Grassland
9,-0.003371892878485553,0.014148073160237917,0.7938359837476936,-0.010877361029358254,0.6900081858656034,True,2024,1228,Unclassified
9,-0.002045770368890322,0.017978713771532262,0.7312070747718806,-0.002132778748636016,0.040795783341961205,False,2018,1228,Urban Areas
9,0.0017868516786348299,0.008824197726937433,0.809921100569699,0.0007009460365514364,1.5492000602869636,True,2018,1236,Agricultural Land
9,-0.0029260463380571013,0.011248853058507091,0.7861786969212479,-0.004175575336760281,0.29924714510663253,False,2024,1236,Forest
9,4.682771701676082e-05,5.182707345730009e-06,0.9953143233953956,0.00043566031801685334,0.8925132377676194,True,2024,1236,Grassland
9,-0.0021137866979646404,0.014696329585556334,0.8091430050880835,0.00121757557946877,2.7360620019061885,True,2024,1236,Unclassified
9,0.001430132218674133,0.007372584254979775,0.8258630863048515,0.00019239342628744047,6.433373615050032,True,2018,1236,Urban Areas
9,0.0021380887615911493,0.011301435639099688,0.7854268013759201,0.003023765085048345,0.2929051359963815,False,2018,1244,Agricultural Land
9,-0.0022843492760375975,0.01055464549976981,0.7927366362040391,0.0007025830026094165,4.25135858333243,True,2025,1244,Forest
9,0.0008907089581126314,0.0014622867977633902,0.9220832234543985,0.0027394757738096243,0.6748615313089716,True,2018,1244,Grassland
9,-0.0011857965156108312,-0.00029232909940013485,0.8823497107506663,-0.0009179737758717073,0.2917542382785387,False,2025,1244,Unclassified
9,0.0024686922427902594,0.01932726015470665,0.7212868829450475,0.0023878689661115315,0.03384745052001018,False,2018,1244,Urban Areas
9,0.003525847038233369,0.09545545726274218,0.41858840186224955,0.0024693439753543434,0.42784766862114487,False,2018,1252,Agricultural Land
9,0.0014973408340235768,0.047368952337418224,0.5737990052853389,0.0012051707886386756,0.24243040749015132,False,2025,1252,Forest
9,0.0038642225283545997,0.14530241946360933,0.31166312640895566,0.004188266781567274,0.07736953496821303,False,2018,1252,Grassland
9,-0.009289539014625687,-0.11963036221150913,0.24413655563071068,-0.0003858695512763947,23.074299161199374,True,2024,1252,Unclassified
9,0.002249937368751979,0.05260453565039347,0.5536507836910275,0.003134606064239187,0.2822264352704012,False,2024,1252,Urban Areas
9,0.0014100992961092725,0.008104352530237224,0.8177845216404263,0.0004925580012864958,1.8628086284788414,True,2018,1261,Agricultural Land
9,-0.0020330085478292266,0.016245581008089482,0.7443113356164619,0.0019244538791454054,2.0564080385922408,True,2024,1261,Forest
9,0.0014929349607125364,0.00859935448815563,0.8122926219649287,0.0010538742355782741,0.41661586393498284,False,2018,1261,Grassland
9,-0.0020281251594685954,0.024775295013717225,0.6986467081103239,-0.0018067560756698463,0.12252294971067279,False,2025,1261,Unclassified
9,0.0007509665205555201,0.003295311609285423,0.883249262968219,0.0013646321607069327,0.44969308053938134,False,2025,1261,Urban Areas
9,0.00021940199309205584,0.0001537217673976965,0.9746596294824383,-0.0028869360273324624,1.0759982178388565,True,2018,1279,Agricultural Land
9,-0.0013697115010503484,0.005461426654995716,0.8502962904788179,2.1550565746236705e-06,636.5802985309265,True,2024,1279,Forest
9,0.001996214697193577,0.01456718934596668,0.7570119101286241,-0.0007105278106069082,3.809481440970593,True,2018,1279,Grassland
9,-0.004217402867919659,0.05699599154031665,0.5283706190762766,-0.0025422013190146337,0.6589570764420575,True,2025,1279,Unclassified
9,-0.0007657105499081989,0.004396383923576441,0.865407127507547,-0.00028131628205594575,1.7218849343242812,True,2018,1279,Urban Areas
9,0.0018171243059151147,0.015795587467252847,0.7472837474663034,-0.0010960037682854473,2.6579544327276947,True,2018,1287,Agricultural Land
9,-0.0015212436993123615,0.01054577517666011,0.7928088277345314,0.00033597512162336505,5.527846264217464,True,2017,1287,Forest
9,0.002022666023386975,0.015510267092442964,0.7495032873323167,-0.0007084823517092368,3.854927887063421,True,2018,1287,Grassland
9,-0.0014107444140392849,0.012231842161519069,0.7744376389110239,0.0006898558884945997,3.0449842315875633,True,2025,1287,Unclassified
9,0.0008273756613468377,0.005618653452713507,0.8479952074216675,0.0002932349442018589,1.8215452411336204,True,2025,1287,Urban Areas
9,-1.3604139512316585e-05,8.768539506709416e-07,0.9981441376845808,0.00024874472719350893,1.054691167389986,True,2018,1295,Agricultural Land
9,-0.003079007290428776,0.02470182716194802,0.6864166964897473,-0.0030078698023261255,0.02365045456676236,False,2025,1295,Forest
9,-0.0002230231499192105,0.00014961560822657205,0.9752819752186792,-0.0019210198382118894,0.8839037757534023,True,2025,1295,Grassland
9,-0.005397442844010015,0.07275876263903258,0.44183495303872056,-0.004196896856520649,0.2860556331338231,False,2025,1295,Unclassified
9,0.00013619706445769933,0.00011323121442619044,0.9783515794968836,-5.875400190983454e-05,3.318090002902457,True,2025,1295,Urban Areas
9,0.001195673594300122,0.0050086658751713475,0.8563597630489839,-4.638453823042343e-05,26.777417215202213,True,2018,1309,Agricultural Land
9,-0.004827090224062608,0.0640137683060309,0.5114648783405606,-0.005786084929866775,0.16574155364605891,False,2025,1309,Forest
9,-0.0005282397459551016,0.0008112098554877711,0.9422864432416428,-0.0012059554784309284,0.5619740899204707,True,2018,1309,Grassland
9,-0.0052312066449421825,0.05412619303903554,0.40223545858195997,-0.00819433451878156,0.3616068964536212,False,2018,1309,Unclassified
9,0.001810879094879587,0.01691231634689383,0.7386294174199013,0.0013586325014819146,0.332868964127083,False,2018,1309,Urban Areas
9,-0.0055968958524989145,0.17423484169868908,0.26361328309641774,-0.006022189897698385,0.07062116147516592,False,2018,1317,Agricultural Land
9,-0.004722623349128034,0.11342546540256337,0.37554849913072885,-0.007608436625621437,0.3792912287361922,False,2025,1317,Forest
9,-0.005192567346337231,0.14281934619830206,0.3158030684414582,-0.006915143102044034,0.24910196799797682,False,2025,1317,Grassland
9,-0.01162424925389854,0.5688631802283335,0.011657666614442721,-0.011468538314219795,0.01357722627003659,False,2025,1317,Unclassified
9,-0.007068350507660031,0.33432690916945795,0.10286013774584561,-0.00802976996545633,0.11973188048129367,False,2025,1317,Urban Areas
9,0.0018176373096289362,0.025093267380123296,0.6839948181435429,0.003170656198227521,0.4267315041457215,False,2017,1325,Agricultural Land
9,-0.0009915003489269255,0.00881144603591888,0.8102380859836026,0.0009435154628962114,2.050857551272578,True,2025,1325,Forest
9,0.0009473766623120968,0.006948044048889046,0.8311708650701213,0.0011648593844401061,0.18670298323822426,False,2017,1325,Grassland
9,-0.0042389576482900655,0.11909618779077502,0.35254687729935064,-0.006290596373521964,0.3261437554422574,False,2025,1325,Unclassified
9,0.0012665488219843145,0.022599134224534856,0.6996656494053937,0.002279724116892984,0.44442890584915035,False,2025,1325,Urban Areas
9,0.0006696465710056299,0.002032874959637554,0.9083421952880946,-0.001661084482807986,1.4031381774595977,True,2018,1333,Agricultural Land
9,-0.0015828403435039083,0.009769563138042447,0.8002612349547631,-0.0019886975734925566,0.20408192547642154,False,2025,1333,Forest
9,0.0012451516703844657,0.0058126035954008115,0.8454346231835893,0.0017580921483657669,0.2917597228666908,False,2018,1333,Grassland
9,-0.0013543939190303177,0.007367783642898251,0.8141116644093718,-0.0018847116968059344,0.2813787268760303,False,2018,1333,Unclassified
9,0.0006134894180509638,0.0018013565973346024,0.9139584110920125,-0.004522973404229339,1.1356385198898808,True,2018,1333,Urban Areas
9,0.0008288890237583731,0.0058470074582563925,0.844967983821886,-0.0008885082742739307,1.9328996113578378,True,2018,1341,Agricultural Land
9,-0.002106759806934684,0.05156062928079108,0.5569431730455623,-0.00168383011480171,0.25117123658450485,False,2024,1341,Forest
9,-0.0014046275570795167,0.012756315707219024,0.7725391979365593,-0.0033048925067313503,0.5749854029386449,True,2018,1341,Grassland
9,-0.002895776420091426,0.10474645414573369,0.4033009821540853,-0.0027739221580982713,0.04392850810085274,False,2018,1341,Unclassified
9,0.0022517627055262815,0.08605684717964879,0.4436250284381905,-0.00017402143602885528,13.939570876503437,True,2018,1341,Urban Areas
9,0.0007400054157953092,0.002146114120816889,0.9057978208320364,-0.00046534200125138343,2.59023989625976,True,2018,1350,Agricultural Land
9,-0.0024030543433339693,0.02286385310165473,0.6978168148080696,-0.00114220596950704,1.10387128721722,True,2018,1350,Forest
9,-0.0014977227741836837,0.006138783880513143,0.8412313751280037,0.000364719519016034,5.106505673796526,True,2018,1350,Grassland
9,-0.002541701975712501,0.02932713137308096,0.6583254769089928,-0.002744192665146583,0.0737888020786127,False,2018,1350,Unclassified
9,0.0007330888895539015,0.003180141361844746,0.8855984472089045,0.0007238929856083085,0.012703402475802988,False,2018,1350,Urban Areas
9,-0.001076509976498227,0.0044450174872887604,0.8646464286084733,-0.003001202181381313,0.6413070791509422,True,2018,1368,Agricultural Land
9,-0.005043550274898383,0.08505951312758164,0.44642105049326986,-0.007380826438663384,0.3166686255514045,False,2025,1368,Forest
9,-0.003344908406109772,0.03719005308642065,0.6191891458161193,-0.004519548149736553,0.2599020310681393,False,2025,1368,Grassland
9,-0.0021856741176062705,0.02909387933019869,0.661834494829072,-0.0019829594780091837,0.10222833186717693,False,2018,1368,Unclassified
9,-0.0011006824602686816,0.0076751302872823945,0.8224979417881819,-0.0036986788775826306,0.7024119971755802,True,2018,1368,Urban Areas
9,0.0009265985355133584,0.003026241854758971,0.8883274568431444,-0.0002077228829656117,5.460743671012673,True,2018,1376,Agricultural Land
9,0.0005985367852404546,0.0012504639971585574,0.9290296445394198,-5.133693740215217e-05,12.658988937181173,True,2025,1376,Forest
9,0.001891736861966658,0.0151897959279933,0.7521628701603373,0.0013592411655569386,0.3917595419437826,False,2025,1376,Grassland
9,-0.0004898264352156173,-0.000803143228597536,0.9296566614828604,-0.0007119184784727858,0.3119627456975164,False,2024,1376,Unclassified
9,0.002336758039813532,0.02441855272025184,0.6886160941401727,0.0009239094776966165,1.5292066985168988,True,2025,1376,Urban Areas
9,-0.003728067702518563,0.05997382264025097,0.5251229939453372,-0.005970698253622455,0.3756060775208788,False,2024,1384,Agricultural Land
9,-0.00578261284765348,0.1453380546601224,0.310862368199914,-0.007823738425417164,0.26088878062853316,False,2025,1384,Forest
9,-0.0033314831868718657,0.07562455644446464,0.4726890881293282,-0.004985510597639036,0.33176690298290806,False,2019,1384,Grassland
9,-0.011622493354004804,0.1641940852457776,0.1210318966583797,-0.009276203681911382,0.25293641154826,False,2024,1384,Unclassified
9,-0.004365690135355168,0.12258903237990781,0.35470486167828996,-0.004847423195287875,0.09937920427516918,False,2025,1384,Urban Areas
9,0.0017742771346984795,0.013922742445249936,0.7625676529864098,0.0010439950958262695,0.6995071545754997,True,2025,1392,Agricultural Land
9,0.0003996212818911498,0.0005752467134454431,0.9513432638846637,0.0022231112222524108,0.8202423352052257,True,2025,1392,Forest
9,0.004379313979027988,0.062360502178005595,0.5170200749296234,0.00209870126232477,1.0866781078584482,True,2025,1392,Grassland
9,-0.021849353378815262,-0.5539641384805187,0.147986190321389,-0.002027902653003242,9.774360074166898,True,2024,1392,Unclassified
9,0.0024197560155335375,0.0312632768190918,0.6495879838940317,-7.74299086100036e-05,32.250921755846115,True,2025,1392,Urban Areas
9,0.0022354177548046033,0.026578523403175236,0.6754210352090344,0.0027553007554174612,0.18868466521873015,False,2025,1406,Agricultural Land
9,-0.0006461006504075049,0.001588730964895535,0.9181736967828563,-0.0058889640868713174,0.8902861962008051,True,2025,1406,Forest
9,0.004103289371177792,0.08436208690830704,0.4484393461046221,0.003179799846145076,0.290423790715091,False,2025,1406,Grassland
9,-0.027085400163109133,-0.841179888170916,0.11072679836888334,-0.00019246447342328077,139.7293495851627,True,2024,1406,Unclassified
9,0.0006370560663687663,0.002825286689584594,0.8934922043023324,0.0011087976820626539,0.42545328451293724,False,2025,1406,Urban Areas
9,0.005773447507555172,0.13254786758149695,0.33557402237418765,0.005620432610947598,0.027224754249259752,False,2024,1414,Agricultural Land
9,0.005290655970883276,0.10643207030814317,0.392753860124902,0.0009770622424766584,4.414860733408871,True,2025,1414,Forest
9,0.001704334775826919,0.008590574499061532,0.8163220567134432,0.00035760298592141915,3.7659970495924076,True,2025,1414,Grassland
9,-0.019694945437451195,-0.6436565934238756,0.16085235457264146,-0.0010971193750565025,16.9515063585828,True,2024,1414,Unclassified
9,0.006163413843576924,0.21319453803901078,0.21245796237357506,0.007683025652699528,0.19778819931294503,False,2025,1414,Urban Areas
9,-0.009932960532336853,0.30670484818538557,0.12186133621583732,-0.010602438572829644,0.06314377922532179,False,2017,1422,Agricultural Land
9,-0.012208350303670004,0.3518271103754125,0.09228977697245813,-0.014154477087244665,0.13749195901616296,False,2017,1422,Forest
9,-0.009619092727506896,0.26885876164305433,0.1526812382108819,-0.010936293940517079,0.12044310624554265,False,2017,1422,Grassland
9,-0.0170665323936596,0.47043390517398187,0.031542633230934,-0.01631152043041554,0.04628703783101761,False,2017,1422,Unclassified
9,-0.009930543432276614,0.48066706106553847,0.03838352773288174,-0.011227898348614955,0.1155474404965894,False,2017,1422,Urban Areas
9,-0.0008901164158061697,0.004003147293990428,0.8712721921859967,-0.0005193805837389225,0.7138037956644242,True,2025,1431,Agricultural Land
9,-0.004295926500041446,0.07575303298520653,0.47358436441285023,-0.0028925820585168627,0.48515285414033565,False,2025,1431,Forest
9,-0.0038182629447053966,0.03391960932790117,0.6353347094391493,-0.00323867111098555,0.17895976894778698,False,2025,1431,Grassland
9,-0.0055558253759538795,0.010428438283804575,0.37916109004798204,-0.0014913068212813372,2.7254743937805435,True,2025,1431,Unclassified
9,-0.004062370631178707,0.1108435085272339,0.38044212632983077,-0.0051666170342305915,0.2137271633906436,False,2025,1431,Urban Areas
9,-0.008934184603488342,0.169062941537106,0.27159797360072746,-0.009954214636339094,0.1024721758688029,False,2017,1449,Agricultural Land
9,-0.01039178926361164,0.1875377629666064,0.24430942729689908,-0.01384467446562727,0.24940168947910243,False,2017,1449,Forest
9,-0.009362978092311477,0.16905341656568917,0.27164591940222227,-0.011446780195986323,0.1820426415111479,False,2017,1449,Grassland
9,-0.010343067131964482,0.19982589306013798,0.2317289351010513,-0.012993755615997488,0.20399710155927245,False,2017,1449,Unclassified
9,-0.008347853546883577,0.2288495685376617,0.19271322028140014,-0.009650820847610899,0.13501103391115968,False,2017,1449,Urban Areas
9,-0.006943357105686435,0.12957621443729006,0.3412884252882914,-0.005984088000064149,0.16030330864318895,False,2025,1457,Agricultural Land
9,-0.008881783081373579,0.2039108688231407,0.2224347261474413,-0.005732838354265365,0.5492819668925997,True,2025,1457,Forest
9,-0.007815767896689878,0.14035689761156,0.3205122976602862,-0.006085855386013502,0.28425133378161715,False,2017,1457,Grassland
9,-0.020728983832937548,0.22941288886676559,0.06259392554020213,-0.010932638810639356,0.8960640877264369,True,2024,1457,Unclassified
9,-0.005716476291495226,0.16527154056638127,0.27741644578995905,-0.006716701843241145,0.14891617569007046,False,2025,1457,Urban Areas
9,-0.004116635832797998,0.069109610245349,0.49430987103995505,-0.002569898569335571,0.6018670471738986,True,2025,1465,Agricultural Land
9,-0.006489090137737154,0.1577925969120415,0.28979025998258146,-0.0041476904846381914,0.5645068410410102,True,2025,1465,Forest
9,-0.007584666876835686,0.17578188278141138,0.26136273049868974,-0.005153822930033454,0.471658413531575,False,2017,1465,Grassland
9,-0.01040588057906196,0.19764428942990164,0.1510233021320286,-0.00626166870211653,0.6618382533628183,True,2025,1465,Unclassified
9,-0.004854328622613174,0.13389552598985022,0.3326789430660957,-0.00444790819782125,0.09137338423284092,False,2025,1465,Urban Areas
9,-0.0012201910899234591,0.005118687533782418,0.854759580862869,-0.004619444172662462,0.735857595780795,True,2025,1473,Agricultural Land
9,-0.0071793457690080865,0.18291197419974914,0.2508118365855888,-0.004821576675448949,0.4890037538062381,False,2025,1473,Forest
9,-0.005572907737843086,0.11392013856109862,0.37433552184253405,-0.007733907225846559,0.279418853226149,False,2025,1473,Grassland
9,-0.014095893585292259,0.05284642293329467,0.11298162545282073,-0.008894019970393602,0.5848731655893111,True,2024,1473,Unclassified
9,-0.00446906439199084,0.1158661706770836,0.3694343968341516,-0.005129658058597811,0.12877927905930323,False,2024,1473,Urban Areas
9,0.000731538789488312,0.0019450481658809249,0.9103280671353836,0.0029926965638972258,0.7555586495759968,True,2018,1481,Agricultural Land
9,-0.0029015805549796,0.048155662635427254,0.5705832665084272,-0.0020662085022571134,0.4043019142598297,False,2019,1481,Forest
9,-7.904916096686967e-05,4.513591314281307e-05,0.9863162734195804,0.00030478533154701956,1.2593601226333122,True,2025,1481,Grassland
9,-0.004443474092358998,0.09236980232688019,0.3408439900294976,-0.005579632496328096,0.2036260281867655,False,2025,1481,Unclassified
9,0.0009251681749723166,0.005360353791616812,0.8516755883109078,-0.0009587147307740194,1.9650088240799024,True,2018,1481,Urban Areas
9,-0.006227334340384222,0.17482178440956098,0.2626865583530337,-0.007179329715180788,0.13260226407815748,False,2017,1490,Agricultural Land
9,-0.006573716027835703,0.14545616243692272,0.31126357703952257,-0.008349662963616309,0.2126968410005652,False,2017,1490,Forest
9,-0.005892531498774712,0.1010114183230364,0.40460084857433054,-0.006889796862433578,0.14474524918091955,False,2017,1490,Grassland
9,-0.01087618777895061,0.2821403372134902,0.10416955728551769,-0.008848345533655544,0.22917756066170453,False,2025,1490,Unclassified
9,-0.005988510168093751,0.24882638897394216,0.17142954151271528,-0.006641181011316069,0.09827632195391392,False,2025,1490,Urban Areas
9,0.002024914949265242,0.024573563727975478,0.6868943627810737,0.00061377161085438,2.299134260130617,True,2018,1503,Agricultural Land
9,-0.00423532493541083,0.15795896080424843,0.29007652279745766,-0.0045240895383286605,0.06382822454581862,False,2024,1503,Forest
9,0.00014812694382546632,0.00013924539210330433,0.975342339300077,-0.001779602378989086,1.08323597763991,True,2018,1503,Grassland
9,-0.0036737600817577936,0.04129093522925209,0.36751732589340647,-0.00467225605361425,0.21370745960809748,False,2018,1503,Unclassified
9,0.0017402813674767738,0.030249718834902684,0.6542308641168715,-0.0009260960265837283,2.879158659060973,True,2025,1503,Urban Areas
9,0.006352134678975722,0.27081702149281683,0.15076473238156593,0.007920519864750883,0.1980154349154568,False,2023,1511,Agricultural Land
9,-0.0006713018591470648,0.002708634271985755,0.8955231224275089,-0.0004331924993411396,0.5496617789275566,True,2024,1511,Forest
9,0.003883456770825419,0.1245100503419364,0.35114443040625565,0.005012322896462175,0.2252181571210303,False,2023,1511,Grassland
9,-0.004026991735480272,-0.024350832589659532,0.2560765018864546,-0.00305176847018961,0.31956004356715495,False,2024,1511,Unclassified
9,0.006178667019673038,0.4069832873558845,0.06414962352099718,0.006119406414009992,0.009684044767376878,False,2019,1511,Urban Areas
9,-0.0005782396194489644,0.001026131409243236,0.934755034744382,0.003168336127787559,1.182505768367685,True,2019,1520,Agricultural Land
9,-0.007370313881901172,0.1446833671982829,0.3126015371996973,-0.006916639402151655,0.065591749601459,False,2025,1520,Forest
9,-0.005280483439131649,0.07745884328109864,0.46835708228548345,-0.0037533902276177438,0.40685703295048625,False,2025,1520,Grassland
9,-0.004508242218856127,0.05917262583683969,0.5208399636129499,-0.004596520142036348,0.019205381560911016,False,2025,1520,Unclassified
9,0.001954048270923799,0.016391363989709862,0.74313202174489,0.0039222830011133095,0.5018084441206416,True,2025,1520,Urban Areas
9,0.0018189914041417592,0.012416488468541043,0.7754037476079296,0.003177643636931955,0.4275659539034992,False,2025,1538,Agricultural Land
9,0.0035633299238908246,0.03897965552192095,0.6108362839530724,0.0033705392654395,0.057198757607763946,False,2025,1538,Forest
9,0.002558096593243694,0.02003427611249109,0.7167572774598472,0.00443155217306343,0.42275381325921735,False,2025,1538,Grassland
9,-0.0010148909135661334,-0.001258299394201412,0.8937770666033465,0.00433688131342902,1.2340139930561518,True,2025,1538,Unclassified
9,0.0016383407491766607,0.009231054358756596,0.8063819761531641,0.005868419265569524,0.7208207738685384,True,2025,1538,Urban Areas
9,0.0044124013291001124,0.07437645293198192,0.47775691896668626,0.007021642892126697,0.37159986674234075,False,2019,1546,Agricultural Land
9,-0.001092537244640648,0.006196019754027282,0.8407404803771967,0.0008747038323344321,2.2490367645067435,True,2019,1546,Forest
9,0.0011559881544454262,0.005517942625348327,0.8493675227207219,0.0049481954792783694,0.7663818741021096,True,2019,1546,Grassland
9,-0.009872870412098063,-0.10145533047610278,0.28831699543998013,-0.0039010125335949553,1.5308481649505947,True,2024,1546,Unclassified
9,0.004564508492169819,0.08493881775541468,0.4471397879719383,0.005898205482408256,0.2261191127057656,False,2019,1546,Urban Areas
9,-0.00512697768610768,0.05700923534773561,0.5362080012349562,-0.006192122260832208,0.17201607621057774,False,2018,1554,Agricultural Land
9,-0.008837974005428698,0.11036951011279317,0.3825581702793657,-0.010107870295148667,0.12563440691650585,False,2024,1554,Forest
9,-0.007212805316047666,0.0871205028233143,0.4413118461315576,-0.007302346832311436,0.012262019090570501,False,2024,1554,Grassland
9,-0.007086027031808561,0.12681524573460012,0.4190798996399625,-0.008667969568079258,0.18250439435048008,False,2024,1554,Unclassified
9,-0.004014755839141535,0.04630712269385506,0.5785968801109257,-0.004856567035990135,0.17333461900356034,False,2018,1554,Urban Areas
9,0.001851986192970559,0.013262559746907043,0.7679950294266402,0.004020147023006241,0.5393237654314307,True,2018,1562,Agricultural Land
9,-0.005972227369438872,0.08443752317351327,0.4484143316266601,-0.009183882755435371,0.34970561706003045,False,2024,1562,Forest
9,-0.003988032711031833,0.04511148800081666,0.583841748607734,-0.005066258379472855,0.21282484778307167,False,2024,1562,Grassland
9,-0.0029175800144217996,-0.00994890158808337,0.6721728988486289,-0.002764190793665582,0.05549154606394178,False,2024,1562,Unclassified
9,0.0017334432177058313,0.01906078040776127,0.7234885965123068,0.0007851961185942752,1.207656376102812,True,2019,1562,Urban Areas
9,0.005280479813830017,0.05458221990169754,0.5450835519497408,0.008256670419200089,0.3604589325073735,False,2017,1571,Agricultural Land
9,0.0004652336283161614,0.0007109175882353824,0.9448647540020321,-0.0009124743352799965,1.509859412290651,True,2017,1571,Forest
9,0.00518782568518912,0.053627814701239784,0.5484530421087008,0.005185875177609059,0.0003761192688329011,False,2017,1571,Grassland
9,-0.0002393567778273214,-0.007131012734009623,0.9734718709766056,0.00021228156632357997,2.1275438653136316,True,2017,1571,Unclassified
9,0.005753403936007254,0.08281053369384683,0.45205382650157355,0.007540269705238106,0.23697637340340025,False,2017,1571,Urban Areas
9,0.0005544629926447249,0.0016655548159795197,0.9168695000335693,0.0009049695657921443,0.3873131057624148,False,2018,1589,Agricultural Land
9,-0.002658125461640245,0.06882906944902278,0.4960380962710935,-0.004682529830134832,0.43233133411481006,False,2024,1589,Forest
9,-0.004324965990366397,0.09721615417927132,0.41417306179170776,-0.006398998609133691,0.3241183106067405,False,2017,1589,Grassland
9,-0.01719795590044628,-0.10986402376850601,0.06392848476879016,-0.007634995478646831,1.2525168415023498,True,2024,1589,Unclassified
9,0.00185973981604347,0.0325095540304331,0.6425171711296965,0.00198027612554795,0.06086843544161156,False,2018,1589,Urban Areas
9,0.007023209214713183,0.13942014049972484,0.322169162562736,0.006222674631078373,0.12864798998755936,False,2025,1597,Agricultural Land
9,0.0017177287564844918,0.02898490362605799,0.6605895567631301,0.004587686096334401,0.6255784026163056,True,2017,1597,Forest
9,0.005530618760333068,0.13298481155675657,0.33433848381633025,0.005221787936467592,0.05914273571101635,False,2017,1597,Grassland
9,-0.005361344960322966,-0.160103414987933,0.3974278898875566,-0.0006617141497822618,7.1022069153079554,True,2024,1597,Unclassified
9,0.006093196663889291,0.19486986913556414,0.23409811823643034,0.005895797688665933,0.03348130069029296,False,2025,1597,Urban Areas
9,-0.005060600798128202,0.09944985432180353,0.40843890651174153,-0.0029708726272988616,0.7034055084109533,True,2018,1601,Agricultural Land
9,-0.00713871901691965,0.1924046352338088,0.23777991818225175,-0.004694120713638615,0.5207787469500591,True,2024,1601,Forest
9,-0.005830081759656769,0.11028704178885951,0.38265236722764606,-0.007200408230963148,0.1903123305444975,False,2019,1601,Grassland
9,-0.011104844957255645,0.16948893208733673,0.10139384059546185,-0.007830033109249384,0.4182372925266209,False,2024,1601,Unclassified
9,-0.005491504959711012,0.19219088519909266,0.2377466530587743,-0.005015745850227183,0.09485311331360223,False,2018,1601,Urban Areas
9,-0.010434373596586213,0.2619102616970592,0.15901480499662865,-0.007962870583163278,0.31037839779145593,False,2017,1619,Agricultural Land
9,-0.009700925275752188,0.20103068601536733,0.22615093929957164,-0.011120213826179604,0.1276314082276077,False,2017,1619,Forest
9,-0.011274851504950282,0.22996343112783235,0.1914780568233534,-0.01365271360792598,0.17416772747618822,False,2017,1619,Grassland
9,-0.013451715294561678,0.36858620371909334,0.07916915986246079,-0.013446768984484516,0.0003678437610454676,False,2017,1619,Unclassified
9,-0.009974946668672071,0.335425019356943,0.10220953975556171,-0.009903274727900884,0.00723719605286351,False,2017,1619,Urban Areas
9,0.005863970200788404,0.0666638776524009,0.5023932216001232,0.007324397728043334,0.19939216594742104,False,2018,1627,Agricultural Land
9,0.002532775804909383,0.020701153808936112,0.7118278981534172,0.004514265787390934,0.438939591907984,False,2023,1627,Forest
9,0.009324566375851343,0.13079099997226773,0.338904919679362,0.012379355939380068,0.24676482189280222,False,2019,1627,Grassland
9,0.003788190331174342,0.03649861135375709,0.6827741201041548,0.007461904574497568,0.4923292983240258,False,2018,1627,Unclassified
9,0.006727379686207771,0.09070786833413358,0.4310023437593751,0.007288394115411432,0.07697366804264703,False,2018,1627,Urban Areas
9,-0.00036584184028364805,0.00028139710951169405,0.9657193207574852,-0.0018767189112456229,0.8050630608071029,True,2018,1635,Agricultural Land
9,-0.000714467337385055,0.0012748575767675963,0.9274272021889631,0.0010237988002536772,1.6978591274066974,True,2025,1635,Forest
9,0.0040051338868582025,0.024393351499843896,0.6883359012347006,0.0063159317748871235,0.36586808888862943,False,2025,1635,Grassland
9,-0.0052954347102365735,-0.007571150468556054,0.5696553385942145,-0.007789028820431083,0.3201418517869217,False,2024,1635,Unclassified
9,-7.099948394588104e-05,9.940280818798719e-06,0.9932189558424936,-0.0036672778303475984,0.9806397313674073,True,2018,1635,Urban Areas
9,0.007430532429746924,0.22818745366373483,0.19347036919584049,0.007698007108448197,0.03474596410903967,False,2018,1643,Agricultural Land
9,-0.001409290654151064,0.006696060114148028,0.8344286961624238,-0.0016993776188026699,0.17070188605637424,False,2025,1643,Forest
9,4.9961611031652465e-05,1.064300862074763e-05,0.9930476870581155,-0.0015020027422129878,1.03326332877265,True,2025,1643,Grassland
9,0.0002605071618642187,0.0006829756278876609,0.9585968233433511,0.00257771464097165,0.8989387119413564,True,2025,1643,Unclassified
9,0.008234086211318594,0.32351710041961335,0.11010394313493906,0.007177525417219338,0.14720404772994608,False,2024,1643,Urban Areas
9,0.0005661742158572601,0.0013873758752686038,0.9242473643464272,0.004345133136524005,0.8696992248412013,True,2017,1651,Agricultural Land
9,-0.0009224365953809658,0.00569136804383108,0.847044451061767,0.002615955373542833,1.352619392788683,True,2025,1651,Forest
9,-0.0001375513183341952,9.528697956884269e-05,0.9800869612349773,0.00186455202275904,1.0737717782369278,True,2017,1651,Grassland
9,-0.004469645528497768,0.06883700145643912,0.3949193113110151,-0.0010662589961474196,3.1918947878961674,True,2025,1651,Unclassified
9,0.001629432754158141,0.01638219010361963,0.7432802032758637,0.004243408753437705,0.6160085325652186,True,2024,1651,Urban Areas
9,0.0029309291349044657,0.041628571391666314,0.5985564898045903,0.005514422245599362,0.4684975135439772,False,2017,1660,Agricultural Land
9,0.0007128493115517753,0.0038484275259371703,0.8736183424917583,0.0005821956711503651,0.2244153415693569,False,2017,1660,Forest
9,-0.0018201058656929976,0.01493385864176755,0.7541421172517769,-0.004897203070429892,0.6283376777485311,True,2017,1660,Grassland
9,-0.010111600274054779,0.004955471653258048,0.12805591952934428,-0.0016149033662733107,5.261427454566011,True,2024,1660,Unclassified
9,0.0018410003566016243,0.026356914876664028,0.6771348010313336,0.0018760376328975838,0.018676211863534773,False,2017,1660,Urban Areas
9,0.0023561388875434014,0.019401650012454197,0.720560051359026,-0.002345099781936741,2.00470730742107,True,2018,1678,Agricultural Land
9,-0.003977721766767131,0.06952282460037718,0.49352566380390495,-0.005459989655967329,0.27147814970312245,False,2024,1678,Forest
9,3.0613572857304995e-05,2.918210615043826e-06,0.9961422845259629,-0.0009670315774176375,1.0316572628776566,True,2018,1678,Grassland
9,-0.01075588002019375,0.1461383859282005,0.11102992684691945,-0.008827648941857918,0.21843087452116156,False,2024,1678,Unclassified
9,0.0028983889322826413,0.04110112982794023,0.5995892073307882,0.00014863591884446974,18.49992272941421,True,2018,1678,Urban Areas
9,0.00010374879969003901,3.354440882341603e-05,0.9878316432339174,-0.004810851242250813,1.0215655804899715,True,2018,1686,Agricultural Land
9,-0.004121546365636952,0.06441297358652676,0.5106290477142206,-0.009535216109062473,0.5677553273575261,True,2024,1686,Forest
9,-0.0009091982220138048,0.0029542831636495404,0.8907454324424202,-0.006875549022115707,0.8677635459962103,True,2018,1686,Grassland
9,-0.0036962367375718026,0.0928930878955091,0.4477053385914458,-0.0057517549591115935,0.35737235611603363,False,2018,1686,Unclassified
9,-0.00042940434770210066,0.0007855094025093212,0.9443790679080303,-0.004542693059836678,0.9054736161906701,True,2018,1686,Urban Areas
9,0.0019469628769382852,0.02594905493943367,0.678685624018983,-0.00042788202652947055,5.55023290585492,True,2018,1694,Agricultural Land
9,-0.0026577457039431585,0.10705706276181282,0.39097779459482296,-0.00197806485965224,0.3436089777209895,False,2025,1694,Forest
9,0.0006949632716672508,0.004245368601064503,0.8668173116896705,-0.0010349260303089969,1.6715100899141133,True,2025,1694,Grassland
9,-0.009622267544772887,-0.13980521416420366,0.11430918234216991,-0.005411544510326649,0.7781000463751285,True,2024,1694,Unclassified
9,0.0028149276210127482,0.07417214740944689,0.4785066335193684,0.00034205461142548105,7.229468415238716,True,2018,1694,Urban Areas
9,0.000927525729098494,0.004681370707736998,0.8608355555315041,-0.0016489323917545512,1.5625007633645656,True,2018,1708,Agricultural Land
9,-0.006258071091953814,0.232428544831084,0.1893215813867556,-0.0083357374268689,0.24924805431347508,False,2024,1708,Forest
9,-0.001229940335111139,0.008690597574995018,0.8129240725834752,-0.004120896740901742,0.7015357548507751,True,2018,1708,Grassland
9,-0.013940573797855271,0.1666881147916096,0.03365103304926478,-0.009178846330761836,0.518771890878602,True,2024,1708,Unclassified
9,0.0008260466916625355,0.0058338025402799865,0.8442602488442996,-0.002838295146861161,1.2910362203085366,True,2018,1708,Urban Areas
9,-0.006613290195830869,0.05080569751482478,0.5599734930078346,-0.01230318475340235,0.46247330846576,False,2024,1716,Agricultural Land
9,-0.00833764936806725,0.07171629979952687,0.4862573386321327,-0.005780690482686587,0.4423275892454133,False,2024,1716,Forest
9,-0.009304189049591113,0.08597301324622131,0.44398933857753997,-0.005708972546999935,0.6297484307365369,True,2024,1716,Grassland
9,-0.017594722255688276,0.328682199760556,0.09124454013403287,-0.013385637781081258,0.314447809170212,False,2017,1716,Unclassified
9,-0.007707896354524533,0.09241291789354167,0.426889594314407,-0.00738582688339913,0.04360642027087142,False,2024,1716,Urban Areas
9,-0.0026208300084623434,0.015740257642581246,0.7477834099398739,-0.0025835637328529373,0.014424368609732088,False,2017,1724,Agricultural Land
9,-0.004182419100322016,0.02660288965480906,0.6751569516576168,-0.00390567175349028,0.0708578099489345,False,2017,1724,Forest
9,-0.004053494526071119,0.026211992924147998,0.6773366483775676,-0.002928842668423896,0.38399189883846996,False,2017,1724,Grassland
9,-0.006682917429567895,0.08314357490707025,0.4332089522401318,-0.003799290229393043,0.7589910288679175,True,2017,1724,Unclassified
9,-0.0041073980149120976,0.04766180334510772,0.5726258297701106,-0.004259451004771323,0.03569779055772678,False,2017,1724,Urban Areas
9,-0.005259811595115197,0.031784595143188876,0.6463838071283907,-0.0020089422994025883,1.618199435931704,True,2024,1732,Agricultural Land
9,-0.008889185635613917,0.0671839198213291,0.5007532636851812,-0.009462328595320948,0.06057102688131612,False,2024,1732,Forest
9,-0.006102634076350661,0.04411282512583137,0.5876128508494796,-0.003600958974848009,0.6947246883334025,True,2024,1732,Grassland
9,-0.007117526775579729,0.06057199251421164,0.5677365371891097,-0.0075696854908002716,0.059732827178892514,False,2024,1732,Unclassified
9,-0.006222612314998912,0.05466632977948194,0.5453683847299475,-0.0020802769814864063,1.9912422097526221,True,2024,1732,Urban Areas
9,0.00043912547280735886,0.0007935264443903467,0.9428760921338759,-0.00217068372017086,1.2022982292292652,True,2017,1741,Agricultural Land
9,-0.002925903498544683,0.02174469587346184,0.7051779532129345,-0.0008294792315956756,2.5273981398136995,True,2017,1741,Forest
9,-0.0037232303795683686,0.04193552222445307,0.5971366383120951,-0.003702679750328419,0.005550204345414067,False,2017,1741,Grassland
9,-0.01007394924070088,-0.02696390112851632,0.3108851974121082,-0.004719247701415986,1.1346515118666567,True,2024,1741,Unclassified
9,-0.0005704462382666953,0.0012311948172579745,0.927860294990376,-0.0002837687201408931,1.0102505941580342,True,2017,1741,Urban Areas
9,-0.006953892750911103,0.17863437901145618,0.25698834698515316,-0.01086790846910763,0.3601443395775958,False,2017,1759,Agricultural Land
9,-0.006263619781913959,0.0708538428724832,0.48889332586758816,-0.006378397937537019,0.017994825149993954,False,2017,1759,Forest
9,-0.007069536512804982,0.15087986412444243,0.30157682141802034,-0.007252326293586586,0.02520429630189832,False,2017,1759,Grassland
9,-0.014309410948123382,0.27068070803691635,0.10289820134388819,-0.01449827292464759,0.01302651546882779,False,2025,1759,Unclassified
9,-0.00715496792275258,0.2243254529405022,0.1975949534765662,-0.010123324757402597,0.29321956035041064,False,2025,1759,Urban Areas
9,-0.005440148592773788,0.07204144308698057,0.4849535255935439,-0.006342920398538777,0.14232746890106976,False,2017,1767,Agricultural Land
9,-0.002246904806624107,0.007758991171454843,0.8217498497876273,-0.007416518840561881,0.6970405044566866,True,2017,1767,Forest
9,-0.0034277001323773353,0.023037655062083218,0.696707274563373,-0.006666716308987436,0.48584880869215413,False,2017,1767,Grassland
9,-0.003452173607869825,0.02112981917308243,0.7134213578863706,-0.006195618172418102,0.44280400893031985,False,2017,1767,Unclassified
9,-0.005023731949558861,0.08218090326719774,0.4544516597157191,-0.007776980163612758,0.35402536153247544,False,2017,1767,Urban Areas
9,-0.009528706330357717,0.21779063571594548,0.20531264619323963,-0.007798269836234014,0.22190005353281986,False,2017,1775,Agricultural Land
9,-0.004695718973436738,0.040797443631225616,0.6023372370025719,-0.006075840409284006,0.2271490596985422,False,2017,1775,Forest
9,-0.006100664497304368,0.08383825020903068,0.449814095692496,-0.00970422964805985,0.37133964069738773,False,2017,1775,Grassland
9,-0.008735321370958657,0.16122134779718866,0.26883324974220835,-0.007815995561544505,0.1176210761860369,False,2017,1775,Unclassified
9,-0.009033626288609794,0.24627631132483707,0.17402661454969293,-0.01200708929077099,0.24764228283424936,False,2025,1775,Urban Areas
9,-0.004081246330696295,0.02836690998418967,0.6646382013573642,-0.007730996376580687,0.47209310004858984,False,2017,1783,Agricultural Land
9,-0.004074279473775824,0.01840007332344873,0.7257234263976755,-0.0044331305038809755,0.0809475448085717,False,2017,1783,Forest
9,-0.00880649639357989,0.11741471165795303,0.36637266993884476,-0.004494597232326661,0.9593516256007533,True,2017,1783,Grassland
9,-0.01369622641883667,-0.0017612677011658029,0.23677301348304813,-0.007905140847059833,0.7325720924922826,True,2024,1783,Unclassified
9,-0.005767379617441628,0.06047311562835611,0.5231217780518387,-0.008675556360250329,0.33521501354465144,False,2017,1783,Urban Areas
9,-0.006009776208957734,0.1190742996953319,0.36293755580355913,-0.00863172940366418,0.3037575753467693,False,2017,1791,Agricultural Land
9,-0.004949136003706323,0.05595212623914503,0.5388658727112076,-0.005111932189771617,0.03184631173140956,False,2017,1791,Forest
9,-0.006912801314582182,0.14779242188432196,0.30694725421278124,-0.006172965231694671,0.11985100435830623,False,2017,1791,Grassland
9,-0.01740606635513319,-0.19769277840976418,0.2121397323442007,-0.00761788633551348,1.284894469216302,True,2024,1791,Unclassified
9,-0.006231720888893163,0.1305680913491093,0.33911519653270317,-0.005933039046920654,0.0503421331985889,False,2017,1791,Urban Areas
9,-0.002112296767596209,0.009391309788207458,0.8037767768338256,-0.006462412254107146,0.6731411298847808,True,2017,1805,Agricultural Land
9,-0.001388056492754173,0.0030729214656853854,0.8858997660823287,-0.008537491006691128,0.8374163449582196,True,2017,1805,Forest
9,-0.0025735411033045623,0.01050167107511768,0.7929752309659881,-0.00402238293387106,0.3601949029681671,False,2017,1805,Grassland
9,-0.00748554702444448,-0.038181342780256644,0.4606446676250494,-0.004380101148784546,0.7089895347557619,True,2024,1805,Unclassified
9,-0.003919220168233676,0.03349324701951606,0.6364067751217715,-0.009895677522736202,0.6039462523683782,True,2017,1805,Urban Areas
9,-0.006715849557454872,0.08178125455061358,0.4553563258688541,-0.004310858565039436,0.557891416786353,True,2017,1813,Agricultural Land
9,-0.006051394195153164,0.05011284647094982,0.5615155572652369,-0.004724959950754842,0.2807292036806399,False,2017,1813,Forest
9,-0.007125538556790015,0.07110646842573176,0.4878619237629853,-0.006162627590214492,0.1562500658168131,False,2017,1813,Grassland
9,-0.013552168520114165,0.01374699218594333,0.1925545789919425,-0.00707771699739701,0.9147655275137846,True,2024,1813,Unclassified
9,-0.008633323757158869,0.1663687602346301,0.2753670217274059,-0.006239810963517093,0.38358738872638276,False,2017,1813,Urban Areas
9,-0.007237358808045334,0.1630874570697225,0.28096017333423196,-0.008356163269841586,0.13388973212552635,False,2017,1821,Agricultural Land
9,-0.0051501114030848335,0.06488940487040284,0.5075395225027666,-0.003989391417366547,0.2909516425651946,False,2025,1821,Forest
9,-0.00882019173264409,0.18960047033424077,0.2412960021050502,-0.008333946659814183,0.05834511458713228,False,2017,1821,Grassland
9,-0.00902842374064821,0.10681178907405464,0.27568995416793074,-0.009003556572909861,0.0027619271936569867,False,2025,1821,Unclassified
9,-0.0070143231683802406,0.1642321213379342,0.27890821146191525,-0.007908303315885353,0.11304322960266087,False,2025,1821,Urban Areas
9,0.0017530172526779146,0.029519770867937445,0.6584997975956179,0.0010747269140889118,0.6311280844436804,True,2017,1830,Agricultural Land
9,0.0005167670079975183,0.0007565029052213346,0.9436468588423238,0.003870742374857337,0.866494083575747,True,2017,1830,Forest
9,0.00010557373725860799,3.094637572842451e-05,0.9891081436416025,-0.001054207462338863,1.1001451242095956,True,2017,1830,Grassland
9,-0.01785104584545171,-0.23183436556988823,0.16258314362984097,-0.0027663825835590036,5.452847827897327,True,2024,1830,Unclassified
9,0.0033541583117781748,0.12947176654097892,0.34202698950356836,0.0030078475017322652,0.11513576065490816,False,2024,1830,Urban Areas
9,0.0017454564219980477,0.006506372424841866,0.8366660063828995,-0.0036995091081613975,1.4718075752665236,True,2017,1848,Agricultural Land
9,0.002858475708811373,0.0158287023370991,0.7470221762134075,-0.0012372606828622013,3.3103261490527243,True,2017,1848,Forest
9,7.013161346421496e-05,1.0623876608550908e-05,0.9933742129646074,-0.0054563195330016336,1.012853281967824,True,2017,1848,Grassland
9,0.001469113675248743,0.005088819033973069,0.8699575249471179,-0.0021618812098482963,1.6795533762707682,True,2017,1848,Unclassified
9,0.001013897257444495,0.0030592629730745724,0.8877469855148139,0.0008952058483591124,0.13258560509065104,False,2017,1848,Urban Areas
9,0.0038420714956236375,0.05810561394396596,0.5322483346407572,0.00407149115813801,0.05634782285006638,False,2017,1856,Agricultural Land
9,0.0051425284957825204,0.05979297329834787,0.5264789385231221,0.004574483901602344,0.12417676100711661,False,2017,1856,Forest
9,0.0012649645909195383,0.0037587709528014157,0.87569747633283,-0.000703376381250396,2.7984177812038613,True,2017,1856,Grassland
9,0.0010625701243939883,0.008805381586818206,0.8739565246684314,0.001659583985874894,0.35973705854131505,False,2017,1856,Unclassified
9,0.0023092061264547424,0.02189396024990642,0.7044463147013391,0.003193540851581701,0.2769135471334159,False,2017,1856,Urban Areas
9,0.0052922282752372015,0.18608716143122372,0.2463625303831124,0.007777295946492924,0.31952849529614896,False,2024,1864,Agricultural Land
9,0.006649303773622895,0.11620375418859741,0.36947844624646464,0.0072700023694452776,0.08537804587672276,False,2025,1864,Forest
9,0.004522157560887636,0.062280689584576776,0.5173127602628208,0.00592128845486364,0.23628825122119876,False,2025,1864,Grassland
9,-0.002705689087273905,-0.04085078257928787,0.7620742226374523,0.009086391476043043,1.2977737745955211,True,2024,1864,Unclassified
9,0.005385574145846177,0.15539255084486503,0.2940321606301072,0.0065524910121543085,0.17808751879912554,False,2024,1864,Urban Areas
9,0.002187187226061216,0.024266015012469278,0.6889784002583859,0.004043479425456653,0.4590828848314953,False,2018,1872,Agricultural Land
9,0.0013783977631596533,0.004234022100996659,0.8678017582935293,0.0006198170490888388,1.223878425393372,True,2025,1872,Forest
9,0.000995020225105974,0.002789234302893129,0.8926240281434608,0.00234456141958039,0.575604965262947,True,2025,1872,Grassland
9,-0.0009985253859610295,-0.0027581293181748734,0.8481124533144014,-0.0009474820338510742,0.053872633238741,False,2025,1872,Unclassified
9,0.003344139909306294,0.06512209489075904,0.5077059064082513,0.0019059651712319409,0.7545650674953173,True,2025,1872,Urban Areas
9,-0.0007907121191737281,0.00336569237266382,0.8821783507625186,9.01831126501468e-06,88.67851274342115,True,2018,1881,Agricultural Land
9,-0.0025242827104156674,0.02131639768017657,0.7079861814896657,-0.004153191823645223,0.39220656844110685,False,2023,1881,Forest
9,-0.002163441752468225,0.017562561255604514,0.7340684337785846,-0.00435251301235838,0.5029442195059679,True,2023,1881,Grassland
9,-0.008488299675028588,0.07777937003906943,0.2567378695662206,-0.008006355042925751,0.06019526107934385,False,2024,1881,Unclassified
9,0.0007774025363576176,0.003999582367421373,0.8716124133816263,0.0015365724354057023,0.49406710777526125,False,2018,1881,Urban Areas
9,0.002417094498616646,0.05581382823527126,0.5405530451505349,0.0033638493224798643,0.28144983116106426,False,2018,1899,Agricultural Land
9,-0.0013898516219018541,0.0065658414820217725,0.8360732020879086,0.0026171854100162915,1.5310482079652137,True,2025,1899,Forest
9,-0.0024075683768623093,0.02452513970040271,0.6876054083748022,-0.000288679783759474,7.339927186824688,True,2025,1899,Grassland
9,-0.003410392010125874,0.017458874007877823,0.5434099493877529,-0.006050277520528202,0.4363246977424368,False,2025,1899,Unclassified
9,0.0013019664731526916,0.023481504309572965,0.6942521047348778,5.869568971877959e-05,21.181636835526096,True,2025,1899,Urban Areas
9,8.471409610629428e-05,2.3636562325624055e-05,0.990095412826061,-0.002397682568797836,1.0353316561619619,True,2017,1902,Agricultural Land
9,0.0003795354061305226,0.0003678174841545978,0.9608234377753074,-0.0010739959154792312,1.3533862658697067,True,2017,1902,Forest
9,0.0014584568124830048,0.0032985168922021746,0.8832001469933825,-0.003437227738335921,1.4243119523960008,True,2017,1902,Grassland
9,-0.006116499108709021,-0.013000418026599458,0.5238812893994597,-0.0033791970005597064,0.8100451402199774,True,2024,1902,Unclassified
9,0.0020280900681736613,0.01534440338757359,0.7510193670335223,0.0009317171397378587,1.1767229362596787,True,2017,1902,Urban Areas
9,-6.863773709438862e-05,2.7093453278892454e-05,0.9894465373519312,0.0002634892587646973,1.2604953895129514,True,2023,1911,Agricultural Land
9,-0.0005343157210562074,0.0009730155063771839,0.9366706149394649,0.0024322751237280324,1.2196773365988478,True,2024,1911,Forest
9,-0.002013964099710134,0.009732235253754107,0.8006610071071345,-0.00042903564921819193,3.6941649333337914,True,2023,1911,Grassland
9,-0.0009405407333497361,0.006719448280994245,0.86672474686728,0.000914429779797384,2.0285543560907846,True,2025,1911,Unclassified
9,0.0017541256508458371,0.03246062702631014,0.6426396789967332,0.0032650983450498625,0.4627648341725372,False,2025,1911,Urban Areas
9,0.00040267369560917143,0.00024096299571352287,0.9684337180604378,0.004417951723138327,0.9088551163879336,True,2017,1929,Agricultural Land
9,-0.0013480005552500443,0.0020472437308135527,0.9079772461414006,0.000849991052147039,2.5858997007616207,True,2017,1929,Forest
9,-0.0001477651542774156,2.864974524163788e-05,0.9891218090498151,0.0022409772950018336,1.065937818561118,True,2017,1929,Grassland
9,-0.011367863509932406,-0.054224556006661206,0.3552208816897392,-0.0037634237825959057,2.020617439498447,True,2024,1929,Unclassified
9,0.0011670210817584347,0.002077441940461555,0.9076736076018478,0.005656163910548533,0.7936726904993003,True,2017,1929,Urban Areas
9,-2.7351294669293428e-05,1.8497135066963821e-06,0.9972135521422452,0.0018357282875121875,1.014899424307701,True,2017,1937,Agricultural Land
9,-0.002049007146621209,0.012393508887423521,0.7754544085802562,-0.0007521592605751297,1.7241666147332413,True,2017,1937,Forest
9,-0.00612505727581655,0.07420973978488732,0.4781953964884361,-0.004893960678379164,0.2515542478459623,False,2017,1937,Grassland
9,0.0009963245953395208,0.004884613794837844,0.8899282023915349,0.00012362543640090834,7.0592200468236355,True,2017,1937,Unclassified
9,0.0016645702405187126,0.0078026715706923655,0.8215916131319082,0.0009765779200545527,0.7044930121149247,True,2017,1937,Urban Areas
9,-1.0654345272701999e-05,2.5296649563966156e-07,0.9989907360296795,0.003243216615421559,1.00328511676403,True,2017,1945,Agricultural Land
9,-0.0020602901813617583,0.005576875250420721,0.8488389909944274,0.0004069283021930295,6.063029949645636,True,2017,1945,Forest
9,-0.003430239864138894,0.016631945453237318,0.7409486236095848,-0.0013460203791040661,1.5484308539385707,True,2017,1945,Grassland
9,-0.005344801758604347,0.0410135791423637,0.5391699713421594,-0.00204843700037044,1.609209732902594,True,2017,1945,Unclassified
9,-0.000994091675645463,0.0027541586071047064,0.8930912267939076,0.0034360193968776694,1.289314919627287,True,2017,1945,Urban Areas
9,-0.0011814913314307945,0.0039312300649794185,0.8727584377569682,-0.0014949015638718458,0.20965275575022355,False,2018,1953,Agricultural Land
9,-0.0011242831814753061,0.001875934881707897,0.9121025099094473,0.0012576496564453993,1.8939557814955892,True,2025,1953,Forest
9,-0.0030185966587130044,0.01928458949354117,0.7216672254343367,0.0006464130224037079,5.669764615026248,True,2025,1953,Grassland
9,-0.00995383006063223,0.08517807221260532,0.34271453356268344,-0.0048555889986136025,1.0499737649694627,True,2025,1953,Unclassified
9,0.0005760663336332691,0.0012972836262953313,0.9265332334383146,0.0021454260704461547,0.7314909417906568,True,2025,1953,Urban Areas
9,0.00042293048442574666,0.0005554827628088121,0.952112032204418,-0.0023797979809147035,1.1777169691786982,True,2017,1961,Agricultural Land
9,-0.0018771187312709857,0.006145990628467435,0.8404788186006346,0.0052080201178763665,1.3604284716235704,True,2017,1961,Forest
9,-0.0016232900657930525,0.0034060555940406134,0.8813486483769591,-0.0018473624153420853,0.1212931191455144,False,2017,1961,Grassland
9,-0.0075820158920279655,0.049875955538811634,0.4059419658479303,-0.0062908264972727865,0.20524956383949522,False,2017,1961,Unclassified
9,-0.005703107451381648,0.0939551668912314,0.42205914533398636,-0.004903931498978087,0.16296637760337762,False,2017,1961,Urban Areas
9,0.0008645169831897906,0.004378585113347766,0.865731142744495,0.0022044211587541516,0.6078258549839087,True,2025,1970,Agricultural Land
9,-0.00115809483216836,0.0028620643063419493,0.8914232327524739,0.0017150476946356907,1.6752551755794531,True,2025,1970,Forest
9,-0.0007641864155628067,0.0015201731154544929,0.9206980400025299,0.0012063606858500793,1.6334642901797747,True,2025,1970,Grassland
9,-0.0022757802189388512,-0.003831793174934317,0.733995661603106,-0.0015119026349592057,0.5052425773437828,True,2025,1970,Unclassified
9,0.0009848866986037193,0.005996772963236752,0.8438622113676557,0.002916205988265974,0.6622712172711264,True,2025,1970,Urban Areas
9,0.0026028476626592063,0.029925258559481915,0.6563646519871738,0.0033756548301736395,0.22893548256374333,False,2025,1988,Agricultural Land
9,0.0006943321631432953,0.00127798540956503,0.927231827758472,0.0021088109683500694,0.6707470828044205,True,2025,1988,Forest
9,-0.0013582636309317087,0.004386711697495049,0.8655361674070121,-0.0005015206730490708,1.7082904133820438,True,2025,1988,Grassland
9,0.002328917149131377,0.03357717509079361,0.6900847033515021,0.000996077527574473,1.3380882357646129,True,2025,1988,Unclassified
9,0.004200906714062948,0.07127896984843085,0.48772586688663855,0.003767453803100619,0.11505195116277106,False,2025,1988,Urban Areas
9,0.004149749450637361,0.057512070888642075,0.5343444146934249,0.006022111474715425,0.31091454084491893,False,2018,1996,Agricultural Land
9,0.0033868550004646004,0.03425697747330525,0.6339020616606216,0.004048872310897048,0.16350659136636844,False,2025,1996,Forest
9,0.0030936569998218835,0.025294958541311363,0.6828997903345968,0.0038003253216843296,0.18594942854767127,False,2025,1996,Grassland
9,-0.010234423585036017,-0.1835204234747554,0.3814486840455543,-0.001332800788672192,6.678884700565117,True,2024,1996,Unclassified
9,0.004267025907545567,0.06338660859442014,0.5140047394142866,0.0056425043429267005,0.243770913017621,False,2025,1996,Urban Areas
9,-0.0031372248630933287,0.043664733376386544,0.5895382820392058,-0.004418346599765749,0.2899550109401428,False,2018,2003,Agricultural Land
9,-0.006292547981381221,0.08429501148267415,0.44877087148806527,-0.004580613896759567,0.37373463976798316,False,2023,2003,Forest
9,-0.003224275042740664,0.030575136520001656,0.652894390817562,-0.006440089321267761,0.4993431174793162,False,2018,2003,Grassland
9,-0.012699576810276912,0.16632074489650173,0.07997783754929985,-0.009435313316002208,0.34596238460237905,False,2024,2003,Unclassified
9,-0.0023695957801447153,0.046533682787398334,0.5770719736912315,-0.0027205331961812984,0.12899582204296559,False,2018,2003,Urban Areas
9,-0.0002291341473789184,0.00010594163686761249,0.9790597857458769,0.0006882987021996856,1.3328992872522418,True,2018,2011,Agricultural Land
9,-0.0024802257912306886,0.011725974556829777,0.7816926867256333,-0.004828881302949199,0.4863767329058365,False,2023,2011,Forest
9,0.0008979198051511698,0.0014442806297224609,0.9225971767556322,-0.004591950552879129,1.1955421328716571,True,2018,2011,Grassland
9,-0.0021474443426143016,0.012250016716086054,0.7798904602569146,-0.004528594309947098,0.525803329766718,True,2025,2011,Unclassified
9,0.0005493389504212627,0.0009195635866312557,0.9382687943632297,0.001605631907532265,0.6578674428153616,True,2018,2011,Urban Areas
9,-0.0033639341449182166,0.01714889584498469,0.7370999948698824,-0.004983802382589447,0.3250265787684766,False,2018,2020,Agricultural Land
9,-0.007838254927836507,0.061822922198296104,0.5189172219339979,-0.00605697862041437,0.294086609686642,False,2024,2020,Forest
9,-0.004362339621626552,0.024195465049088982,0.6894750451643439,-0.001047953712299321,3.162721664542911,True,2024,2020,Grassland
9,-0.005713787418883276,0.06274113563166173,0.5575013513103747,-0.003622837704915216,0.5771579861640515,True,2024,2020,Unclassified
9,-0.003667400079772968,0.02908648764347377,0.661051653539265,-0.002599563345643062,0.410775423464725,False,2025,2020,Urban Areas
9,-0.0046143719188676425,0.04909789022865385,0.5665883812121604,-0.006004925508068816,0.23156883250802812,False,2017,2038,Agricultural Land
9,-0.002247895779465366,0.010711025349835812,0.7910781242590206,-0.006972750586921291,0.6776170678352215,True,2017,2038,Forest
9,-0.0019957929225153125,0.009336960512916548,0.8046927815909672,-0.004706250211528333,0.575927153718589,True,2017,2038,Grassland
9,-0.0051471489420045,0.055496242667023576,0.5343652748092091,-0.00743649395189603,0.30785273607434743,False,2017,2038,Unclassified
9,-0.005817824281084283,0.09914556795452989,0.4090906772225058,-0.007591435734955983,0.23363320402026483,False,2017,2038,Urban Areas
9,-0.003014844964072233,0.03445687699007294,0.6323975413709142,-0.0018189080996856392,0.6575026328121178,True,2025,2046,Agricultural Land
9,-0.0009002866641685442,0.002104803293294766,0.9066400703447105,-0.002578247325390378,0.6508144679129145,True,2025,2046,Forest
9,-0.0030163090618347517,0.025309058477375412,0.6826255381115653,-0.0010479673372396545,1.8782472073792953,True,2025,2046,Grassland
9,-0.006610283554418556,0.04984361417711991,0.4076433664226061,-0.003066197690636193,1.1558569346671888,True,2025,2046,Unclassified
9,-0.0033732770039571016,0.05574194501232543,0.5404992006046434,-0.0030760743852297117,0.09661750058921147,False,2025,2046,Urban Areas
9,-0.007269647339948017,0.13926534102827604,0.3225531596526676,-0.010258613519903013,0.2913616127711626,False,2017,2054,Agricultural Land
9,-0.006653868888453319,0.08372283580395012,0.4501685104931046,-0.008941313591683837,0.2558287079158068,False,2017,2054,Forest
9,-0.006597336064997035,0.10037673417972093,0.4061657044784982,-0.007999016696128042,0.1752316171323278,False,2017,2054,Grassland
9,-0.008713231956170433,0.15781792637887326,0.27739746413480715,-0.01138162575889104,0.234447508576367,False,2017,2054,Unclassified
9,-0.005483172700593006,0.12181601937460251,0.3572162416658672,-0.00749802131622163,0.26871737631227993,False,2017,2054,Urban Areas
9,-9.280245571684861e-05,1.7854559420604765e-05,0.9914116857261315,0.00042190302430706813,1.2199615797238406,True,2017,2062,Agricultural Land
9,-0.0069891208063839515,0.04811372336797737,0.570822504536399,-0.008533962222602526,0.18102276245458443,False,2024,2062,Forest
9,-0.004172259536465207,0.023459401059488072,0.6940594991442842,-0.0042284755631705785,0.013294632040682807,False,2017,2062,Grassland
9,-0.00540095223022336,0.06455102653957168,0.540935244592001,-0.00628448634116143,0.1405897097987463,False,2017,2062,Unclassified
9,-0.00241055511503789,0.015511092269619109,0.7495847371685638,-0.0025313126281490943,0.04770549151785448,False,2017,2062,Urban Areas
