ORP_KOD,YEAR,RIEI,classified_count,Forest_share,Agricultural Land_share,Grassland_share,Urban Areas_share
19,2017,0.4444134634927408,4838792.0,0.16313348455564944,0.2813001674798173,0.009187623687895656,0.5463787242766377
19,2018,0.478846644370861,4838792.0,0.16313348455564944,0.2813001674798173,0.009187623687895656,0.5463787242766377
19,2019,0.4661155178913403,4838792.0,0.16313348455564944,0.2813001674798173,0.009187623687895656,0.5463787242766377
19,2020,0.5172218715087636,4838792.0,0.16313348455564944,0.2813001674798173,0.009187623687895656,0.5463787242766377
19,2021,0.5011440227136583,4838792.0,0.16313348455564944,0.2813001674798173,0.009187623687895656,0.5463787242766377
19,2022,0.4422783662486705,4838792.0,0.16313348455564944,0.2813001674798173,0.009187623687895656,0.5463787242766377
19,2023,0.4274340851154316,4838792.0,0.16313348455564944,0.2813001674798173,0.009187623687895656,0.5463787242766377
19,2024,0.4333671793310909,4846559.0,0.16336518342188758,0.28109489639969304,0.009196008962234856,0.5463439112161845
19,2025,0.4198588083000263,4838792.0,0.16313348455564944,0.2813001674798173,0.009187623687895656,0.5463787242766377
27,2017,0.5909535403954105,6748725.0,0.3874014721299208,0.5014166379575401,0.018935428543910147,0.0922464613686289
27,2018,0.48375743866382565,6748725.0,0.3874014721299208,0.5014166379575401,0.018935428543910147,0.0922464613686289
27,2019,0.6046300101777524,6748725.0,0.3874014721299208,0.5014166379575401,0.018935428543910147,0.0922464613686289
27,2020,0.5701624129710798,6748725.0,0.3874014721299208,0.5014166379575401,0.018935428543910147,0.0922464613686289
27,2021,0.631160636614782,6748725.0,0.3874014721299208,0.5014166379575401,0.018935428543910147,0.0922464613686289
27,2022,0.5282384544298281,6748725.0,0.3874014721299208,0.5014166379575401,0.018935428543910147,0.0922464613686289
27,2023,0.519895617348087,6748725.0,0.3874014721299208,0.5014166379575401,0.018935428543910147,0.0922464613686289
27,2024,0.5637286223015509,6762571.0,0.3876485733014855,0.50081396557611,0.018945013664181862,0.09259244745822262
27,2025,0.5038683626673405,6748725.0,0.3874014721299208,0.5014166379575401,0.018935428543910147,0.0922464613686289
35,2017,0.5803027334145108,4815701.0,0.352840219938904,0.5836529302795169,0.01199638432701698,0.05151046545456207
35,2018,0.4438522100232779,4815701.0,0.352840219938904,0.5836529302795169,0.01199638432701698,0.05151046545456207
35,2019,0.558446038165296,4815701.0,0.352840219938904,0.5836529302795169,0.01199638432701698,0.05151046545456207
35,2020,0.5522279361230158,4815701.0,0.352840219938904,0.5836529302795169,0.01199638432701698,0.05151046545456207
35,2021,0.5993295287456131,4815701.0,0.352840219938904,0.5836529302795169,0.01199638432701698,0.05151046545456207
35,2022,0.5179968271249848,4815701.0,0.352840219938904,0.5836529302795169,0.01199638432701698,0.05151046545456207
35,2023,0.515457098832192,4815701.0,0.352840219938904,0.5836529302795169,0.01199638432701698,0.05151046545456207
35,2024,0.547996732611534,4824973.0,0.35325897160460795,0.58303103457781,0.01202701030658617,0.05168298351099581
35,2025,0.49696792421309777,4815701.0,0.352840219938904,0.5836529302795169,0.01199638432701698,0.05151046545456207
43,2017,0.5854927629449703,2825573.0,0.29956472545568635,0.6177274485564521,0.021170927100450068,0.06153689888741151
43,2018,0.46429009006092503,2825573.0,0.29956472545568635,0.6177274485564521,0.021170927100450068,0.06153689888741151
43,2019,0.5740892284897932,2825573.0,0.29956472545568635,0.6177274485564521,0.021170927100450068,0.06153689888741151
43,2020,0.5771387453350213,2825573.0,0.29956472545568635,0.6177274485564521,0.021170927100450068,0.06153689888741151
43,2021,0.6322614907277128,2825573.0,0.29956472545568635,0.6177274485564521,0.021170927100450068,0.06153689888741151
43,2022,0.5583645688292539,2825573.0,0.29956472545568635,0.6177274485564521,0.021170927100450068,0.06153689888741151
43,2023,0.5403135365271368,2825573.0,0.29956472545568635,0.6177274485564521,0.021170927100450068,0.06153689888741151
43,2024,0.547027595117234,2834640.0,0.3000638529054836,0.6167298140151836,0.021166003443117996,0.06204032963621483
43,2025,0.5174405829393969,2825573.0,0.29956472545568635,0.6177274485564521,0.021170927100450068,0.06153689888741151
51,2017,0.515409407334534,4173389.0,0.45850147206502917,0.3819411514239387,0.04439269859579349,0.11516467791523867
51,2018,0.511898191752712,4173389.0,0.45850147206502917,0.3819411514239387,0.04439269859579349,0.11516467791523867
51,2019,0.5602949541628816,4173389.0,0.45850147206502917,0.3819411514239387,0.04439269859579349,0.11516467791523867
51,2020,0.5978529112331201,4173389.0,0.45850147206502917,0.3819411514239387,0.04439269859579349,0.11516467791523867
51,2021,0.6241426167305867,4173389.0,0.45850147206502917,0.3819411514239387,0.04439269859579349,0.11516467791523867
51,2022,0.5164516957559365,4173389.0,0.45850147206502917,0.3819411514239387,0.04439269859579349,0.11516467791523867
51,2023,0.49272016785129136,4173389.0,0.45850147206502917,0.3819411514239387,0.04439269859579349,0.11516467791523867
51,2024,0.5796071227914159,4176727.0,0.45838667454205173,0.38185330283736524,0.044369430896489044,0.11539059172409401
51,2025,0.4903974898864483,4173389.0,0.45850147206502917,0.3819411514239387,0.04439269859579349,0.11516467791523867
60,2017,0.5122096763929426,2757538.0,0.4403000067451473,0.45126558546065365,0.036602215454510506,0.07183219233968852
60,2018,0.5139780819833673,2757538.0,0.4403000067451473,0.45126558546065365,0.036602215454510506,0.07183219233968852
60,2019,0.5700077481890676,2757538.0,0.4403000067451473,0.45126558546065365,0.036602215454510506,0.07183219233968852
60,2020,0.6078957332088354,2757538.0,0.4403000067451473,0.45126558546065365,0.036602215454510506,0.07183219233968852
60,2021,0.5916563512048225,2757538.0,0.4403000067451473,0.45126558546065365,0.036602215454510506,0.07183219233968852
60,2022,0.5168377671868107,2757538.0,0.4403000067451473,0.45126558546065365,0.036602215454510506,0.07183219233968852
60,2023,0.46906363386222283,2757538.0,0.4403000067451473,0.45126558546065365,0.036602215454510506,0.07183219233968852
60,2024,0.5574008558271257,2760115.0,0.4402889010059364,0.45110729081940426,0.036595938937326884,0.0720078692373325
60,2025,0.48220795178441206,2757538.0,0.4403000067451473,0.45126558546065365,0.036602215454510506,0.07183219233968852
78,2017,0.4762705258948495,3468499.0,0.3611524754656121,0.4636873183472159,0.015933116890043793,0.15922708929712823
78,2018,0.4687865538532497,3468499.0,0.3611524754656121,0.4636873183472159,0.015933116890043793,0.15922708929712823
78,2019,0.540064575407813,3468499.0,0.3611524754656121,0.4636873183472159,0.015933116890043793,0.15922708929712823
78,2020,0.5330671928105786,3468499.0,0.3611524754656121,0.4636873183472159,0.015933116890043793,0.15922708929712823
78,2021,0.5801607134842433,3468499.0,0.3611524754656121,0.4636873183472159,0.015933116890043793,0.15922708929712823
78,2022,0.4843033830132858,3468499.0,0.3611524754656121,0.4636873183472159,0.015933116890043793,0.15922708929712823
78,2023,0.43429565305952406,3468499.0,0.3611524754656121,0.4636873183472159,0.015933116890043793,0.15922708929712823
78,2024,0.5421390294196893,3471863.0,0.3612697275209304,0.46342842445108,0.0159948707653499,0.15930697726263968
78,2025,0.4953467655939626,3468499.0,0.3611524754656121,0.4636873183472159,0.015933116890043793,0.15922708929712823
86,2017,0.4037412477263987,3651346.0,0.14625866735171084,0.7530077949337038,0.005518786770686755,0.0952147509438985
86,2018,0.42343459587362886,3651346.0,0.14625866735171084,0.7530077949337038,0.005518786770686755,0.0952147509438985
86,2019,0.46632783189328475,3651346.0,0.14625866735171084,0.7530077949337038,0.005518786770686755,0.0952147509438985
86,2020,0.4584101266960725,3651346.0,0.14625866735171084,0.7530077949337038,0.005518786770686755,0.0952147509438985
86,2021,0.5495518662196657,3651346.0,0.14625866735171084,0.7530077949337038,0.005518786770686755,0.0952147509438985
86,2022,0.40333934644879277,3651346.0,0.14625866735171084,0.7530077949337038,0.005518786770686755,0.0952147509438985
86,2023,0.39479771274551195,3651346.0,0.14625866735171084,0.7530077949337038,0.005518786770686755,0.0952147509438985
86,2024,0.4878212872676872,3653857.0,0.1465103861481169,0.7526249658922065,0.005518552039666577,0.09534609592001
86,2025,0.4324267519864998,3651346.0,0.14625866735171084,0.7530077949337038,0.005518786770686755,0.0952147509438985
94,2017,0.492548671742324,5695126.0,0.17970155532994353,0.7102578590886313,0.009444391572723764,0.10059619400870147
94,2018,0.4008548748326799,5695126.0,0.17970155532994353,0.7102578590886313,0.009444391572723764,0.10059619400870147
94,2019,0.5250788706364383,5695126.0,0.17970155532994353,0.7102578590886313,0.009444391572723764,0.10059619400870147
94,2020,0.536634243909414,5695126.0,0.17970155532994353,0.7102578590886313,0.009444391572723764,0.10059619400870147
94,2021,0.5670262655665544,5695126.0,0.17970155532994353,0.7102578590886313,0.009444391572723764,0.10059619400870147
94,2022,0.5140989266010744,5695126.0,0.17970155532994353,0.7102578590886313,0.009444391572723764,0.10059619400870147
94,2023,0.43693041341992106,5695126.0,0.17970155532994353,0.7102578590886313,0.009444391572723764,0.10059619400870147
94,2024,0.48519622820549985,5702444.0,0.1800485896924196,0.7096897400483021,0.009461381821548796,0.10080028843772951
94,2025,0.495313935129387,5695126.0,0.17970155532994353,0.7102578590886313,0.009444391572723764,0.10059619400870147
108,2017,0.511467802884473,1618480.0,0.14423286046166775,0.7412356037763828,0.0021915624536602246,0.11233997330828926
108,2018,0.4220168342055202,1618480.0,0.14423286046166775,0.7412356037763828,0.0021915624536602246,0.11233997330828926
108,2019,0.49231014071298207,1618480.0,0.14423286046166775,0.7412356037763828,0.0021915624536602246,0.11233997330828926
108,2020,0.5341340521267088,1618480.0,0.14423286046166775,0.7412356037763828,0.0021915624536602246,0.11233997330828926
108,2021,0.5479571348204796,1618480.0,0.14423286046166775,0.7412356037763828,0.0021915624536602246,0.11233997330828926
108,2022,0.5125345349191034,1618480.0,0.14423286046166775,0.7412356037763828,0.0021915624536602246,0.11233997330828926
108,2023,0.43706769730388356,1618480.0,0.14423286046166775,0.7412356037763828,0.0021915624536602246,0.11233997330828926
108,2024,0.4719452183354111,1619677.0,0.14440224810255378,0.7409156270046435,0.002189942809584874,0.11249218208321783
108,2025,0.5019752296727344,1618480.0,0.14423286046166775,0.7412356037763828,0.0021915624536602246,0.11233997330828926
116,2017,0.5372872744139823,6295867.0,0.3292274122054993,0.5897746886965687,0.012975178795867194,0.06802272030206483
116,2018,0.4454517434108402,6295867.0,0.3292274122054993,0.5897746886965687,0.012975178795867194,0.06802272030206483
116,2019,0.5834339846721697,6295867.0,0.3292274122054993,0.5897746886965687,0.012975178795867194,0.06802272030206483
116,2020,0.5767643294469357,6295867.0,0.3292274122054993,0.5897746886965687,0.012975178795867194,0.06802272030206483
116,2021,0.5977235174991319,6295867.0,0.3292274122054993,0.5897746886965687,0.012975178795867194,0.06802272030206483
116,2022,0.5159617848438478,6295867.0,0.3292274122054993,0.5897746886965687,0.012975178795867194,0.06802272030206483
116,2023,0.4652105388289785,6295867.0,0.3292274122054993,0.5897746886965687,0.012975178795867194,0.06802272030206483
116,2024,0.5564585626381328,6305552.0,0.32953847656795154,0.589248966624968,0.012990932435415646,0.06822162437166485
116,2025,0.5277999113448226,6295867.0,0.3292274122054993,0.5897746886965687,0.012975178795867194,0.06802272030206483
124,2017,0.47903704062254127,2712424.0,0.19948171819744995,0.709723111136017,0.007801140234712567,0.0829940304318204
124,2018,0.41506562119435453,2712424.0,0.19948171819744995,0.709723111136017,0.007801140234712567,0.0829940304318204
124,2019,0.5563563649472165,2712424.0,0.19948171819744995,0.709723111136017,0.007801140234712567,0.0829940304318204
124,2020,0.5601466446308364,2712424.0,0.19948171819744995,0.709723111136017,0.007801140234712567,0.0829940304318204
124,2021,0.6122896731486391,2712424.0,0.19948171819744995,0.709723111136017,0.007801140234712567,0.0829940304318204
124,2022,0.4835853971702628,2712424.0,0.19948171819744995,0.709723111136017,0.007801140234712567,0.0829940304318204
124,2023,0.4306329372431615,2712424.0,0.19948171819744995,0.709723111136017,0.007801140234712567,0.0829940304318204
124,2024,0.511909391973989,2715267.0,0.1997184807239951,0.7092978333254152,0.007800706155232616,0.08318297979535715
124,2025,0.5157955218660787,2712424.0,0.19948171819744995,0.709723111136017,0.007801140234712567,0.0829940304318204
132,2017,0.4639460320187389,1254290.0,0.14364142263750806,0.6579180253370432,0.00648653820089453,0.19195401382455413
132,2018,0.4177835836938792,1254290.0,0.14364142263750806,0.6579180253370432,0.00648653820089453,0.19195401382455413
132,2019,0.45144076306795783,1254290.0,0.14364142263750806,0.6579180253370432,0.00648653820089453,0.19195401382455413
132,2020,0.46762442195732173,1254290.0,0.14364142263750806,0.6579180253370432,0.00648653820089453,0.19195401382455413
132,2021,0.5648919863726585,1254290.0,0.14364142263750806,0.6579180253370432,0.00648653820089453,0.19195401382455413
132,2022,0.4383337000965317,1254290.0,0.14364142263750806,0.6579180253370432,0.00648653820089453,0.19195401382455413
132,2023,0.42256833726640464,1254290.0,0.14364142263750806,0.6579180253370432,0.00648653820089453,0.19195401382455413
132,2024,0.4626714391467469,1255445.0,0.14385974694231926,0.6575493151830626,0.006480570634316916,0.19211036724030126
132,2025,0.43053801849224627,1254290.0,0.14364142263750806,0.6579180253370432,0.00648653820089453,0.19195401382455413
141,2017,0.4818339365298237,4458882.0,0.32122289847544744,0.5758479367698002,0.010937495094061696,0.09199166966069072
141,2018,0.4554222081859081,4458882.0,0.32122289847544744,0.5758479367698002,0.010937495094061696,0.09199166966069072
141,2019,0.539367417414043,4458882.0,0.32122289847544744,0.5758479367698002,0.010937495094061696,0.09199166966069072
141,2020,0.5461584555435353,4458882.0,0.32122289847544744,0.5758479367698002,0.010937495094061696,0.09199166966069072
141,2021,0.5964535842444615,4458882.0,0.32122289847544744,0.5758479367698002,0.010937495094061696,0.09199166966069072
141,2022,0.4618970729443526,4458882.0,0.32122289847544744,0.5758479367698002,0.010937495094061696,0.09199166966069072
141,2023,0.5004584281286072,4458882.0,0.32122289847544744,0.5758479367698002,0.010937495094061696,0.09199166966069072
141,2024,0.523735105631068,4461884.0,0.32138576439907446,0.5755642683673533,0.010939997543638516,0.09210996968993367
141,2025,0.4653457898871381,4458882.0,0.32122289847544744,0.5758479367698002,0.010937495094061696,0.09199166966069072
159,2017,0.4536332152429347,1075691.0,0.12894781122088034,0.6871741048312201,0.01210849584127784,0.17176958810662168
159,2018,0.4057901498616205,1075691.0,0.12894781122088034,0.6871741048312201,0.01210849584127784,0.17176958810662168
159,2019,0.4924907297961505,1075691.0,0.12894781122088034,0.6871741048312201,0.01210849584127784,0.17176958810662168
159,2020,0.5073894988798836,1075691.0,0.12894781122088034,0.6871741048312201,0.01210849584127784,0.17176958810662168
159,2021,0.5361921286720401,1075691.0,0.12894781122088034,0.6871741048312201,0.01210849584127784,0.17176958810662168
159,2022,0.43583761030008955,1075691.0,0.12894781122088034,0.6871741048312201,0.01210849584127784,0.17176958810662168
159,2023,0.46763493389899163,1075691.0,0.12894781122088034,0.6871741048312201,0.01210849584127784,0.17176958810662168
159,2024,0.4402065904930874,1077306.0,0.1295119492511877,0.6864001500038058,0.012122832324334962,0.17196506842067155
159,2025,0.41688517035650724,1075691.0,0.12894781122088034,0.6871741048312201,0.01210849584127784,0.17176958810662168
167,2017,0.5219417517273497,8001279.0,0.2979164956002659,0.6012594986376553,0.020571836077707076,0.08025216968437171
167,2018,0.44003994516841355,8001279.0,0.2979164956002659,0.6012594986376553,0.020571836077707076,0.08025216968437171
167,2019,0.558209811996656,8001279.0,0.2979164956002659,0.6012594986376553,0.020571836077707076,0.08025216968437171
167,2020,0.5417970610585827,8001279.0,0.2979164956002659,0.6012594986376553,0.020571836077707076,0.08025216968437171
167,2021,0.5943785608918667,8001279.0,0.2979164956002659,0.6012594986376553,0.020571836077707076,0.08025216968437171
167,2022,0.4707647459347608,8001279.0,0.2979164956002659,0.6012594986376553,0.020571836077707076,0.08025216968437171
167,2023,0.47908844772829823,8001279.0,0.2979164956002659,0.6012594986376553,0.020571836077707076,0.08025216968437171
167,2024,0.5331666950442521,8007790.0,0.2980620121157023,0.6009789217749216,0.02057021974851988,0.08038884636085612
167,2025,0.47177885201436076,8001279.0,0.2979164956002659,0.6012594986376553,0.020571836077707076,0.08025216968437171
175,2017,0.5525217939607975,2075107.0,0.3531350431568107,0.548096074081963,0.03272650518744335,0.06604237757378294
175,2018,0.5043129574295828,2075107.0,0.3531350431568107,0.548096074081963,0.03272650518744335,0.06604237757378294
175,2019,0.5890608724011701,2075107.0,0.3531350431568107,0.548096074081963,0.03272650518744335,0.06604237757378294
175,2020,0.5792948500262415,2075107.0,0.3531350431568107,0.548096074081963,0.03272650518744335,0.06604237757378294
175,2021,0.621259032579437,2075107.0,0.3531350431568107,0.548096074081963,0.03272650518744335,0.06604237757378294
175,2022,0.5364230718270002,2075107.0,0.3531350431568107,0.548096074081963,0.03272650518744335,0.06604237757378294
175,2023,0.5146085867669468,2075107.0,0.3531350431568107,0.548096074081963,0.03272650518744335,0.06604237757378294
175,2024,0.5692201554544102,2077195.0,0.353295670363158,0.5478527533524777,0.032718160788948555,0.0661334154954157
175,2025,0.5260093293175823,2075107.0,0.3531350431568107,0.548096074081963,0.03272650518744335,0.06604237757378294
183,2017,0.4737891744015658,1392393.0,0.2396808946899331,0.6026789850279339,0.027143916983208047,0.13049620329892495
183,2018,0.48147865282146385,1392393.0,0.2396808946899331,0.6026789850279339,0.027143916983208047,0.13049620329892495
183,2019,0.48926813925926654,1392393.0,0.2396808946899331,0.6026789850279339,0.027143916983208047,0.13049620329892495
183,2020,0.5352482749524925,1392393.0,0.2396808946899331,0.6026789850279339,0.027143916983208047,0.13049620329892495
183,2021,0.5084968571799053,1392393.0,0.2396808946899331,0.6026789850279339,0.027143916983208047,0.13049620329892495
183,2022,0.4980334783351963,1392393.0,0.2396808946899331,0.6026789850279339,0.027143916983208047,0.13049620329892495
183,2023,0.4816820791322512,1392393.0,0.2396808946899331,0.6026789850279339,0.027143916983208047,0.13049620329892495
183,2024,0.46141378664634675,1394826.0,0.24025720770906192,0.6019460491846295,0.02712237942223618,0.13067436368407243
183,2025,0.4582980338025259,1392393.0,0.2396808946899331,0.6026789850279339,0.027143916983208047,0.13049620329892495
191,2017,0.5389548144775962,3495697.0,0.21434352004764715,0.6825171060306429,0.00528335264755498,0.09785602127415505
191,2018,0.440177046608641,3495697.0,0.21434352004764715,0.6825171060306429,0.00528335264755498,0.09785602127415505
191,2019,0.5039577013015369,3495697.0,0.21434352004764715,0.6825171060306429,0.00528335264755498,0.09785602127415505
191,2020,0.5397041450946791,3495697.0,0.21434352004764715,0.6825171060306429,0.00528335264755498,0.09785602127415505
191,2021,0.5634989458177821,3495697.0,0.21434352004764715,0.6825171060306429,0.00528335264755498,0.09785602127415505
191,2022,0.4890387932062992,3495697.0,0.21434352004764715,0.6825171060306429,0.00528335264755498,0.09785602127415505
191,2023,0.4988200747586347,3495697.0,0.21434352004764715,0.6825171060306429,0.00528335264755498,0.09785602127415505
191,2024,0.49629499780087083,3498957.0,0.2145547944716097,0.682123844334183,0.005298436076808031,0.09802292511739927
191,2025,0.5026244779269139,3495697.0,0.21434352004764715,0.6825171060306429,0.00528335264755498,0.09785602127415505
205,2017,0.4822157627242686,3415239.0,0.20012655044054017,0.7078687611613711,0.014724006138369819,0.07728068225971886
205,2018,0.41051360002962844,3415239.0,0.20012655044054017,0.7078687611613711,0.014724006138369819,0.07728068225971886
205,2019,0.5248984684152211,3415239.0,0.20012655044054017,0.7078687611613711,0.014724006138369819,0.07728068225971886
205,2020,0.5024301424401285,3415239.0,0.20012655044054017,0.7078687611613711,0.014724006138369819,0.07728068225971886
205,2021,0.5503557840063489,3415239.0,0.20012655044054017,0.7078687611613711,0.014724006138369819,0.07728068225971886
205,2022,0.4811474558116006,3415239.0,0.20012655044054017,0.7078687611613711,0.014724006138369819,0.07728068225971886
205,2023,0.4802834038071498,3415239.0,0.20012655044054017,0.7078687611613711,0.014724006138369819,0.07728068225971886
205,2024,0.49787440256925247,3419653.0,0.20040805309778506,0.7073179647174728,0.014768749928720837,0.0775052322560213
205,2025,0.5180289573970636,3415239.0,0.20012655044054017,0.7078687611613711,0.014724006138369819,0.07728068225971886
213,2017,0.4552399797378173,3687985.0,0.16680897563303537,0.643953812176568,0.00561743065657805,0.1836197815338186
213,2018,0.4476773422846736,3687985.0,0.16680897563303537,0.643953812176568,0.00561743065657805,0.1836197815338186
213,2019,0.4774022883419387,3687985.0,0.16680897563303537,0.643953812176568,0.00561743065657805,0.1836197815338186
213,2020,0.5086852250873647,3687985.0,0.16680897563303537,0.643953812176568,0.00561743065657805,0.1836197815338186
213,2021,0.5514670360940251,3687985.0,0.16680897563303537,0.643953812176568,0.00561743065657805,0.1836197815338186
213,2022,0.44751418509317875,3687985.0,0.16680897563303537,0.643953812176568,0.00561743065657805,0.1836197815338186
213,2023,0.47110139721200056,3687985.0,0.16680897563303537,0.643953812176568,0.00561743065657805,0.1836197815338186
213,2024,0.46353490493499855,3692948.0,0.16715859524694093,0.6433534942815333,0.005615567833611521,0.18387234263791422
213,2025,0.4215862487542225,3687985.0,0.16680897563303537,0.643953812176568,0.00561743065657805,0.1836197815338186
221,2017,0.5679169475497324,3720661.0,0.40199873087067056,0.4157234426893501,0.010414278538141475,0.17186354790183786
221,2018,0.5008426346120703,3720661.0,0.40199873087067056,0.4157234426893501,0.010414278538141475,0.17186354790183786
221,2019,0.6076267479408436,3720661.0,0.40199873087067056,0.4157234426893501,0.010414278538141475,0.17186354790183786
221,2020,0.6010062250386894,3720661.0,0.40199873087067056,0.4157234426893501,0.010414278538141475,0.17186354790183786
221,2021,0.5904621164759152,3720661.0,0.40199873087067056,0.4157234426893501,0.010414278538141475,0.17186354790183786
221,2022,0.5072381666899481,3720661.0,0.40199873087067056,0.4157234426893501,0.010414278538141475,0.17186354790183786
221,2023,0.4639113445752695,3720661.0,0.40199873087067056,0.4157234426893501,0.010414278538141475,0.17186354790183786
221,2024,0.5724098768271669,3726917.0,0.40219114082765994,0.4152995626143539,0.010407261551571984,0.17210203500641416
221,2025,0.5174807837647251,3720661.0,0.40199873087067056,0.4157234426893501,0.010414278538141475,0.17186354790183786
230,2017,0.517269549803161,5681816.0,0.3407776668586241,0.4634217299539443,0.00964427570340187,0.18615632748402974
230,2018,0.479622660007564,5681816.0,0.3407776668586241,0.4634217299539443,0.00964427570340187,0.18615632748402974
230,2019,0.5171571603291574,5681816.0,0.3407776668586241,0.4634217299539443,0.00964427570340187,0.18615632748402974
230,2020,0.5555498338430328,5681816.0,0.3407776668586241,0.4634217299539443,0.00964427570340187,0.18615632748402974
230,2021,0.6018174485255963,5681816.0,0.3407776668586241,0.4634217299539443,0.00964427570340187,0.18615632748402974
230,2022,0.49112363427575595,5681816.0,0.3407776668586241,0.4634217299539443,0.00964427570340187,0.18615632748402974
230,2023,0.44503325313768405,5681816.0,0.3407776668586241,0.4634217299539443,0.00964427570340187,0.18615632748402974
230,2024,0.5328312240233499,5689447.0,0.3408814600083277,0.4629715330857287,0.009643116457539722,0.18650389044840385
230,2025,0.46842808290233245,5681816.0,0.3407776668586241,0.4634217299539443,0.00964427570340187,0.18615632748402974
248,2017,0.5865386536036226,3097716.0,0.5421788182002482,0.3581332181516963,0.02602401253052249,0.07366395111753304
248,2018,0.5531859915310379,3097716.0,0.5421788182002482,0.3581332181516963,0.02602401253052249,0.07366395111753304
248,2019,0.5368656577372672,3097716.0,0.5421788182002482,0.3581332181516963,0.02602401253052249,0.07366395111753304
248,2020,0.5922302561711836,3097716.0,0.5421788182002482,0.3581332181516963,0.02602401253052249,0.07366395111753304
248,2021,0.633419125019937,3097716.0,0.5421788182002482,0.3581332181516963,0.02602401253052249,0.07366395111753304
248,2022,0.541085925912997,3097716.0,0.5421788182002482,0.3581332181516963,0.02602401253052249,0.07366395111753304
248,2023,0.4846776490009316,3097716.0,0.5421788182002482,0.3581332181516963,0.02602401253052249,0.07366395111753304
248,2024,0.5890939169631664,3102493.0,0.5421530362840464,0.35785769701978376,0.026016174734318498,0.07397309196185133
248,2025,0.47455574034414405,3097716.0,0.5421788182002482,0.3581332181516963,0.02602401253052249,0.07366395111753304
256,2017,0.597142747442298,7770609.0,0.5071799391785122,0.3872790408061968,0.0327965285603741,0.07274449145491685
256,2018,0.5613999882848985,7770609.0,0.5071799391785122,0.3872790408061968,0.0327965285603741,0.07274449145491685
256,2019,0.5363013049189296,7770609.0,0.5071799391785122,0.3872790408061968,0.0327965285603741,0.07274449145491685
256,2020,0.5695268004223222,7770609.0,0.5071799391785122,0.3872790408061968,0.0327965285603741,0.07274449145491685
256,2021,0.6120728219501536,7770609.0,0.5071799391785122,0.3872790408061968,0.0327965285603741,0.07274449145491685
256,2022,0.5060944094407213,7770609.0,0.5071799391785122,0.3872790408061968,0.0327965285603741,0.07274449145491685
256,2023,0.5363470328791462,7770609.0,0.5071799391785122,0.3872790408061968,0.0327965285603741,0.07274449145491685
256,2024,0.6038866453731803,7784371.0,0.5070716696313677,0.3870492554889791,0.03278286710641104,0.07309620777324205
256,2025,0.4844837616778652,7770609.0,0.5071799391785122,0.3872790408061968,0.0327965285603741,0.07274449145491685
264,2017,0.6071567699353815,4335373.0,0.3855029313510049,0.5289770914751741,0.02892784542414228,0.05659213174967875
264,2018,0.5254695210506265,4335373.0,0.3855029313510049,0.5289770914751741,0.02892784542414228,0.05659213174967875
264,2019,0.535838252939459,4335373.0,0.3855029313510049,0.5289770914751741,0.02892784542414228,0.05659213174967875
264,2020,0.616468013604706,4335373.0,0.3855029313510049,0.5289770914751741,0.02892784542414228,0.05659213174967875
264,2021,0.6270668816613355,4335373.0,0.3855029313510049,0.5289770914751741,0.02892784542414228,0.05659213174967875
264,2022,0.5584251512091277,4335373.0,0.3855029313510049,0.5289770914751741,0.02892784542414228,0.05659213174967875
264,2023,0.5714452962901913,4335373.0,0.3855029313510049,0.5289770914751741,0.02892784542414228,0.05659213174967875
264,2024,0.5793897402249097,4349899.0,0.38595332903131774,0.5281184689575551,0.028887797164945668,0.05704040484618149
264,2025,0.5389151453666077,4335373.0,0.3855029313510049,0.5289770914751741,0.02892784542414228,0.05659213174967875
272,2017,0.45028924345945753,8844128.0,0.43524110008358086,0.4964197714008662,0.015271262469290359,0.05306786604626256
272,2018,0.4546062868320371,8844128.0,0.43524110008358086,0.4964197714008662,0.015271262469290359,0.05306786604626256
272,2019,0.5561603211507479,8844128.0,0.43524110008358086,0.4964197714008662,0.015271262469290359,0.05306786604626256
272,2020,0.5630813301015326,8844128.0,0.43524110008358086,0.4964197714008662,0.015271262469290359,0.05306786604626256
272,2021,0.5711299860454219,8844128.0,0.43524110008358086,0.4964197714008662,0.015271262469290359,0.05306786604626256
272,2022,0.4883823372947527,8844128.0,0.43524110008358086,0.4964197714008662,0.015271262469290359,0.05306786604626256
272,2023,0.39913046958536336,8844128.0,0.43524110008358086,0.4964197714008662,0.015271262469290359,0.05306786604626256
272,2024,0.5719817267552886,8851697.0,0.4352691918849007,0.4962117433527153,0.015274359255632,0.053244705506751984
272,2025,0.4942958669292069,8844128.0,0.43524110008358086,0.4964197714008662,0.015271262469290359,0.05306786604626256
281,2017,0.6093492684858935,4295195.0,0.4931210340857633,0.435791855783032,0.021683299594081294,0.04940381053712346
281,2018,0.6298865381136303,4295195.0,0.4931210340857633,0.435791855783032,0.021683299594081294,0.04940381053712346
281,2019,0.6175112577482144,4295195.0,0.4931210340857633,0.435791855783032,0.021683299594081294,0.04940381053712346
281,2020,0.6611159762219215,4295195.0,0.4931210340857633,0.435791855783032,0.021683299594081294,0.04940381053712346
281,2021,0.626765279328356,4295195.0,0.4931210340857633,0.435791855783032,0.021683299594081294,0.04940381053712346
281,2022,0.5989466437550012,4295195.0,0.4931210340857633,0.435791855783032,0.021683299594081294,0.04940381053712346
281,2023,0.48067585782810696,4295195.0,0.4931210340857633,0.435791855783032,0.021683299594081294,0.04940381053712346
281,2024,0.6256650805282947,4312695.0,0.49383969884260304,0.434727936939663,0.02166649855832606,0.04976586565940786
281,2025,0.502740969230831,4295195.0,0.4931210340857633,0.435791855783032,0.021683299594081294,0.04940381053712346
299,2017,0.595867863346664,2563162.0,0.3317913577058337,0.6049016800342701,0.008045531261777445,0.05526143099811873
299,2018,0.5056651280470438,2563162.0,0.3317913577058337,0.6049016800342701,0.008045531261777445,0.05526143099811873
299,2019,0.5496642583758181,2563162.0,0.3317913577058337,0.6049016800342701,0.008045531261777445,0.05526143099811873
299,2020,0.5639848092166727,2563162.0,0.3317913577058337,0.6049016800342701,0.008045531261777445,0.05526143099811873
299,2021,0.6109729919099098,2563162.0,0.3317913577058337,0.6049016800342701,0.008045531261777445,0.05526143099811873
299,2022,0.5330647945742543,2563162.0,0.3317913577058337,0.6049016800342701,0.008045531261777445,0.05526143099811873
299,2023,0.4797740190502719,2563162.0,0.3317913577058337,0.6049016800342701,0.008045531261777445,0.05526143099811873
299,2024,0.5849960357678596,2569432.0,0.332318193281628,0.6040654121222122,0.00803523891661659,0.055581155679543186
299,2025,0.45091950011074244,2563162.0,0.3317913577058337,0.6049016800342701,0.008045531261777445,0.05526143099811873
302,2017,0.5520433874281286,8659553.0,0.3632138979921943,0.5114328649527291,0.01012500298802952,0.1152282340670471
302,2018,0.5387936497714665,8659553.0,0.3632138979921943,0.5114328649527291,0.01012500298802952,0.1152282340670471
302,2019,0.5672161278662875,8659553.0,0.3632138979921943,0.5114328649527291,0.01012500298802952,0.1152282340670471
302,2020,0.5935386801481685,8659553.0,0.3632138979921943,0.5114328649527291,0.01012500298802952,0.1152282340670471
302,2021,0.5799363689933853,8659553.0,0.3632138979921943,0.5114328649527291,0.01012500298802952,0.1152282340670471
302,2022,0.5608274977781065,8659553.0,0.3632138979921943,0.5114328649527291,0.01012500298802952,0.1152282340670471
302,2023,0.4436173778489986,8659553.0,0.3632138979921943,0.5114328649527291,0.01012500298802952,0.1152282340670471
302,2024,0.5889265530606302,8693556.0,0.3640876069585334,0.5101707517614196,0.01010668131659818,0.11563495996344879
302,2025,0.4644073170211229,8659553.0,0.3632138979921943,0.5114328649527291,0.01012500298802952,0.1152282340670471
311,2017,0.6455136382887623,4749533.0,0.5724402799180467,0.34402540207637256,0.04867173256823355,0.03486258543734721
311,2018,0.6996675658569145,4749533.0,0.5724402799180467,0.34402540207637256,0.04867173256823355,0.03486258543734721
311,2019,0.6360060631564862,4749533.0,0.5724402799180467,0.34402540207637256,0.04867173256823355,0.03486258543734721
311,2020,0.6924423321530674,4749533.0,0.5724402799180467,0.34402540207637256,0.04867173256823355,0.03486258543734721
311,2021,0.6575046518121124,4749533.0,0.5724402799180467,0.34402540207637256,0.04867173256823355,0.03486258543734721
311,2022,0.5813296863986107,4749533.0,0.5724402799180467,0.34402540207637256,0.04867173256823355,0.03486258543734721
311,2023,0.47355288640980553,4749533.0,0.5724402799180467,0.34402540207637256,0.04867173256823355,0.03486258543734721
311,2024,0.6553433803068787,4756759.0,0.5724380823161316,0.3439339684856853,0.04866590886778161,0.034962040330401435
311,2025,0.5248791038386756,4749533.0,0.5724402799180467,0.34402540207637256,0.04867173256823355,0.03486258543734721
329,2017,0.6439444866267368,10611235.0,0.6156154302491652,0.27944758550724774,0.07028522127725943,0.03465176296632767
329,2018,0.6876728610784201,10611235.0,0.6156154302491652,0.27944758550724774,0.07028522127725943,0.03465176296632767
329,2019,0.6360221409088631,10611235.0,0.6156154302491652,0.27944758550724774,0.07028522127725943,0.03465176296632767
329,2020,0.6745850845656942,10611235.0,0.6156154302491652,0.27944758550724774,0.07028522127725943,0.03465176296632767
329,2021,0.6496920890008602,10611235.0,0.6156154302491652,0.27944758550724774,0.07028522127725943,0.03465176296632767
329,2022,0.5680199066542921,10611235.0,0.6156154302491652,0.27944758550724774,0.07028522127725943,0.03465176296632767
329,2023,0.4853051819155099,10611235.0,0.6156154302491652,0.27944758550724774,0.07028522127725943,0.03465176296632767
329,2024,0.6902744178434823,10624995.0,0.6154819837562276,0.2794193314914501,0.07023777422954082,0.034860910522781424
329,2025,0.48706763368005623,10611235.0,0.6156154302491652,0.27944758550724774,0.07028522127725943,0.03465176296632767
337,2017,0.45762877339809555,4615411.0,0.37505305594669686,0.5731344402481166,0.013990520020860547,0.03782198378432603
337,2018,0.491883262256709,4615411.0,0.37505305594669686,0.5731344402481166,0.013990520020860547,0.03782198378432603
337,2019,0.5476798700640954,4615411.0,0.37505305594669686,0.5731344402481166,0.013990520020860547,0.03782198378432603
337,2020,0.5136878156784678,4615411.0,0.37505305594669686,0.5731344402481166,0.013990520020860547,0.03782198378432603
337,2021,0.5332471299283533,4615411.0,0.37505305594669686,0.5731344402481166,0.013990520020860547,0.03782198378432603
337,2022,0.4771630097504631,4615411.0,0.37505305594669686,0.5731344402481166,0.013990520020860547,0.03782198378432603
337,2023,0.45131339145181876,4615411.0,0.37505305594669686,0.5731344402481166,0.013990520020860547,0.03782198378432603
337,2024,0.5503170363372218,4625773.0,0.3752760889909643,0.5726511006917114,0.01399528251818669,0.03807752779913757
337,2025,0.4895019307489826,4615411.0,0.37505305594669686,0.5731344402481166,0.013990520020860547,0.03782198378432603
345,2017,0.6046079699614512,8799180.0,0.46200839169104396,0.4627977834298196,0.028639032273461845,0.04655479260567462
345,2018,0.5676108473698914,8799180.0,0.46200839169104396,0.4627977834298196,0.028639032273461845,0.04655479260567462
345,2019,0.5953399160154532,8799180.0,0.46200839169104396,0.4627977834298196,0.028639032273461845,0.04655479260567462
345,2020,0.6068282835094537,8799180.0,0.46200839169104396,0.4627977834298196,0.028639032273461845,0.04655479260567462
345,2021,0.5948477500899498,8799180.0,0.46200839169104396,0.4627977834298196,0.028639032273461845,0.04655479260567462
345,2022,0.5715719128492887,8799180.0,0.46200839169104396,0.4627977834298196,0.028639032273461845,0.04655479260567462
345,2023,0.508137183526419,8799180.0,0.46200839169104396,0.4627977834298196,0.028639032273461845,0.04655479260567462
345,2024,0.631465784745338,8843869.0,0.4624550635021844,0.4620144192547402,0.02858635739629341,0.04694415984678199
345,2025,0.4747827044643151,8799180.0,0.46200839169104396,0.4627977834298196,0.028639032273461845,0.04655479260567462
353,2017,0.5899003316869267,4687777.0,0.597070637105818,0.32163795334121054,0.03752631577824628,0.043765093774725206
353,2018,0.6088463283876251,4687777.0,0.597070637105818,0.32163795334121054,0.03752631577824628,0.043765093774725206
353,2019,0.615706552988395,4687777.0,0.597070637105818,0.32163795334121054,0.03752631577824628,0.043765093774725206
353,2020,0.6309763341004471,4687777.0,0.597070637105818,0.32163795334121054,0.03752631577824628,0.043765093774725206
353,2021,0.6010491966834929,4687777.0,0.597070637105818,0.32163795334121054,0.03752631577824628,0.043765093774725206
353,2022,0.5766961074500372,4687777.0,0.597070637105818,0.32163795334121054,0.03752631577824628,0.043765093774725206
353,2023,0.46221441343781994,4687777.0,0.597070637105818,0.32163795334121054,0.03752631577824628,0.043765093774725206
353,2024,0.6386534811109166,4716569.0,0.5982781127552677,0.3202435923231485,0.03742042149706704,0.04405787342451685
353,2025,0.4700611152665541,4687777.0,0.597070637105818,0.32163795334121054,0.03752631577824628,0.043765093774725206
361,2017,0.618803112343237,2212880.0,0.386723184266657,0.5185554571418243,0.028975362423628935,0.06574599616788981
361,2018,0.5030255931991839,2212880.0,0.386723184266657,0.5185554571418243,0.028975362423628935,0.06574599616788981
361,2019,0.60167886392678,2212880.0,0.386723184266657,0.5185554571418243,0.028975362423628935,0.06574599616788981
361,2020,0.5947329758218218,2212880.0,0.386723184266657,0.5185554571418243,0.028975362423628935,0.06574599616788981
361,2021,0.5809003197732905,2212880.0,0.386723184266657,0.5185554571418243,0.028975362423628935,0.06574599616788981
361,2022,0.5426869480836288,2212880.0,0.386723184266657,0.5185554571418243,0.028975362423628935,0.06574599616788981
361,2023,0.5029969219179836,2212880.0,0.386723184266657,0.5185554571418243,0.028975362423628935,0.06574599616788981
361,2024,0.5722455206137469,2221245.0,0.38726389929971705,0.5176813003518297,0.02896798867301896,0.06608681167543427
361,2025,0.4797621937466897,2212880.0,0.386723184266657,0.5185554571418243,0.028975362423628935,0.06574599616788981
370,2017,0.596852546658358,2316428.0,0.3472531846446339,0.5791209569216051,0.026078945687066465,0.04754691274669448
370,2018,0.5170442908212933,2316428.0,0.3472531846446339,0.5791209569216051,0.026078945687066465,0.04754691274669448
370,2019,0.5925196596532095,2316428.0,0.3472531846446339,0.5791209569216051,0.026078945687066465,0.04754691274669448
370,2020,0.5788803808060833,2316428.0,0.3472531846446339,0.5791209569216051,0.026078945687066465,0.04754691274669448
370,2021,0.5599917011989739,2316428.0,0.3472531846446339,0.5791209569216051,0.026078945687066465,0.04754691274669448
370,2022,0.5339532490320422,2316428.0,0.3472531846446339,0.5791209569216051,0.026078945687066465,0.04754691274669448
370,2023,0.5601711914946206,2316428.0,0.3472531846446339,0.5791209569216051,0.026078945687066465,0.04754691274669448
370,2024,0.5803245111030695,2321540.0,0.3473987094773297,0.5785538909516958,0.02614040679893519,0.04790699277203925
370,2025,0.5114316481178953,2316428.0,0.3472531846446339,0.5791209569216051,0.026078945687066465,0.04754691274669448
388,2017,0.6143640081646967,8114000.0,0.35411473995563225,0.5741968203105743,0.021480157752033522,0.050208281981759924
388,2018,0.5186780483318056,8114000.0,0.35411473995563225,0.5741968203105743,0.021480157752033522,0.050208281981759924
388,2019,0.6101808457460299,8114000.0,0.35411473995563225,0.5741968203105743,0.021480157752033522,0.050208281981759924
388,2020,0.5799341689606411,8114000.0,0.35411473995563225,0.5741968203105743,0.021480157752033522,0.050208281981759924
388,2021,0.5771264110863565,8114000.0,0.35411473995563225,0.5741968203105743,0.021480157752033522,0.050208281981759924
388,2022,0.5611178350304317,8114000.0,0.35411473995563225,0.5741968203105743,0.021480157752033522,0.050208281981759924
388,2023,0.5463227052056061,8114000.0,0.35411473995563225,0.5741968203105743,0.021480157752033522,0.050208281981759924
388,2024,0.5961545828925559,8138560.0,0.35431206503361773,0.573589676797861,0.021502083906735345,0.05059617426178587
388,2025,0.4717235184137934,8114000.0,0.35411473995563225,0.5741968203105743,0.021480157752033522,0.050208281981759924
396,2017,0.6046679771896787,3724046.0,0.37792148646928636,0.5587240329469615,0.01690016718375659,0.046454313399995596
396,2018,0.5151074242509494,3724046.0,0.37792148646928636,0.5587240329469615,0.01690016718375659,0.046454313399995596
396,2019,0.5673398826983047,3724046.0,0.37792148646928636,0.5587240329469615,0.01690016718375659,0.046454313399995596
396,2020,0.5881532623370135,3724046.0,0.37792148646928636,0.5587240329469615,0.01690016718375659,0.046454313399995596
396,2021,0.6360149501167449,3724046.0,0.37792148646928636,0.5587240329469615,0.01690016718375659,0.046454313399995596
396,2022,0.5190006039810615,3724046.0,0.37792148646928636,0.5587240329469615,0.01690016718375659,0.046454313399995596
396,2023,0.5538520653607886,3724046.0,0.37792148646928636,0.5587240329469615,0.01690016718375659,0.046454313399995596
396,2024,0.5747019283972237,3736610.0,0.3785401741150401,0.5578080131456052,0.016885091031710563,0.04676672170764409
396,2025,0.5184136116295789,3724046.0,0.37792148646928636,0.5587240329469615,0.01690016718375659,0.046454313399995596
400,2017,0.5916131385467354,7123826.0,0.4037232240091209,0.5267674982516417,0.014310989628326127,0.05519828811091119
400,2018,0.5272326655769863,7123826.0,0.4037232240091209,0.5267674982516417,0.014310989628326127,0.05519828811091119
400,2019,0.5684416533504529,7123826.0,0.4037232240091209,0.5267674982516417,0.014310989628326127,0.05519828811091119
400,2020,0.5743070046900572,7123826.0,0.4037232240091209,0.5267674982516417,0.014310989628326127,0.05519828811091119
400,2021,0.6165811305179186,7123826.0,0.4037232240091209,0.5267674982516417,0.014310989628326127,0.05519828811091119
400,2022,0.5316796560576861,7123826.0,0.4037232240091209,0.5267674982516417,0.014310989628326127,0.05519828811091119
400,2023,0.5446480321609244,7123826.0,0.4037232240091209,0.5267674982516417,0.014310989628326127,0.05519828811091119
400,2024,0.5817877091901305,7145232.0,0.4042936604437756,0.5259393956697277,0.01430282459687803,0.055464119289618585
400,2025,0.4825452073453043,7123826.0,0.4037232240091209,0.5267674982516417,0.014310989628326127,0.05519828811091119
418,2017,0.6287521862977419,8158722.0,0.5707482127715591,0.33954987067827536,0.053485337532030136,0.036216579018135436
418,2018,0.651152725899253,8158722.0,0.5707482127715591,0.33954987067827536,0.053485337532030136,0.036216579018135436
418,2019,0.6405304157338548,8158722.0,0.5707482127715591,0.33954987067827536,0.053485337532030136,0.036216579018135436
418,2020,0.6430112713191414,8158722.0,0.5707482127715591,0.33954987067827536,0.053485337532030136,0.036216579018135436
418,2021,0.6482172744740413,8158722.0,0.5707482127715591,0.33954987067827536,0.053485337532030136,0.036216579018135436
418,2022,0.5614430323545664,8158722.0,0.5707482127715591,0.33954987067827536,0.053485337532030136,0.036216579018135436
418,2023,0.4736541205646176,8158722.0,0.5707482127715591,0.33954987067827536,0.053485337532030136,0.036216579018135436
418,2024,0.6747658709415034,8168989.0,0.5706287522238064,0.33955915474974935,0.05346512279548914,0.03634697023095514
418,2025,0.4700270259145282,8158722.0,0.5707482127715591,0.33954987067827536,0.053485337532030136,0.036216579018135436
426,2017,0.6312037594509191,5206333.0,0.6777480426242425,0.21485198891427038,0.07525219766004211,0.03214777080144508
426,2018,0.6881485622231021,5206333.0,0.6777480426242425,0.21485198891427038,0.07525219766004211,0.03214777080144508
426,2019,0.6221269637929157,5206333.0,0.6777480426242425,0.21485198891427038,0.07525219766004211,0.03214777080144508
426,2020,0.6630597459985103,5206333.0,0.6777480426242425,0.21485198891427038,0.07525219766004211,0.03214777080144508
426,2021,0.6481347844181187,5206333.0,0.6777480426242425,0.21485198891427038,0.07525219766004211,0.03214777080144508
426,2022,0.5349938532298777,5206333.0,0.6777480426242425,0.21485198891427038,0.07525219766004211,0.03214777080144508
426,2023,0.45311930723536886,5206333.0,0.6777480426242425,0.21485198891427038,0.07525219766004211,0.03214777080144508
426,2024,0.698100742186765,5208863.0,0.6775843403829204,0.21494978846631213,0.07525922643770819,0.032206644713059264
426,2025,0.4846525372665141,5206333.0,0.6777480426242425,0.21485198891427038,0.07525219766004211,0.03214777080144508
434,2017,0.5636270244900955,2618884.0,0.32219334647888187,0.5858315984976807,0.038463712023900254,0.053511342999537206
434,2018,0.5017624725324131,2618884.0,0.32219334647888187,0.5858315984976807,0.038463712023900254,0.053511342999537206
434,2019,0.5621014364410402,2618884.0,0.32219334647888187,0.5858315984976807,0.038463712023900254,0.053511342999537206
434,2020,0.558745874306853,2618884.0,0.32219334647888187,0.5858315984976807,0.038463712023900254,0.053511342999537206
434,2021,0.5933301517834125,2618884.0,0.32219334647888187,0.5858315984976807,0.038463712023900254,0.053511342999537206
434,2022,0.47117668682043057,2618884.0,0.32219334647888187,0.5858315984976807,0.038463712023900254,0.053511342999537206
434,2023,0.5325215712251364,2618884.0,0.32219334647888187,0.5858315984976807,0.038463712023900254,0.053511342999537206
434,2024,0.5799293820132301,2631635.0,0.32309875799645466,0.5843139341132034,0.0384555608965529,0.05413174699378903
434,2025,0.4793214839868348,2618884.0,0.32219334647888187,0.5858315984976807,0.038463712023900254,0.053511342999537206
442,2017,0.5695937012169514,5597150.0,0.2923359209597742,0.6109057288084114,0.030412978033463458,0.06634537219835095
442,2018,0.533096627700868,5597150.0,0.2923359209597742,0.6109057288084114,0.030412978033463458,0.06634537219835095
442,2019,0.5937913658954497,5597150.0,0.2923359209597742,0.6109057288084114,0.030412978033463458,0.06634537219835095
442,2020,0.5783216268475525,5597150.0,0.2923359209597742,0.6109057288084114,0.030412978033463458,0.06634537219835095
442,2021,0.6172124789439112,5597150.0,0.2923359209597742,0.6109057288084114,0.030412978033463458,0.06634537219835095
442,2022,0.5442776517397796,5597150.0,0.2923359209597742,0.6109057288084114,0.030412978033463458,0.06634537219835095
442,2023,0.5148722955028723,5597150.0,0.2923359209597742,0.6109057288084114,0.030412978033463458,0.06634537219835095
442,2024,0.578938753286396,5610076.0,0.29261813921950436,0.6103450291939004,0.03042169125694554,0.06661514032964973
442,2025,0.4619156369094024,5597150.0,0.2923359209597742,0.6109057288084114,0.030412978033463458,0.06634537219835095
451,2017,0.5665760105642408,1713969.0,0.3010947105811132,0.6189983599470003,0.01510645758470544,0.06480047188718116
451,2018,0.5020732550415816,1713969.0,0.3010947105811132,0.6189983599470003,0.01510645758470544,0.06480047188718116
451,2019,0.6065982955600836,1713969.0,0.3010947105811132,0.6189983599470003,0.01510645758470544,0.06480047188718116
451,2020,0.5708234768452994,1713969.0,0.3010947105811132,0.6189983599470003,0.01510645758470544,0.06480047188718116
451,2021,0.6096267994865366,1713969.0,0.3010947105811132,0.6189983599470003,0.01510645758470544,0.06480047188718116
451,2022,0.5433157485045331,1713969.0,0.3010947105811132,0.6189983599470003,0.01510645758470544,0.06480047188718116
451,2023,0.4517614882628449,1713969.0,0.3010947105811132,0.6189983599470003,0.01510645758470544,0.06480047188718116
451,2024,0.5872346566221768,1719837.0,0.30193093880408434,0.6176346944506951,0.015114223033927052,0.06532014371129358
451,2025,0.45525553484361414,1713969.0,0.3010947105811132,0.6189983599470003,0.01510645758470544,0.06480047188718116
469,2017,0.5621691975000584,3017886.0,0.32363813609924297,0.585352793312935,0.03033547324186533,0.06067359734595674
469,2018,0.5059961536363953,3017886.0,0.32363813609924297,0.585352793312935,0.03033547324186533,0.06067359734595674
469,2019,0.5630773836089178,3017886.0,0.32363813609924297,0.585352793312935,0.03033547324186533,0.06067359734595674
469,2020,0.5546332396660194,3017886.0,0.32363813609924297,0.585352793312935,0.03033547324186533,0.06067359734595674
469,2021,0.6094243731191344,3017886.0,0.32363813609924297,0.585352793312935,0.03033547324186533,0.06067359734595674
469,2022,0.5335363611623795,3017886.0,0.32363813609924297,0.585352793312935,0.03033547324186533,0.06067359734595674
469,2023,0.5068304177391894,3017886.0,0.32363813609924297,0.585352793312935,0.03033547324186533,0.06067359734595674
469,2024,0.5810818100883985,3030949.0,0.32476758929299043,0.5839161265992928,0.030284574237309833,0.061031709870406924
469,2025,0.4576083461254887,3017886.0,0.32363813609924297,0.585352793312935,0.03033547324186533,0.06067359734595674
477,2017,0.5861452379249336,9810477.0,0.36073047212689047,0.5703146748114286,0.009322380552953745,0.05963247250872715
477,2018,0.5116821187893816,9810477.0,0.36073047212689047,0.5703146748114286,0.009322380552953745,0.05963247250872715
477,2019,0.5793539744702977,9810477.0,0.36073047212689047,0.5703146748114286,0.009322380552953745,0.05963247250872715
477,2020,0.5875246602703188,9810477.0,0.36073047212689047,0.5703146748114286,0.009322380552953745,0.05963247250872715
477,2021,0.6262207811577302,9810477.0,0.36073047212689047,0.5703146748114286,0.009322380552953745,0.05963247250872715
477,2022,0.5449167465360991,9810477.0,0.36073047212689047,0.5703146748114286,0.009322380552953745,0.05963247250872715
477,2023,0.5395792509209116,9810477.0,0.36073047212689047,0.5703146748114286,0.009322380552953745,0.05963247250872715
477,2024,0.5858813394718292,9833188.0,0.36097580967637355,0.569780116072224,0.009331765038968034,0.05991230921243446
477,2025,0.5067534387830261,9810477.0,0.36073047212689047,0.5703146748114286,0.009322380552953745,0.05963247250872715
485,2017,0.5850563424658323,7524065.0,0.4727824653295792,0.44706445252665944,0.03674742310174088,0.043405659042020504
485,2018,0.5477533898926261,7524065.0,0.4727824653295792,0.44706445252665944,0.03674742310174088,0.043405659042020504
485,2019,0.610931671669899,7524065.0,0.4727824653295792,0.44706445252665944,0.03674742310174088,0.043405659042020504
485,2020,0.6233499756129256,7524065.0,0.4727824653295792,0.44706445252665944,0.03674742310174088,0.043405659042020504
485,2021,0.6147684174916654,7524065.0,0.4727824653295792,0.44706445252665944,0.03674742310174088,0.043405659042020504
485,2022,0.5482525584250713,7524065.0,0.4727824653295792,0.44706445252665944,0.03674742310174088,0.043405659042020504
485,2023,0.5408570475134147,7524065.0,0.4727824653295792,0.44706445252665944,0.03674742310174088,0.043405659042020504
485,2024,0.607200284886332,7532931.0,0.47275954074184406,0.4468860792698088,0.036763910355743334,0.04359046963260383
485,2025,0.44259014694494353,7524065.0,0.4727824653295792,0.44706445252665944,0.03674742310174088,0.043405659042020504
493,2017,0.514013352380382,2851172.0,0.30841773137502754,0.6307753443145485,0.01250012275653661,0.048306801553887314
493,2018,0.4613870227061084,2851172.0,0.30841773137502754,0.6307753443145485,0.01250012275653661,0.048306801553887314
493,2019,0.5431772781119312,2851172.0,0.30841773137502754,0.6307753443145485,0.01250012275653661,0.048306801553887314
493,2020,0.5355409090894071,2851172.0,0.30841773137502754,0.6307753443145485,0.01250012275653661,0.048306801553887314
493,2021,0.5894072892736735,2851172.0,0.30841773137502754,0.6307753443145485,0.01250012275653661,0.048306801553887314
493,2022,0.5053529569333031,2851172.0,0.30841773137502754,0.6307753443145485,0.01250012275653661,0.048306801553887314
493,2023,0.4807407255320817,2851172.0,0.30841773137502754,0.6307753443145485,0.01250012275653661,0.048306801553887314
493,2024,0.5586739298895737,2854614.0,0.3086028443775586,0.6303437172241151,0.012500464160828749,0.04855297423749761
493,2025,0.4030710714944623,2851172.0,0.30841773137502754,0.6307753443145485,0.01250012275653661,0.048306801553887314
507,2017,0.5992213297190838,1376513.0,0.5628729986567508,0.311439848370484,0.0657959641499935,0.059891188822771745
507,2018,0.6616652469343708,1376513.0,0.5628729986567508,0.311439848370484,0.0657959641499935,0.059891188822771745
507,2019,0.6159623324680841,1376513.0,0.5628729986567508,0.311439848370484,0.0657959641499935,0.059891188822771745
507,2020,0.6263872962518321,1376513.0,0.5628729986567508,0.311439848370484,0.0657959641499935,0.059891188822771745
507,2021,0.6485365867573198,1376513.0,0.5628729986567508,0.311439848370484,0.0657959641499935,0.059891188822771745
507,2022,0.4827429184194107,1376513.0,0.5628729986567508,0.311439848370484,0.0657959641499935,0.059891188822771745
507,2023,0.4876867638477226,1376513.0,0.5628729986567508,0.311439848370484,0.0657959641499935,0.059891188822771745
507,2024,0.6845119973209703,1378170.0,0.5628775840426072,0.3112714686867368,0.06584238519195745,0.06000856207869856
507,2025,0.475280924680759,1376513.0,0.5628729986567508,0.311439848370484,0.0657959641499935,0.059891188822771745
515,2017,0.5764049875956435,4695190.0,0.35493728688295895,0.4971658228953461,0.0853786534730224,0.06251823674867257
515,2018,0.5361576096739888,4695190.0,0.35493728688295895,0.4971658228953461,0.0853786534730224,0.06251823674867257
515,2019,0.5858351820186916,4695190.0,0.35493728688295895,0.4971658228953461,0.0853786534730224,0.06251823674867257
515,2020,0.5746296324499314,4695190.0,0.35493728688295895,0.4971658228953461,0.0853786534730224,0.06251823674867257
515,2021,0.6157548035192202,4695190.0,0.35493728688295895,0.4971658228953461,0.0853786534730224,0.06251823674867257
515,2022,0.4312567177704659,4695190.0,0.35493728688295895,0.4971658228953461,0.0853786534730224,0.06251823674867257
515,2023,0.4251516314905687,4695190.0,0.35493728688295895,0.4971658228953461,0.0853786534730224,0.06251823674867257
515,2024,0.6150733714247674,4707155.0,0.35557040292915787,0.49643255851995527,0.08532096351193025,0.06267607503895666
515,2025,0.43413735056906494,4695190.0,0.35493728688295895,0.4971658228953461,0.0853786534730224,0.06251823674867257
523,2017,0.6657593734143643,3955127.0,0.5498632534429362,0.2762432154517415,0.13280357369055407,0.04108995741476822
523,2018,0.6136790922782461,3955127.0,0.5498632534429362,0.2762432154517415,0.13280357369055407,0.04108995741476822
523,2019,0.6333605509533978,3955127.0,0.5498632534429362,0.2762432154517415,0.13280357369055407,0.04108995741476822
523,2020,0.6902796051088012,3955127.0,0.5498632534429362,0.2762432154517415,0.13280357369055407,0.04108995741476822
523,2021,0.6171856692716912,3955127.0,0.5498632534429362,0.2762432154517415,0.13280357369055407,0.04108995741476822
523,2022,0.45979505076958727,3955127.0,0.5498632534429362,0.2762432154517415,0.13280357369055407,0.04108995741476822
523,2023,0.4502379716794698,3955127.0,0.5498632534429362,0.2762432154517415,0.13280357369055407,0.04108995741476822
523,2024,0.6674589984002454,3961284.0,0.5497326119510745,0.27616727303571265,0.1328586892532825,0.04124142575993037
523,2025,0.4862894766269507,3955127.0,0.5498632534429362,0.2762432154517415,0.13280357369055407,0.04108995741476822
531,2017,0.615344921115612,11459466.0,0.5032297316471814,0.24834542901039194,0.20147361142308026,0.046951227919346326
531,2018,0.5840621498025619,11459466.0,0.5032297316471814,0.24834542901039194,0.20147361142308026,0.046951227919346326
531,2019,0.6148061047588113,11459466.0,0.5032297316471814,0.24834542901039194,0.20147361142308026,0.046951227919346326
531,2020,0.6617959504865933,11459466.0,0.5032297316471814,0.24834542901039194,0.20147361142308026,0.046951227919346326
531,2021,0.6028885024178845,11459466.0,0.5032297316471814,0.24834542901039194,0.20147361142308026,0.046951227919346326
531,2022,0.4509972451302357,11459466.0,0.5032297316471814,0.24834542901039194,0.20147361142308026,0.046951227919346326
531,2023,0.4489853053365382,11459466.0,0.5032297316471814,0.24834542901039194,0.20147361142308026,0.046951227919346326
531,2024,0.6492945547889828,11476111.0,0.5033107469943433,0.24820551143152939,0.20137570994215723,0.047108031631970096
531,2025,0.48356836697884215,11459466.0,0.5032297316471814,0.24834542901039194,0.20147361142308026,0.046951227919346326
540,2017,0.6043713866172528,3227593.0,0.6910041011986332,0.0996671513415725,0.15685589849773499,0.052472848962059344
540,2018,0.6322573849837686,3227593.0,0.6910041011986332,0.0996671513415725,0.15685589849773499,0.052472848962059344
540,2019,0.6049627821106098,3227593.0,0.6910041011986332,0.0996671513415725,0.15685589849773499,0.052472848962059344
540,2020,0.6556882500804094,3227593.0,0.6910041011986332,0.0996671513415725,0.15685589849773499,0.052472848962059344
540,2021,0.620905247857067,3227593.0,0.6910041011986332,0.0996671513415725,0.15685589849773499,0.052472848962059344
540,2022,0.45494346837121036,3227593.0,0.6910041011986332,0.0996671513415725,0.15685589849773499,0.052472848962059344
540,2023,0.47140644420367533,3227593.0,0.6910041011986332,0.0996671513415725,0.15685589849773499,0.052472848962059344
540,2024,0.7118871351585294,3230567.0,0.6909601317663432,0.09967166754318979,0.15681024414599667,0.05255795654447037
540,2025,0.5200765477821991,3227593.0,0.6910041011986332,0.0996671513415725,0.15685589849773499,0.052472848962059344
558,2017,0.5513383706974077,2494590.0,0.3087513378952052,0.5962587038350992,0.04146452924127812,0.0535254290284175
558,2018,0.5028615738461603,2494590.0,0.3087513378952052,0.5962587038350992,0.04146452924127812,0.0535254290284175
558,2019,0.5780283765717279,2494590.0,0.3087513378952052,0.5962587038350992,0.04146452924127812,0.0535254290284175
558,2020,0.5715212069563661,2494590.0,0.3087513378952052,0.5962587038350992,0.04146452924127812,0.0535254290284175
558,2021,0.586995235602341,2494590.0,0.3087513378952052,0.5962587038350992,0.04146452924127812,0.0535254290284175
558,2022,0.485523292190088,2494590.0,0.3087513378952052,0.5962587038350992,0.04146452924127812,0.0535254290284175
558,2023,0.48580777642201434,2494590.0,0.3087513378952052,0.5962587038350992,0.04146452924127812,0.0535254290284175
558,2024,0.5395999143737081,2502991.0,0.30942979818944616,0.5952742139304537,0.041450009208982376,0.05384597867111787
558,2025,0.41905563530042045,2494590.0,0.3087513378952052,0.5962587038350992,0.04146452924127812,0.0535254290284175
566,2017,0.5343792952146847,8925289.0,0.4605680555553999,0.43653309153350667,0.0531860648994111,0.04971278801168231
566,2018,0.559599838238949,8925289.0,0.4605680555553999,0.43653309153350667,0.0531860648994111,0.04971278801168231
566,2019,0.617420275158957,8925289.0,0.4605680555553999,0.43653309153350667,0.0531860648994111,0.04971278801168231
566,2020,0.6311148996969231,8925289.0,0.4605680555553999,0.43653309153350667,0.0531860648994111,0.04971278801168231
566,2021,0.6014417648387247,8925289.0,0.4605680555553999,0.43653309153350667,0.0531860648994111,0.04971278801168231
566,2022,0.5306735409559921,8925289.0,0.4605680555553999,0.43653309153350667,0.0531860648994111,0.04971278801168231
566,2023,0.5089616911290902,8925289.0,0.4605680555553999,0.43653309153350667,0.0531860648994111,0.04971278801168231
566,2024,0.5828177147274354,8935318.0,0.46056167223147515,0.43639275065532085,0.05316475585983622,0.04988082125336782
566,2025,0.43830849089592494,8925289.0,0.4605680555553999,0.43653309153350667,0.0531860648994111,0.04971278801168231
574,2017,0.5728457369684277,7613043.0,0.6347414562087722,0.2691872356428303,0.06297823353946641,0.03309307460893102
574,2018,0.6128865639676145,7613043.0,0.6347414562087722,0.2691872356428303,0.06297823353946641,0.03309307460893102
574,2019,0.6121774028340166,7613043.0,0.6347414562087722,0.2691872356428303,0.06297823353946641,0.03309307460893102
574,2020,0.6597872925932589,7613043.0,0.6347414562087722,0.2691872356428303,0.06297823353946641,0.03309307460893102
574,2021,0.6114484486536722,7613043.0,0.6347414562087722,0.2691872356428303,0.06297823353946641,0.03309307460893102
574,2022,0.5453193809776025,7613043.0,0.6347414562087722,0.2691872356428303,0.06297823353946641,0.03309307460893102
574,2023,0.4768847404394046,7613043.0,0.6347414562087722,0.2691872356428303,0.06297823353946641,0.03309307460893102
574,2024,0.6315034621138613,7618030.0,0.6346597479925913,0.26919702337743484,0.06297428600307428,0.03316894262689961
574,2025,0.4575886656551788,7613043.0,0.6347414562087722,0.2691872356428303,0.06297823353946641,0.03309307460893102
582,2017,0.4884066873829282,2545499.0,0.31929495945588665,0.38501370458208783,0.022463179125193133,0.2732281568368324
582,2018,0.47704940059130907,2545499.0,0.31929495945588665,0.38501370458208783,0.022463179125193133,0.2732281568368324
582,2019,0.5294034797782884,2545499.0,0.31929495945588665,0.38501370458208783,0.022463179125193133,0.2732281568368324
582,2020,0.5008298829586526,2545499.0,0.31929495945588665,0.38501370458208783,0.022463179125193133,0.2732281568368324
582,2021,0.4969202860136013,2545499.0,0.31929495945588665,0.38501370458208783,0.022463179125193133,0.2732281568368324
582,2022,0.4848415037292709,2545499.0,0.31929495945588665,0.38501370458208783,0.022463179125193133,0.2732281568368324
582,2023,0.459329593778858,2545499.0,0.31929495945588665,0.38501370458208783,0.022463179125193133,0.2732281568368324
582,2024,0.4889863771170883,2548384.0,0.31943419829978525,0.38475402451121965,0.02244206524605397,0.2733697119429411
582,2025,0.3913507596727633,2545499.0,0.31929495945588665,0.38501370458208783,0.022463179125193133,0.2732281568368324
591,2017,0.523001336014386,2262335.0,0.40560571268180884,0.4863196653015579,0.040052423712668546,0.0680221983039647
591,2018,0.5646515790831163,2262335.0,0.40560571268180884,0.4863196653015579,0.040052423712668546,0.0680221983039647
591,2019,0.5643220303757687,2262335.0,0.40560571268180884,0.4863196653015579,0.040052423712668546,0.0680221983039647
591,2020,0.5839024837326678,2262335.0,0.40560571268180884,0.4863196653015579,0.040052423712668546,0.0680221983039647
591,2021,0.5763245258564266,2262335.0,0.40560571268180884,0.4863196653015579,0.040052423712668546,0.0680221983039647
591,2022,0.5458131872650296,2262335.0,0.40560571268180884,0.4863196653015579,0.040052423712668546,0.0680221983039647
591,2023,0.46528567852675606,2262335.0,0.40560571268180884,0.4863196653015579,0.040052423712668546,0.0680221983039647
591,2024,0.5208898726653678,2265105.0,0.4056739091565292,0.48597747124305496,0.040044501248286506,0.06830411835212938
591,2025,0.46561314472680926,2262335.0,0.40560571268180884,0.4863196653015579,0.040052423712668546,0.0680221983039647
604,2017,0.5740281343273694,3029988.0,0.39863425201683966,0.4991158380825271,0.04984970237505891,0.05240020752557436
604,2018,0.5399594451071436,3029988.0,0.39863425201683966,0.4991158380825271,0.04984970237505891,0.05240020752557436
604,2019,0.603900452462778,3029988.0,0.39863425201683966,0.4991158380825271,0.04984970237505891,0.05240020752557436
604,2020,0.5993644939240189,3029988.0,0.39863425201683966,0.4991158380825271,0.04984970237505891,0.05240020752557436
604,2021,0.5852037626501487,3029988.0,0.39863425201683966,0.4991158380825271,0.04984970237505891,0.05240020752557436
604,2022,0.5090050880069176,3029988.0,0.39863425201683966,0.4991158380825271,0.04984970237505891,0.05240020752557436
604,2023,0.49768368284250863,3029988.0,0.39863425201683966,0.4991158380825271,0.04984970237505891,0.05240020752557436
604,2024,0.5575693343320678,3036205.0,0.3988917085638157,0.49859479185364625,0.04982371084956385,0.052689788732974224
604,2025,0.47345740981211215,3029988.0,0.39863425201683966,0.4991158380825271,0.04984970237505891,0.05240020752557436
612,2017,0.5141304106002106,2679229.0,0.3553268496272622,0.5369716437079474,0.027447821742747635,0.08025368492204286
612,2018,0.4664073960485366,2679229.0,0.3553268496272622,0.5369716437079474,0.027447821742747635,0.08025368492204286
612,2019,0.5519484029133792,2679229.0,0.3553268496272622,0.5369716437079474,0.027447821742747635,0.08025368492204286
612,2020,0.5252342249455825,2679229.0,0.3553268496272622,0.5369716437079474,0.027447821742747635,0.08025368492204286
612,2021,0.558674526956673,2679229.0,0.3553268496272622,0.5369716437079474,0.027447821742747635,0.08025368492204286
612,2022,0.5306873764720598,2679229.0,0.3553268496272622,0.5369716437079474,0.027447821742747635,0.08025368492204286
612,2023,0.47958461983944267,2679229.0,0.3553268496272622,0.5369716437079474,0.027447821742747635,0.08025368492204286
612,2024,0.5144975543921423,2681809.0,0.3553977930568508,0.5366981764920619,0.027453110941159493,0.08045091950992782
612,2025,0.4349485582808841,2679229.0,0.3553268496272622,0.5369716437079474,0.027447821742747635,0.08025368492204286
621,2017,0.4822098497466403,2545875.0,0.35440310305886974,0.5442761329601807,0.02630765453920558,0.075013109441744
621,2018,0.4383484537794154,2545875.0,0.35440310305886974,0.5442761329601807,0.02630765453920558,0.075013109441744
621,2019,0.5307992689500894,2545875.0,0.35440310305886974,0.5442761329601807,0.02630765453920558,0.075013109441744
621,2020,0.49039007290918724,2545875.0,0.35440310305886974,0.5442761329601807,0.02630765453920558,0.075013109441744
621,2021,0.5553998218047962,2545875.0,0.35440310305886974,0.5442761329601807,0.02630765453920558,0.075013109441744
621,2022,0.5022389618626937,2545875.0,0.35440310305886974,0.5442761329601807,0.02630765453920558,0.075013109441744
621,2023,0.4587487243486854,2545875.0,0.35440310305886974,0.5442761329601807,0.02630765453920558,0.075013109441744
621,2024,0.5236622892588398,2548410.0,0.3545347883582312,0.5439336684442456,0.026302675001275304,0.07522886819624786
621,2025,0.39843847297291657,2545875.0,0.35440310305886974,0.5442761329601807,0.02630765453920558,0.075013109441744
639,2017,0.48046171764569834,6504765.0,0.4986350775162515,0.4248052004953292,0.03744347413011846,0.0391162478583008
639,2018,0.5051970451664374,6504765.0,0.4986350775162515,0.4248052004953292,0.03744347413011846,0.0391162478583008
639,2019,0.5675461835714624,6504765.0,0.4986350775162515,0.4248052004953292,0.03744347413011846,0.0391162478583008
639,2020,0.6076767523250678,6504765.0,0.4986350775162515,0.4248052004953292,0.03744347413011846,0.0391162478583008
639,2021,0.556231671190523,6504765.0,0.4986350775162515,0.4248052004953292,0.03744347413011846,0.0391162478583008
639,2022,0.43063116638065535,6504765.0,0.4986350775162515,0.4248052004953292,0.03744347413011846,0.0391162478583008
639,2023,0.4171586194203012,6504765.0,0.4986350775162515,0.4248052004953292,0.03744347413011846,0.0391162478583008
639,2024,0.5716756380805493,6509579.0,0.4986792540654319,0.42464312976307683,0.03746786082479374,0.03920975534669754
639,2025,0.4396718594290344,6504765.0,0.4986350775162515,0.4248052004953292,0.03744347413011846,0.0391162478583008
647,2017,0.49996948596288077,6150479.0,0.41183215160965514,0.4877530676878988,0.02214981955063988,0.07826496115180623
647,2018,0.4701602654428885,6150479.0,0.41183215160965514,0.4877530676878988,0.02214981955063988,0.07826496115180623
647,2019,0.537226933760609,6150479.0,0.41183215160965514,0.4877530676878988,0.02214981955063988,0.07826496115180623
647,2020,0.544228289046211,6150479.0,0.41183215160965514,0.4877530676878988,0.02214981955063988,0.07826496115180623
647,2021,0.5580926121821158,6150479.0,0.41183215160965514,0.4877530676878988,0.02214981955063988,0.07826496115180623
647,2022,0.4219267023567168,6150479.0,0.41183215160965514,0.4877530676878988,0.02214981955063988,0.07826496115180623
647,2023,0.40838908144846037,6150479.0,0.41183215160965514,0.4877530676878988,0.02214981955063988,0.07826496115180623
647,2024,0.5404938652512862,6157116.0,0.4120122148096609,0.48741066434350105,0.022145433024162612,0.07843168782267543
647,2025,0.4149992209558522,6150479.0,0.41183215160965514,0.4877530676878988,0.02214981955063988,0.07826496115180623
655,2017,0.501876712941342,6458549.0,0.5396970743738261,0.3638629977104765,0.0276588441149862,0.06878108380071127
655,2018,0.5314134372789823,6458549.0,0.5396970743738261,0.3638629977104765,0.0276588441149862,0.06878108380071127
655,2019,0.5878127820098994,6458549.0,0.5396970743738261,0.3638629977104765,0.0276588441149862,0.06878108380071127
655,2020,0.6135934270278222,6458549.0,0.5396970743738261,0.3638629977104765,0.0276588441149862,0.06878108380071127
655,2021,0.5411209044456228,6458549.0,0.5396970743738261,0.3638629977104765,0.0276588441149862,0.06878108380071127
655,2022,0.5193044350787911,6458549.0,0.5396970743738261,0.3638629977104765,0.0276588441149862,0.06878108380071127
655,2023,0.4540186032907217,6458549.0,0.5396970743738261,0.3638629977104765,0.0276588441149862,0.06878108380071127
655,2024,0.5727828072339728,6464817.0,0.5395796973062037,0.36375693233079914,0.027657086039713112,0.06900628432328401
655,2025,0.49631951456247936,6458549.0,0.5396970743738261,0.3638629977104765,0.0276588441149862,0.06878108380071127
663,2017,0.6150286235801368,2561425.0,0.7339625403827947,0.10799027884868774,0.13082795709419562,0.02721922367432191
663,2018,0.6719745638967229,2561425.0,0.7339625403827947,0.10799027884868774,0.13082795709419562,0.02721922367432191
663,2019,0.6399481516368442,2561425.0,0.7339625403827947,0.10799027884868774,0.13082795709419562,0.02721922367432191
663,2020,0.6639233874933634,2561425.0,0.7339625403827947,0.10799027884868774,0.13082795709419562,0.02721922367432191
663,2021,0.6270618444849178,2561425.0,0.7339625403827947,0.10799027884868774,0.13082795709419562,0.02721922367432191
663,2022,0.45404175994353324,2561425.0,0.7339625403827947,0.10799027884868774,0.13082795709419562,0.02721922367432191
663,2023,0.4684786698740879,2561425.0,0.7339625403827947,0.10799027884868774,0.13082795709419562,0.02721922367432191
663,2024,0.7260846887191685,2562280.0,0.7338612485754874,0.1080397146291584,0.1308451847573255,0.02725385203802863
663,2025,0.46277650852178215,2561425.0,0.7339625403827947,0.10799027884868774,0.13082795709419562,0.02721922367432191
671,2017,0.628168135341455,4493814.0,0.5855925501144462,0.2143241798614718,0.1034150501111083,0.0966682199129737
671,2018,0.6034049611813451,4493814.0,0.5855925501144462,0.2143241798614718,0.1034150501111083,0.0966682199129737
671,2019,0.6228259055332916,4493814.0,0.5855925501144462,0.2143241798614718,0.1034150501111083,0.0966682199129737
671,2020,0.6620097744242711,4493814.0,0.5855925501144462,0.2143241798614718,0.1034150501111083,0.0966682199129737
671,2021,0.6021543016959947,4493814.0,0.5855925501144462,0.2143241798614718,0.1034150501111083,0.0966682199129737
671,2022,0.44236877828183363,4493814.0,0.5855925501144462,0.2143241798614718,0.1034150501111083,0.0966682199129737
671,2023,0.4734841578834187,4493814.0,0.5855925501144462,0.2143241798614718,0.1034150501111083,0.0966682199129737
671,2024,0.6608015754411103,4502961.0,0.585419016509359,0.21436117257067072,0.10334177888726996,0.09687803203270026
671,2025,0.46285724358692976,4493814.0,0.5855925501144462,0.2143241798614718,0.1034150501111083,0.0966682199129737
680,2017,0.5753772048940791,4247936.0,0.4515760124446319,0.482612732395215,0.023560618615723023,0.04225063654443005
680,2018,0.5196088930053743,4247936.0,0.4515760124446319,0.482612732395215,0.023560618615723023,0.04225063654443005
680,2019,0.5205640686603272,4247936.0,0.4515760124446319,0.482612732395215,0.023560618615723023,0.04225063654443005
680,2020,0.5584786316854181,4247936.0,0.4515760124446319,0.482612732395215,0.023560618615723023,0.04225063654443005
680,2021,0.612402800859984,4247936.0,0.4515760124446319,0.482612732395215,0.023560618615723023,0.04225063654443005
680,2022,0.4298460681979655,4247936.0,0.4515760124446319,0.482612732395215,0.023560618615723023,0.04225063654443005
680,2023,0.4395566790242878,4247936.0,0.4515760124446319,0.482612732395215,0.023560618615723023,0.04225063654443005
680,2024,0.5921878904152151,4252774.0,0.45164262196862565,0.48235410581422855,0.023560856984170802,0.042442415232975
680,2025,0.3720385153731748,4247936.0,0.4515760124446319,0.482612732395215,0.023560618615723023,0.04225063654443005
698,2017,0.6236931558195176,9222067.0,0.5292079313672303,0.394902357573416,0.040377173577246836,0.035512537482106775
698,2018,0.5789690752888665,9222067.0,0.5292079313672303,0.394902357573416,0.040377173577246836,0.035512537482106775
698,2019,0.5692442112711501,9222067.0,0.5292079313672303,0.394902357573416,0.040377173577246836,0.035512537482106775
698,2020,0.6350119627436673,9222067.0,0.5292079313672303,0.394902357573416,0.040377173577246836,0.035512537482106775
698,2021,0.6181446852619868,9222067.0,0.5292079313672303,0.394902357573416,0.040377173577246836,0.035512537482106775
698,2022,0.49809132596109684,9222067.0,0.5292079313672303,0.394902357573416,0.040377173577246836,0.035512537482106775
698,2023,0.4969201555250183,9222067.0,0.5292079313672303,0.394902357573416,0.040377173577246836,0.035512537482106775
698,2024,0.6322955418751717,9238109.0,0.529319690858811,0.3945715513856786,0.04035338833954005,0.0357553694159703
698,2025,0.43391549031007604,9222067.0,0.5292079313672303,0.394902357573416,0.040377173577246836,0.035512537482106775
701,2017,0.6213829972276058,1977723.0,0.5875559924215878,0.22309292049493282,0.12611574017190477,0.06323534691157458
701,2018,0.5897740678435538,1977723.0,0.5875559924215878,0.22309292049493282,0.12611574017190477,0.06323534691157458
701,2019,0.6727726335704498,1977723.0,0.5875559924215878,0.22309292049493282,0.12611574017190477,0.06323534691157458
701,2020,0.6191533872663157,1977723.0,0.5875559924215878,0.22309292049493282,0.12611574017190477,0.06323534691157458
701,2021,0.6884115134421036,1977723.0,0.5875559924215878,0.22309292049493282,0.12611574017190477,0.06323534691157458
701,2022,0.49334078014644095,1977723.0,0.5875559924215878,0.22309292049493282,0.12611574017190477,0.06323534691157458
701,2023,0.552374142640301,1977723.0,0.5875559924215878,0.22309292049493282,0.12611574017190477,0.06323534691157458
701,2024,0.6748374982697215,1979308.0,0.5875432221766395,0.22308806916356624,0.126058198117726,0.06331051054206824
701,2025,0.5398718321687893,1977723.0,0.5875559924215878,0.22309292049493282,0.12611574017190477,0.06323534691157458
710,2017,0.5779134067945106,8444771.0,0.5481712884813573,0.3229220780527974,0.07620147426140982,0.052705159204435505
710,2018,0.5716788147373568,8444771.0,0.5481712884813573,0.3229220780527974,0.07620147426140982,0.052705159204435505
710,2019,0.6466874034571272,8444771.0,0.5481712884813573,0.3229220780527974,0.07620147426140982,0.052705159204435505
710,2020,0.6248210678138147,8444771.0,0.5481712884813573,0.3229220780527974,0.07620147426140982,0.052705159204435505
710,2021,0.6651879902215696,8444771.0,0.5481712884813573,0.3229220780527974,0.07620147426140982,0.052705159204435505
710,2022,0.5260421770792195,8444771.0,0.5481712884813573,0.3229220780527974,0.07620147426140982,0.052705159204435505
710,2023,0.5535837975531918,8444771.0,0.5481712884813573,0.3229220780527974,0.07620147426140982,0.052705159204435505
710,2024,0.6304939730095209,8452755.0,0.5482678724273921,0.32275784640629,0.07618711295902933,0.052787168207288626
710,2025,0.5120044260289296,8444771.0,0.5481712884813573,0.3229220780527974,0.07620147426140982,0.052705159204435505
728,2017,0.5417030503736902,5294366.0,0.603006856722788,0.23660680051209154,0.10005050651957194,0.06033583624554857
728,2018,0.595963202693896,5294366.0,0.603006856722788,0.23660680051209154,0.10005050651957194,0.06033583624554857
728,2019,0.6620358654500622,5294366.0,0.603006856722788,0.23660680051209154,0.10005050651957194,0.06033583624554857
728,2020,0.6449462967153052,5294366.0,0.603006856722788,0.23660680051209154,0.10005050651957194,0.06033583624554857
728,2021,0.6606638631220131,5294366.0,0.603006856722788,0.23660680051209154,0.10005050651957194,0.06033583624554857
728,2022,0.512142483408267,5294366.0,0.603006856722788,0.23660680051209154,0.10005050651957194,0.06033583624554857
728,2023,0.5575293942076543,5294366.0,0.603006856722788,0.23660680051209154,0.10005050651957194,0.06033583624554857
728,2024,0.6612236562026481,5296595.0,0.6029541620607202,0.2366469401568366,0.1000316240905714,0.06036727369187185
728,2025,0.5353540936415347,5294366.0,0.603006856722788,0.23660680051209154,0.10005050651957194,0.06033583624554857
736,2017,0.572765745877747,2542799.0,0.528112918087509,0.32652246599121676,0.0726290202253501,0.07273559569592405
736,2018,0.5981809664719999,2542799.0,0.528112918087509,0.32652246599121676,0.0726290202253501,0.07273559569592405
736,2019,0.6799557230799381,2542799.0,0.528112918087509,0.32652246599121676,0.0726290202253501,0.07273559569592405
736,2020,0.652120121992625,2542799.0,0.528112918087509,0.32652246599121676,0.0726290202253501,0.07273559569592405
736,2021,0.6885796738367885,2542799.0,0.528112918087509,0.32652246599121676,0.0726290202253501,0.07273559569592405
736,2022,0.4820526665837718,2542799.0,0.528112918087509,0.32652246599121676,0.0726290202253501,0.07273559569592405
736,2023,0.5139991740906287,2542799.0,0.528112918087509,0.32652246599121676,0.0726290202253501,0.07273559569592405
736,2024,0.6359987028708173,2546432.0,0.5280050674826581,0.326527470594149,0.07259648009450086,0.07287098182869207
736,2025,0.5351012047719276,2542799.0,0.528112918087509,0.32652246599121676,0.0726290202253501,0.07273559569592405
744,2017,0.6120751876132382,864860.0,0.5327555905001966,0.2029877668061883,0.14366024558888144,0.12059639710473372
744,2018,0.5870651398157072,864860.0,0.5327555905001966,0.2029877668061883,0.14366024558888144,0.12059639710473372
744,2019,0.6767342819617133,864860.0,0.5327555905001966,0.2029877668061883,0.14366024558888144,0.12059639710473372
744,2020,0.668001239726099,864860.0,0.5327555905001966,0.2029877668061883,0.14366024558888144,0.12059639710473372
744,2021,0.7112482464771744,864860.0,0.5327555905001966,0.2029877668061883,0.14366024558888144,0.12059639710473372
744,2022,0.4972828812479044,864860.0,0.5327555905001966,0.2029877668061883,0.14366024558888144,0.12059639710473372
744,2023,0.5297877753598526,864860.0,0.5327555905001966,0.2029877668061883,0.14366024558888144,0.12059639710473372
744,2024,0.662190079639095,866062.0,0.5326246850687364,0.20306167456833343,0.14354515034720378,0.12076849001572636
744,2025,0.5195189362615943,864860.0,0.5327555905001966,0.2029877668061883,0.14366024558888144,0.12059639710473372
752,2017,0.5152335709833223,4304992.0,0.5117823680044005,0.3247446220573697,0.068247049007292,0.09522596093093785
752,2018,0.5589023473828908,4304992.0,0.5117823680044005,0.3247446220573697,0.068247049007292,0.09522596093093785
752,2019,0.5964567706666893,4304992.0,0.5117823680044005,0.3247446220573697,0.068247049007292,0.09522596093093785
752,2020,0.5451490240041308,4304992.0,0.5117823680044005,0.3247446220573697,0.068247049007292,0.09522596093093785
752,2021,0.5913933557201578,4304992.0,0.5117823680044005,0.3247446220573697,0.068247049007292,0.09522596093093785
752,2022,0.4417400388438614,4304992.0,0.5117823680044005,0.3247446220573697,0.068247049007292,0.09522596093093785
752,2023,0.5009372144975537,4304992.0,0.5117823680044005,0.3247446220573697,0.068247049007292,0.09522596093093785
752,2024,0.6214013741676977,4309404.0,0.5117805153566479,0.3246453569913612,0.0682263719066488,0.09534775574534204
752,2025,0.4945758074143026,4304992.0,0.5117823680044005,0.3247446220573697,0.068247049007292,0.09522596093093785
761,2017,0.5580382949943651,4295753.0,0.4692357777553784,0.33839748235059136,0.1323681785242308,0.059998561369799426
761,2018,0.5502426819150567,4295753.0,0.4692357777553784,0.33839748235059136,0.1323681785242308,0.059998561369799426
761,2019,0.5752613027075811,4295753.0,0.4692357777553784,0.33839748235059136,0.1323681785242308,0.059998561369799426
761,2020,0.5644471599626201,4295753.0,0.4692357777553784,0.33839748235059136,0.1323681785242308,0.059998561369799426
761,2021,0.6066819036536404,4295753.0,0.4692357777553784,0.33839748235059136,0.1323681785242308,0.059998561369799426
761,2022,0.4101303075719908,4295753.0,0.4692357777553784,0.33839748235059136,0.1323681785242308,0.059998561369799426
761,2023,0.4667360480823484,4295753.0,0.4692357777553784,0.33839748235059136,0.1323681785242308,0.059998561369799426
761,2024,0.6123583960420702,4299764.0,0.46933622403462144,0.3382371683655196,0.1322886558425067,0.060137951757352266
761,2025,0.4934602245502552,4295753.0,0.4692357777553784,0.33839748235059136,0.1323681785242308,0.059998561369799426
779,2017,0.6633984607041492,1526875.0,0.6170832582889889,0.19409643880474825,0.0781760130986492,0.1106442898076136
779,2018,0.6180269197788777,1526875.0,0.6170832582889889,0.19409643880474825,0.0781760130986492,0.1106442898076136
779,2019,0.6356843352782545,1526875.0,0.6170832582889889,0.19409643880474825,0.0781760130986492,0.1106442898076136
779,2020,0.6446457156596104,1526875.0,0.6170832582889889,0.19409643880474825,0.0781760130986492,0.1106442898076136
779,2021,0.6548771622490405,1526875.0,0.6170832582889889,0.19409643880474825,0.0781760130986492,0.1106442898076136
779,2022,0.4975452735340405,1526875.0,0.6170832582889889,0.19409643880474825,0.0781760130986492,0.1106442898076136
779,2023,0.5015998209178472,1526875.0,0.6170832582889889,0.19409643880474825,0.0781760130986492,0.1106442898076136
779,2024,0.6989487709765977,1528578.0,0.6170290295948261,0.19407710957504296,0.0781746171932345,0.11071924363689652
779,2025,0.578910436952119,1526875.0,0.6170832582889889,0.19409643880474825,0.0781760130986492,0.1106442898076136
787,2017,0.632581600788988,1867403.0,0.789513029592434,0.08802866869122519,0.0691211270411368,0.05333717467520401
787,2018,0.637133121073727,1867403.0,0.789513029592434,0.08802866869122519,0.0691211270411368,0.05333717467520401
787,2019,0.6553189640679347,1867403.0,0.789513029592434,0.08802866869122519,0.0691211270411368,0.05333717467520401
787,2020,0.6615634258629602,1867403.0,0.789513029592434,0.08802866869122519,0.0691211270411368,0.05333717467520401
787,2021,0.6535436790957206,1867403.0,0.789513029592434,0.08802866869122519,0.0691211270411368,0.05333717467520401
787,2022,0.49470710772762017,1867403.0,0.789513029592434,0.08802866869122519,0.0691211270411368,0.05333717467520401
787,2023,0.4795331014792523,1867403.0,0.789513029592434,0.08802866869122519,0.0691211270411368,0.05333717467520401
787,2024,0.7551756594677272,1868063.0,0.7894648092703511,0.08806662302074394,0.0691213304904599,0.05334723721844499
787,2025,0.5719278293011554,1867403.0,0.789513029592434,0.08802866869122519,0.0691211270411368,0.05333717467520401
795,2017,0.670039475413242,729828.0,0.5265048751212614,0.2983908537354007,0.08993762914001655,0.08516664200332133
795,2018,0.6071718089602085,729828.0,0.5265048751212614,0.2983908537354007,0.08993762914001655,0.08516664200332133
795,2019,0.6633352954760081,729828.0,0.5265048751212614,0.2983908537354007,0.08993762914001655,0.08516664200332133
795,2020,0.6815886843181026,729828.0,0.5265048751212614,0.2983908537354007,0.08993762914001655,0.08516664200332133
795,2021,0.6743245970301824,729828.0,0.5265048751212614,0.2983908537354007,0.08993762914001655,0.08516664200332133
795,2022,0.5320742510871794,729828.0,0.5265048751212614,0.2983908537354007,0.08993762914001655,0.08516664200332133
795,2023,0.5532466711944074,729828.0,0.5265048751212614,0.2983908537354007,0.08993762914001655,0.08516664200332133
795,2024,0.6471754775627593,730252.0,0.5266072533865022,0.2983066119640891,0.08991279722616302,0.08517333742324568
795,2025,0.6082608042746901,729828.0,0.5265048751212614,0.2983908537354007,0.08993762914001655,0.08516664200332133
809,2017,0.6918594064347157,3442501.0,0.5438694135455588,0.34097477386353703,0.05782685320933821,0.0573289593815659
809,2018,0.6341937600184033,3442501.0,0.5438694135455588,0.34097477386353703,0.05782685320933821,0.0573289593815659
809,2019,0.6838285882617579,3442501.0,0.5438694135455588,0.34097477386353703,0.05782685320933821,0.0573289593815659
809,2020,0.6651444101214333,3442501.0,0.5438694135455588,0.34097477386353703,0.05782685320933821,0.0573289593815659
809,2021,0.6949481430149311,3442501.0,0.5438694135455588,0.34097477386353703,0.05782685320933821,0.0573289593815659
809,2022,0.5254802155763179,3442501.0,0.5438694135455588,0.34097477386353703,0.05782685320933821,0.0573289593815659
809,2023,0.5641840816269478,3442501.0,0.5438694135455588,0.34097477386353703,0.05782685320933821,0.0573289593815659
809,2024,0.6680350066582301,3445146.0,0.5439098952555277,0.340866250661075,0.05782251318231506,0.05740134090108227
809,2025,0.602939291782724,3442501.0,0.5438694135455588,0.34097477386353703,0.05782685320933821,0.0573289593815659
817,2017,0.6469813709054436,5708716.0,0.4880255034582207,0.30077866896864375,0.08385721062319443,0.1273386169499411
817,2018,0.5878372476302451,5708716.0,0.4880255034582207,0.30077866896864375,0.08385721062319443,0.1273386169499411
817,2019,0.6495540510387398,5708716.0,0.4880255034582207,0.30077866896864375,0.08385721062319443,0.1273386169499411
817,2020,0.6432449701750844,5708716.0,0.4880255034582207,0.30077866896864375,0.08385721062319443,0.1273386169499411
817,2021,0.6765670080986417,5708716.0,0.4880255034582207,0.30077866896864375,0.08385721062319443,0.1273386169499411
817,2022,0.5455388384640997,5708716.0,0.4880255034582207,0.30077866896864375,0.08385721062319443,0.1273386169499411
817,2023,0.5469635806511407,5708716.0,0.4880255034582207,0.30077866896864375,0.08385721062319443,0.1273386169499411
817,2024,0.6498775360425458,5713532.0,0.4879941164239563,0.30068668557382716,0.0838549604692859,0.1274642375329306
817,2025,0.5710657277894938,5708716.0,0.4880255034582207,0.30077866896864375,0.08385721062319443,0.1273386169499411
825,2017,0.5010713902973664,4591914.0,0.30634436968985046,0.5686770266167877,0.047144175609560635,0.07783442808380123
825,2018,0.48614231252323353,4591914.0,0.30634436968985046,0.5686770266167877,0.047144175609560635,0.07783442808380123
825,2019,0.5598839364017557,4591914.0,0.30634436968985046,0.5686770266167877,0.047144175609560635,0.07783442808380123
825,2020,0.5338184449075959,4591914.0,0.30634436968985046,0.5686770266167877,0.047144175609560635,0.07783442808380123
825,2021,0.6120855051271705,4591914.0,0.30634436968985046,0.5686770266167877,0.047144175609560635,0.07783442808380123
825,2022,0.4572607746209344,4591914.0,0.30634436968985046,0.5686770266167877,0.047144175609560635,0.07783442808380123
825,2023,0.5049225450953384,4591914.0,0.30634436968985046,0.5686770266167877,0.047144175609560635,0.07783442808380123
825,2024,0.5484978932284339,4594533.0,0.30643070797402044,0.5685017389144882,0.04713340833551528,0.07793414477597614
825,2025,0.4919462336096417,4591914.0,0.30634436968985046,0.5686770266167877,0.047144175609560635,0.07783442808380123
833,2017,0.43588904609302237,2565005.0,0.22799721637969517,0.6636669324231337,0.022161750172026956,0.0861741010251442
833,2018,0.4410030787080139,2565005.0,0.22799721637969517,0.6636669324231337,0.022161750172026956,0.0861741010251442
833,2019,0.5133848158562744,2565005.0,0.22799721637969517,0.6636669324231337,0.022161750172026956,0.0861741010251442
833,2020,0.5019732199715374,2565005.0,0.22799721637969517,0.6636669324231337,0.022161750172026956,0.0861741010251442
833,2021,0.5605367646697638,2565005.0,0.22799721637969517,0.6636669324231337,0.022161750172026956,0.0861741010251442
833,2022,0.4484429331574244,2565005.0,0.22799721637969517,0.6636669324231337,0.022161750172026956,0.0861741010251442
833,2023,0.4220621468646292,2565005.0,0.22799721637969517,0.6636669324231337,0.022161750172026956,0.0861741010251442
833,2024,0.5188392858124355,2566015.0,0.22805283679167893,0.6635409379913991,0.022155755130036262,0.0862504700868857
833,2025,0.476776224399281,2565005.0,0.22799721637969517,0.6636669324231337,0.022161750172026956,0.0861741010251442
841,2017,0.4255599933293993,2935363.0,0.14998928582257118,0.7681908506716205,0.00958552656008814,0.07223433694572017
841,2018,0.42188607345446016,2935363.0,0.14998928582257118,0.7681908506716205,0.00958552656008814,0.07223433694572017
841,2019,0.4613701423341374,2935363.0,0.14998928582257118,0.7681908506716205,0.00958552656008814,0.07223433694572017
841,2020,0.4880308144749583,2935363.0,0.14998928582257118,0.7681908506716205,0.00958552656008814,0.07223433694572017
841,2021,0.5608661898622758,2935363.0,0.14998928582257118,0.7681908506716205,0.00958552656008814,0.07223433694572017
841,2022,0.3846442320683099,2935363.0,0.14998928582257118,0.7681908506716205,0.00958552656008814,0.07223433694572017
841,2023,0.4336736473226839,2935363.0,0.14998928582257118,0.7681908506716205,0.00958552656008814,0.07223433694572017
841,2024,0.47989623966434564,2936969.0,0.15018374385293137,0.7679059601922935,0.009584030338760811,0.07232626561601434
841,2025,0.4442308391623714,2935363.0,0.14998928582257118,0.7681908506716205,0.00958552656008814,0.07223433694572017
850,2017,0.37518726971604477,4664692.0,0.19321189909215872,0.7241374135741439,0.014307697056954671,0.06834299027674282
850,2018,0.38643567198340345,4664692.0,0.19321189909215872,0.7241374135741439,0.014307697056954671,0.06834299027674282
850,2019,0.4494485032232122,4664692.0,0.19321189909215872,0.7241374135741439,0.014307697056954671,0.06834299027674282
850,2020,0.44847170875868664,4664692.0,0.19321189909215872,0.7241374135741439,0.014307697056954671,0.06834299027674282
850,2021,0.5489141782055021,4664692.0,0.19321189909215872,0.7241374135741439,0.014307697056954671,0.06834299027674282
850,2022,0.3772953262165791,4664692.0,0.19321189909215872,0.7241374135741439,0.014307697056954671,0.06834299027674282
850,2023,0.3863407976464617,4664692.0,0.19321189909215872,0.7241374135741439,0.014307697056954671,0.06834299027674282
850,2024,0.4859507958158853,4666765.0,0.1932889271261784,0.7239565309159557,0.01430776994341905,0.06844677201444684
850,2025,0.43170376552133477,4664692.0,0.19321189909215872,0.7241374135741439,0.014307697056954671,0.06834299027674282
868,2017,0.44900832158017473,3369717.0,0.29860163331223366,0.6072147898473373,0.05070722556226532,0.04347635127816372
868,2018,0.42870158695063737,3369717.0,0.29860163331223366,0.6072147898473373,0.05070722556226532,0.04347635127816372
868,2019,0.5372094512760859,3369717.0,0.29860163331223366,0.6072147898473373,0.05070722556226532,0.04347635127816372
868,2020,0.49031996232678154,3369717.0,0.29860163331223366,0.6072147898473373,0.05070722556226532,0.04347635127816372
868,2021,0.5709838713057374,3369717.0,0.29860163331223366,0.6072147898473373,0.05070722556226532,0.04347635127816372
868,2022,0.39524948897330714,3369717.0,0.29860163331223366,0.6072147898473373,0.05070722556226532,0.04347635127816372
868,2023,0.3896271193407038,3369717.0,0.29860163331223366,0.6072147898473373,0.05070722556226532,0.04347635127816372
868,2024,0.5015705297863419,3371951.0,0.29878162523714014,0.6069527700728747,0.05071307382580589,0.04355253086417923
868,2025,0.3926235506084975,3369717.0,0.29860163331223366,0.6072147898473373,0.05070722556226532,0.04347635127816372
876,2017,0.4071228118176183,3034997.0,0.23183548451612968,0.6843469697004643,0.013449107198458515,0.07036843858494753
876,2018,0.39721222902530184,3034997.0,0.23183548451612968,0.6843469697004643,0.013449107198458515,0.07036843858494753
876,2019,0.4744279326378628,3034997.0,0.23183548451612968,0.6843469697004643,0.013449107198458515,0.07036843858494753
876,2020,0.4206101925713601,3034997.0,0.23183548451612968,0.6843469697004643,0.013449107198458515,0.07036843858494753
876,2021,0.5342214760048614,3034997.0,0.23183548451612968,0.6843469697004643,0.013449107198458515,0.07036843858494753
876,2022,0.3521704448331336,3034997.0,0.23183548451612968,0.6843469697004643,0.013449107198458515,0.07036843858494753
876,2023,0.3886699838632034,3034997.0,0.23183548451612968,0.6843469697004643,0.013449107198458515,0.07036843858494753
876,2024,0.4729896950714266,3036361.0,0.2319595726595092,0.6841297856216702,0.013450311079611416,0.07046033063920924
876,2025,0.4080761716022322,3034997.0,0.23183548451612968,0.6843469697004643,0.013449107198458515,0.07036843858494753
884,2017,0.46950616923626026,2187498.0,0.7426429647021392,0.10070500635886295,0.059956626246058284,0.09669540269293961
884,2018,0.6235232069908019,2187498.0,0.7426429647021392,0.10070500635886295,0.059956626246058284,0.09669540269293961
884,2019,0.6322159683529573,2187498.0,0.7426429647021392,0.10070500635886295,0.059956626246058284,0.09669540269293961
884,2020,0.5914027445310027,2187498.0,0.7426429647021392,0.10070500635886295,0.059956626246058284,0.09669540269293961
884,2021,0.5692872691176506,2187498.0,0.7426429647021392,0.10070500635886295,0.059956626246058284,0.09669540269293961
884,2022,0.5093147443571215,2187498.0,0.7426429647021392,0.10070500635886295,0.059956626246058284,0.09669540269293961
884,2023,0.49209776522460325,2187498.0,0.7426429647021392,0.10070500635886295,0.059956626246058284,0.09669540269293961
884,2024,0.6521627531137919,2191401.0,0.7425820285744142,0.10079259797727573,0.05991646439880241,0.0967089090495076
884,2025,0.5275766436458074,2187498.0,0.7426429647021392,0.10070500635886295,0.059956626246058284,0.09669540269293961
892,2017,0.37867749827024927,2016187.0,0.2637190895487373,0.5363857618365757,0.03911938723937809,0.16077576137530894
892,2018,0.42474785961452766,2016187.0,0.2637190895487373,0.5363857618365757,0.03911938723937809,0.16077576137530894
892,2019,0.5157131761309544,2016187.0,0.2637190895487373,0.5363857618365757,0.03911938723937809,0.16077576137530894
892,2020,0.4329298460510034,2016187.0,0.2637190895487373,0.5363857618365757,0.03911938723937809,0.16077576137530894
892,2021,0.5575382277995298,2016187.0,0.2637190895487373,0.5363857618365757,0.03911938723937809,0.16077576137530894
892,2022,0.37202131684001066,2016187.0,0.2637190895487373,0.5363857618365757,0.03911938723937809,0.16077576137530894
892,2023,0.3609730385680439,2016187.0,0.2637190895487373,0.5363857618365757,0.03911938723937809,0.16077576137530894
892,2024,0.49563723618733896,2019365.0,0.2639453491567894,0.5361368549024075,0.03906772673587984,0.16085006920492334
892,2025,0.4089927105740888,2016187.0,0.2637190895487373,0.5363857618365757,0.03911938723937809,0.16077576137530894
906,2017,0.4699294024298753,1101342.0,0.4470282618841377,0.4125957241256576,0.022063083038692796,0.11831293095151188
906,2018,0.5045791840582065,1101342.0,0.4470282618841377,0.4125957241256576,0.022063083038692796,0.11831293095151188
906,2019,0.5991023111634165,1101342.0,0.4470282618841377,0.4125957241256576,0.022063083038692796,0.11831293095151188
906,2020,0.513937532239247,1101342.0,0.4470282618841377,0.4125957241256576,0.022063083038692796,0.11831293095151188
906,2021,0.5576616765213553,1101342.0,0.4470282618841377,0.4125957241256576,0.022063083038692796,0.11831293095151188
906,2022,0.47699252821818816,1101342.0,0.4470282618841377,0.4125957241256576,0.022063083038692796,0.11831293095151188
906,2023,0.43952756902964385,1101342.0,0.4470282618841377,0.4125957241256576,0.022063083038692796,0.11831293095151188
906,2024,0.5766441737838298,1103224.0,0.44673248587775466,0.4128826058896471,0.02202544542178198,0.1183594628108163
906,2025,0.48220764624258117,1101342.0,0.4470282618841377,0.4125957241256576,0.022063083038692796,0.11831293095151188
914,2017,0.4253777011928551,3301906.0,0.5459634526240299,0.2534124230065907,0.08393303746381635,0.11669108690556303
914,2018,0.5924928538287256,3301906.0,0.5459634526240299,0.2534124230065907,0.08393303746381635,0.11669108690556303
914,2019,0.6047850149560248,3301906.0,0.5459634526240299,0.2534124230065907,0.08393303746381635,0.11669108690556303
914,2020,0.5438550783713153,3301906.0,0.5459634526240299,0.2534124230065907,0.08393303746381635,0.11669108690556303
914,2021,0.5751945512360104,3301906.0,0.5459634526240299,0.2534124230065907,0.08393303746381635,0.11669108690556303
914,2022,0.4786437795539708,3301906.0,0.5459634526240299,0.2534124230065907,0.08393303746381635,0.11669108690556303
914,2023,0.49430709107626697,3301906.0,0.5459634526240299,0.2534124230065907,0.08393303746381635,0.11669108690556303
914,2024,0.6110797313512817,3306581.0,0.5460573928175357,0.25334083756000536,0.08387485441911147,0.1167269152033475
914,2025,0.4692239960562885,3301906.0,0.5459634526240299,0.2534124230065907,0.08393303746381635,0.11669108690556303
922,2017,0.46882460106927787,3926082.0,0.4831554715362542,0.23202444574514744,0.1421554618573937,0.14266462086120463
922,2018,0.5744418419914032,3926082.0,0.4831554715362542,0.23202444574514744,0.1421554618573937,0.14266462086120463
922,2019,0.6029342686230424,3926082.0,0.4831554715362542,0.23202444574514744,0.1421554618573937,0.14266462086120463
922,2020,0.5852380722238243,3926082.0,0.4831554715362542,0.23202444574514744,0.1421554618573937,0.14266462086120463
922,2021,0.5860770815790632,3926082.0,0.4831554715362542,0.23202444574514744,0.1421554618573937,0.14266462086120463
922,2022,0.5407234878730601,3926082.0,0.4831554715362542,0.23202444574514744,0.1421554618573937,0.14266462086120463
922,2023,0.5280352186480701,3926082.0,0.4831554715362542,0.23202444574514744,0.1421554618573937,0.14266462086120463
922,2024,0.6305212361405009,3929560.0,0.48306222579627234,0.23216212502163092,0.1420685776524598,0.1427070715296369
922,2025,0.520219281563254,3926082.0,0.4831554715362542,0.23202444574514744,0.1421554618573937,0.14266462086120463
931,2017,0.5657641733294827,3227870.0,0.35020648291288065,0.5618984035912227,0.03384151158503905,0.054053601910857625
931,2018,0.4740833696149784,3227870.0,0.35020648291288065,0.5618984035912227,0.03384151158503905,0.054053601910857625
931,2019,0.6058474278187902,3227870.0,0.35020648291288065,0.5618984035912227,0.03384151158503905,0.054053601910857625
931,2020,0.5668968783718538,3227870.0,0.35020648291288065,0.5618984035912227,0.03384151158503905,0.054053601910857625
931,2021,0.5949322431611455,3227870.0,0.35020648291288065,0.5618984035912227,0.03384151158503905,0.054053601910857625
931,2022,0.5063391104766416,3227870.0,0.35020648291288065,0.5618984035912227,0.03384151158503905,0.054053601910857625
931,2023,0.47364990589101735,3227870.0,0.35020648291288065,0.5618984035912227,0.03384151158503905,0.054053601910857625
931,2024,0.5519872764249375,3235418.0,0.35044807193382743,0.5613330333205787,0.03388433890149588,0.05433455584409804
931,2025,0.5279211326901868,3227870.0,0.35020648291288065,0.5618984035912227,0.03384151158503905,0.054053601910857625
949,2017,0.5328173285230041,6341317.0,0.2932881292639999,0.6295227000952641,0.012981057404952315,0.06420811323578367
949,2018,0.45233273807398283,6341317.0,0.2932881292639999,0.6295227000952641,0.012981057404952315,0.06420811323578367
949,2019,0.5849990276402526,6341317.0,0.2932881292639999,0.6295227000952641,0.012981057404952315,0.06420811323578367
949,2020,0.5522023084967685,6341317.0,0.2932881292639999,0.6295227000952641,0.012981057404952315,0.06420811323578367
949,2021,0.5695254623839175,6341317.0,0.2932881292639999,0.6295227000952641,0.012981057404952315,0.06420811323578367
949,2022,0.4983000713613402,6341317.0,0.2932881292639999,0.6295227000952641,0.012981057404952315,0.06420811323578367
949,2023,0.4893498800051357,6341317.0,0.2932881292639999,0.6295227000952641,0.012981057404952315,0.06420811323578367
949,2024,0.5581300702137494,6360099.0,0.2937356792716591,0.6286309379775378,0.01302495448577137,0.06460842826503173
949,2025,0.523523424665583,6341317.0,0.2932881292639999,0.6295227000952641,0.012981057404952315,0.06420811323578367
957,2017,0.5893874114012662,2838404.0,0.4274838958795154,0.5048220760681003,0.014196358235120863,0.053497669817263505
957,2018,0.4929850950005611,2838404.0,0.4274838958795154,0.5048220760681003,0.014196358235120863,0.053497669817263505
957,2019,0.6012329687439676,2838404.0,0.4274838958795154,0.5048220760681003,0.014196358235120863,0.053497669817263505
957,2020,0.5910830328113869,2838404.0,0.4274838958795154,0.5048220760681003,0.014196358235120863,0.053497669817263505
957,2021,0.6012765865539571,2838404.0,0.4274838958795154,0.5048220760681003,0.014196358235120863,0.053497669817263505
957,2022,0.5112336061044462,2838404.0,0.4274838958795154,0.5048220760681003,0.014196358235120863,0.053497669817263505
957,2023,0.497561260761831,2838404.0,0.4274838958795154,0.5048220760681003,0.014196358235120863,0.053497669817263505
957,2024,0.582863302186274,2845257.0,0.4276650580246354,0.5043931005178091,0.014224022645406021,0.05371781881214948
957,2025,0.5337271706650605,2838404.0,0.4274838958795154,0.5048220760681003,0.014196358235120863,0.053497669817263505
965,2017,0.5181710985996916,6609179.0,0.20075852083897258,0.6488327824076182,0.010649129037055888,0.13975956771635328
965,2018,0.44602518922009027,6609179.0,0.20075852083897258,0.6488327824076182,0.010649129037055888,0.13975956771635328
965,2019,0.5328300910125019,6609179.0,0.20075852083897258,0.6488327824076182,0.010649129037055888,0.13975956771635328
965,2020,0.49759257275790775,6609179.0,0.20075852083897258,0.6488327824076182,0.010649129037055888,0.13975956771635328
965,2021,0.5363751260107332,6609179.0,0.20075852083897258,0.6488327824076182,0.010649129037055888,0.13975956771635328
965,2022,0.500182309323241,6609179.0,0.20075852083897258,0.6488327824076182,0.010649129037055888,0.13975956771635328
965,2023,0.49802712203972865,6609179.0,0.20075852083897258,0.6488327824076182,0.010649129037055888,0.13975956771635328
965,2024,0.5187805516511668,6620205.0,0.20115887650004796,0.6481309868803157,0.010665379697456498,0.1400447569221799
965,2025,0.5183109551061797,6609179.0,0.20075852083897258,0.6488327824076182,0.010649129037055888,0.13975956771635328
973,2017,0.5073925563557704,2115279.0,0.17861993618808678,0.7183875034924471,0.028499313802103646,0.07449324651736249
973,2018,0.4271719838275182,2115279.0,0.17861993618808678,0.7183875034924471,0.028499313802103646,0.07449324651736249
973,2019,0.5311403387515854,2115279.0,0.17861993618808678,0.7183875034924471,0.028499313802103646,0.07449324651736249
973,2020,0.5061376644819778,2115279.0,0.17861993618808678,0.7183875034924471,0.028499313802103646,0.07449324651736249
973,2021,0.5633724763172064,2115279.0,0.17861993618808678,0.7183875034924471,0.028499313802103646,0.07449324651736249
973,2022,0.494537705099619,2115279.0,0.17861993618808678,0.7183875034924471,0.028499313802103646,0.07449324651736249
973,2023,0.48405484802460746,2115279.0,0.17861993618808678,0.7183875034924471,0.028499313802103646,0.07449324651736249
973,2024,0.5247943096272936,2118436.0,0.1787767013022815,0.7178918787256259,0.02852340122618762,0.074808018745905
973,2025,0.5141722468324059,2115279.0,0.17861993618808678,0.7183875034924471,0.028499313802103646,0.07449324651736249
981,2017,0.5324748712806338,7334655.0,0.31935639781284875,0.5770077801887069,0.016281747403252094,0.08735407459519227
981,2018,0.45563687329912916,7334655.0,0.31935639781284875,0.5770077801887069,0.016281747403252094,0.08735407459519227
981,2019,0.5610089028558376,7334655.0,0.31935639781284875,0.5770077801887069,0.016281747403252094,0.08735407459519227
981,2020,0.5427574500257112,7334655.0,0.31935639781284875,0.5770077801887069,0.016281747403252094,0.08735407459519227
981,2021,0.6089872730416593,7334655.0,0.31935639781284875,0.5770077801887069,0.016281747403252094,0.08735407459519227
981,2022,0.5151485893836305,7334655.0,0.31935639781284875,0.5770077801887069,0.016281747403252094,0.08735407459519227
981,2023,0.49702053451356015,7334655.0,0.31935639781284875,0.5770077801887069,0.016281747403252094,0.08735407459519227
981,2024,0.5377472475222613,7344465.0,0.31962668485723605,0.5765631669563406,0.016284916600460348,0.08752523158596304
981,2025,0.5274728013984792,7334655.0,0.31935639781284875,0.5770077801887069,0.016281747403252094,0.08735407459519227
990,2017,0.6137532192891932,2418986.0,0.43058785788756115,0.46343095826102343,0.04703499730878972,0.05894618654262571
990,2018,0.5286273635272736,2418986.0,0.43058785788756115,0.46343095826102343,0.04703499730878972,0.05894618654262571
990,2019,0.618044308462325,2418986.0,0.43058785788756115,0.46343095826102343,0.04703499730878972,0.05894618654262571
990,2020,0.6109354814748442,2418986.0,0.43058785788756115,0.46343095826102343,0.04703499730878972,0.05894618654262571
990,2021,0.6138746936317784,2418986.0,0.43058785788756115,0.46343095826102343,0.04703499730878972,0.05894618654262571
990,2022,0.5530948092891189,2418986.0,0.43058785788756115,0.46343095826102343,0.04703499730878972,0.05894618654262571
990,2023,0.548891670542609,2418986.0,0.43058785788756115,0.46343095826102343,0.04703499730878972,0.05894618654262571
990,2024,0.6235290708838198,2422865.0,0.4307487210389353,0.4631306325362742,0.047042654047996894,0.05907799237679359
990,2025,0.580528107329336,2418986.0,0.43058785788756115,0.46343095826102343,0.04703499730878972,0.05894618654262571
1007,2017,0.5728660361762901,1909873.0,0.24184854176167736,0.6567567581718784,0.02277114761033849,0.07862355245610572
1007,2018,0.4834239447932453,1909873.0,0.24184854176167736,0.6567567581718784,0.02277114761033849,0.07862355245610572
1007,2019,0.560619332563746,1909873.0,0.24184854176167736,0.6567567581718784,0.02277114761033849,0.07862355245610572
1007,2020,0.5530822415045699,1909873.0,0.24184854176167736,0.6567567581718784,0.02277114761033849,0.07862355245610572
1007,2021,0.5738092535999242,1909873.0,0.24184854176167736,0.6567567581718784,0.02277114761033849,0.07862355245610572
1007,2022,0.5103818138551433,1909873.0,0.24184854176167736,0.6567567581718784,0.02277114761033849,0.07862355245610572
1007,2023,0.5071948134714893,1909873.0,0.24184854176167736,0.6567567581718784,0.02277114761033849,0.07862355245610572
1007,2024,0.5489615400660495,1911475.0,0.24205548071515454,0.6564605867196799,0.022776128382531815,0.07870780418263383
1007,2025,0.5365172120283505,1909873.0,0.24184854176167736,0.6567567581718784,0.02277114761033849,0.07862355245610572
1015,2017,0.5656841285184877,5868920.0,0.2477522269855442,0.6595578062062526,0.026016200595680296,0.06667376621252291
1015,2018,0.469072183840832,5868920.0,0.2477522269855442,0.6595578062062526,0.026016200595680296,0.06667376621252291
1015,2019,0.5764224001080505,5868920.0,0.2477522269855442,0.6595578062062526,0.026016200595680296,0.06667376621252291
1015,2020,0.545700789533331,5868920.0,0.2477522269855442,0.6595578062062526,0.026016200595680296,0.06667376621252291
1015,2021,0.5873964283183798,5868920.0,0.2477522269855442,0.6595578062062526,0.026016200595680296,0.06667376621252291
1015,2022,0.5245297251742554,5868920.0,0.2477522269855442,0.6595578062062526,0.026016200595680296,0.06667376621252291
1015,2023,0.505108861294239,5868920.0,0.2477522269855442,0.6595578062062526,0.026016200595680296,0.06667376621252291
1015,2024,0.5544053510725833,5875836.0,0.24800079512089854,0.659159479604264,0.02600974567704068,0.06682997959779681
1015,2025,0.5351521400108196,5868920.0,0.2477522269855442,0.6595578062062526,0.026016200595680296,0.06667376621252291
1023,2017,0.618993743106653,965188.0,0.40287177213143965,0.4620291590861055,0.04786010601043527,0.08723896277201955
1023,2018,0.5145098282814266,965188.0,0.40287177213143965,0.4620291590861055,0.04786010601043527,0.08723896277201955
1023,2019,0.6005291201749285,965188.0,0.40287177213143965,0.4620291590861055,0.04786010601043527,0.08723896277201955
1023,2020,0.6052616016383207,965188.0,0.40287177213143965,0.4620291590861055,0.04786010601043527,0.08723896277201955
1023,2021,0.6545096244885702,965188.0,0.40287177213143965,0.4620291590861055,0.04786010601043527,0.08723896277201955
1023,2022,0.5927706329770219,965188.0,0.40287177213143965,0.4620291590861055,0.04786010601043527,0.08723896277201955
1023,2023,0.5486233429916834,965188.0,0.40287177213143965,0.4620291590861055,0.04786010601043527,0.08723896277201955
1023,2024,0.6264003023477911,966130.0,0.4030078767867678,0.4618105223934667,0.04784345791974165,0.08733814290002381
1023,2025,0.5582208476565955,965188.0,0.40287177213143965,0.4620291590861055,0.04786010601043527,0.08723896277201955
1031,2017,0.5362425196139559,2565303.0,0.39070667285696853,0.48224673654535155,0.08420408817204049,0.04284250242563939
1031,2018,0.5469789495904515,2565303.0,0.39070667285696853,0.48224673654535155,0.08420408817204049,0.04284250242563939
1031,2019,0.6509709265969393,2565303.0,0.39070667285696853,0.48224673654535155,0.08420408817204049,0.04284250242563939
1031,2020,0.5723362570885046,2565303.0,0.39070667285696853,0.48224673654535155,0.08420408817204049,0.04284250242563939
1031,2021,0.6511742123622394,2565303.0,0.39070667285696853,0.48224673654535155,0.08420408817204049,0.04284250242563939
1031,2022,0.5300714194019411,2565303.0,0.39070667285696853,0.48224673654535155,0.08420408817204049,0.04284250242563939
1031,2023,0.544155487932667,2565303.0,0.39070667285696853,0.48224673654535155,0.08420408817204049,0.04284250242563939
1031,2024,0.6222957285380512,2567124.0,0.3907212896611149,0.4821504531919767,0.08420590512963144,0.04292235201727692
1031,2025,0.6077172019645235,2565303.0,0.39070667285696853,0.48224673654535155,0.08420408817204049,0.04284250242563939
1040,2017,0.5054545792036633,1334148.0,0.1508048582316205,0.7167435696789262,0.02665146595430192,0.10580010613515142
1040,2018,0.40799682585842173,1334148.0,0.1508048582316205,0.7167435696789262,0.02665146595430192,0.10580010613515142
1040,2019,0.5385518013303618,1334148.0,0.1508048582316205,0.7167435696789262,0.02665146595430192,0.10580010613515142
1040,2020,0.47307059547954483,1334148.0,0.1508048582316205,0.7167435696789262,0.02665146595430192,0.10580010613515142
1040,2021,0.5441882569432841,1334148.0,0.1508048582316205,0.7167435696789262,0.02665146595430192,0.10580010613515142
1040,2022,0.486218365983022,1334148.0,0.1508048582316205,0.7167435696789262,0.02665146595430192,0.10580010613515142
1040,2023,0.5119276639055401,1334148.0,0.1508048582316205,0.7167435696789262,0.02665146595430192,0.10580010613515142
1040,2024,0.533476651627713,1335677.0,0.15115780237287907,0.7162487637355438,0.026748981976930052,0.10584445191464703
1040,2025,0.5584784463078942,1334148.0,0.1508048582316205,0.7167435696789262,0.02665146595430192,0.10580010613515142
1058,2017,0.5764770602402151,923825.0,0.2281027250832138,0.6476064189646308,0.03625794928693205,0.0880329066652234
1058,2018,0.43056320259389647,923825.0,0.2281027250832138,0.6476064189646308,0.03625794928693205,0.0880329066652234
1058,2019,0.563042998804574,923825.0,0.2281027250832138,0.6476064189646308,0.03625794928693205,0.0880329066652234
1058,2020,0.5534276376333371,923825.0,0.2281027250832138,0.6476064189646308,0.03625794928693205,0.0880329066652234
1058,2021,0.5454486837629323,923825.0,0.2281027250832138,0.6476064189646308,0.03625794928693205,0.0880329066652234
1058,2022,0.4819793517711574,923825.0,0.2281027250832138,0.6476064189646308,0.03625794928693205,0.0880329066652234
1058,2023,0.5137873178884514,923825.0,0.2281027250832138,0.6476064189646308,0.03625794928693205,0.0880329066652234
1058,2024,0.5534647131470639,925383.0,0.22877338356118493,0.6467862495853068,0.03621203328783866,0.08822833356566957
1058,2025,0.5727148834000975,923825.0,0.2281027250832138,0.6476064189646308,0.03625794928693205,0.0880329066652234
1066,2017,0.5825453978286296,3505701.0,0.3727850720868665,0.4633946249266552,0.075771721547274,0.08804858143920431
1066,2018,0.518985808866363,3505701.0,0.3727850720868665,0.4633946249266552,0.075771721547274,0.08804858143920431
1066,2019,0.608046816351899,3505701.0,0.3727850720868665,0.4633946249266552,0.075771721547274,0.08804858143920431
1066,2020,0.5785221224335979,3505701.0,0.3727850720868665,0.4633946249266552,0.075771721547274,0.08804858143920431
1066,2021,0.6252381350534576,3505701.0,0.3727850720868665,0.4633946249266552,0.075771721547274,0.08804858143920431
1066,2022,0.5217081127861093,3505701.0,0.3727850720868665,0.4633946249266552,0.075771721547274,0.08804858143920431
1066,2023,0.5553739906631565,3505701.0,0.3727850720868665,0.4633946249266552,0.075771721547274,0.08804858143920431
1066,2024,0.594839137488809,3508518.0,0.37285970885713,0.46321352776300423,0.07574879194007271,0.0881779714397931
1066,2025,0.593113031632757,3505701.0,0.3727850720868665,0.4633946249266552,0.075771721547274,0.08804858143920431
1074,2017,0.5484632377731692,2110542.0,0.4213211582617167,0.4879628076579381,0.01809819468174526,0.07261783939859998
1074,2018,0.4857675986201165,2110542.0,0.4213211582617167,0.4879628076579381,0.01809819468174526,0.07261783939859998
1074,2019,0.6008652826875469,2110542.0,0.4213211582617167,0.4879628076579381,0.01809819468174526,0.07261783939859998
1074,2020,0.508192671170099,2110542.0,0.4213211582617167,0.4879628076579381,0.01809819468174526,0.07261783939859998
1074,2021,0.5632024928509308,2110542.0,0.4213211582617167,0.4879628076579381,0.01809819468174526,0.07261783939859998
1074,2022,0.5182184550009148,2110542.0,0.4213211582617167,0.4879628076579381,0.01809819468174526,0.07261783939859998
1074,2023,0.5393948244298316,2110542.0,0.4213211582617167,0.4879628076579381,0.01809819468174526,0.07261783939859998
1074,2024,0.5375460312452174,2112657.0,0.421398741016644,0.48773558604165274,0.018092856530899242,0.07277281641080402
1074,2025,0.5817244068887477,2110542.0,0.4213211582617167,0.4879628076579381,0.01809819468174526,0.07261783939859998
1082,2017,0.5146755419397055,3929227.0,0.1859424258257413,0.6196905905410912,0.009408720850182491,0.18495826278298505
1082,2018,0.42416554148466906,3929227.0,0.1859424258257413,0.6196905905410912,0.009408720850182491,0.18495826278298505
1082,2019,0.517165319449346,3929227.0,0.1859424258257413,0.6196905905410912,0.009408720850182491,0.18495826278298505
1082,2020,0.47298305835705345,3929227.0,0.1859424258257413,0.6196905905410912,0.009408720850182491,0.18495826278298505
1082,2021,0.5625010291638721,3929227.0,0.1859424258257413,0.6196905905410912,0.009408720850182491,0.18495826278298505
1082,2022,0.4892372861017175,3929227.0,0.1859424258257413,0.6196905905410912,0.009408720850182491,0.18495826278298505
1082,2023,0.499078338938227,3929227.0,0.1859424258257413,0.6196905905410912,0.009408720850182491,0.18495826278298505
1082,2024,0.5001081383026695,3938141.0,0.1866538044219341,0.6187495572149397,0.009404437271291201,0.18519220109183496
1082,2025,0.5222426749622842,3929227.0,0.1859424258257413,0.6196905905410912,0.009408720850182491,0.18495826278298505
1091,2017,0.5714024292380298,2489165.0,0.3760048048241077,0.5142282653018181,0.012007239375453215,0.09775969049862103
1091,2018,0.4756978246580092,2489165.0,0.3760048048241077,0.5142282653018181,0.012007239375453215,0.09775969049862103
1091,2019,0.5697936242551084,2489165.0,0.3760048048241077,0.5142282653018181,0.012007239375453215,0.09775969049862103
1091,2020,0.5698118600104521,2489165.0,0.3760048048241077,0.5142282653018181,0.012007239375453215,0.09775969049862103
1091,2021,0.6061657715393673,2489165.0,0.3760048048241077,0.5142282653018181,0.012007239375453215,0.09775969049862103
1091,2022,0.5316955049602324,2489165.0,0.3760048048241077,0.5142282653018181,0.012007239375453215,0.09775969049862103
1091,2023,0.4841156130333353,2489165.0,0.3760048048241077,0.5142282653018181,0.012007239375453215,0.09775969049862103
1091,2024,0.5594344720591309,2494830.0,0.37641562751770663,0.5134762689241351,0.012045309700460553,0.09806279385769771
1091,2025,0.5221377461003167,2489165.0,0.3760048048241077,0.5142282653018181,0.012007239375453215,0.09775969049862103
1104,2017,0.6015647642608837,2762331.0,0.3403661617670004,0.5264629763775593,0.07441287810910423,0.05875798374633597
1104,2018,0.48679744236128897,2762331.0,0.3403661617670004,0.5264629763775593,0.07441287810910423,0.05875798374633597
1104,2019,0.5967373482091289,2762331.0,0.3403661617670004,0.5264629763775593,0.07441287810910423,0.05875798374633597
1104,2020,0.5931094209384428,2762331.0,0.3403661617670004,0.5264629763775593,0.07441287810910423,0.05875798374633597
1104,2021,0.5697006722155286,2762331.0,0.3403661617670004,0.5264629763775593,0.07441287810910423,0.05875798374633597
1104,2022,0.4927888416652937,2762331.0,0.3403661617670004,0.5264629763775593,0.07441287810910423,0.05875798374633597
1104,2023,0.536324501140043,2762331.0,0.3403661617670004,0.5264629763775593,0.07441287810910423,0.05875798374633597
1104,2024,0.5738438392425084,2764517.0,0.3404175123538759,0.5262456335048763,0.07439672101853596,0.05894013312271185
1104,2025,0.5768527530267751,2762331.0,0.3403661617670004,0.5264629763775593,0.07441287810910423,0.05875798374633597
1112,2017,0.5861271571547426,2181545.0,0.5004691629097726,0.38193665498534296,0.03940510051362681,0.07818908159125758
1112,2018,0.553296989333646,2181545.0,0.5004691629097726,0.38193665498534296,0.03940510051362681,0.07818908159125758
1112,2019,0.6278415474516864,2181545.0,0.5004691629097726,0.38193665498534296,0.03940510051362681,0.07818908159125758
1112,2020,0.5561953798680799,2181545.0,0.5004691629097726,0.38193665498534296,0.03940510051362681,0.07818908159125758
1112,2021,0.5749278506155319,2181545.0,0.5004691629097726,0.38193665498534296,0.03940510051362681,0.07818908159125758
1112,2022,0.5352595920373773,2181545.0,0.5004691629097726,0.38193665498534296,0.03940510051362681,0.07818908159125758
1112,2023,0.565016295704301,2181545.0,0.5004691629097726,0.38193665498534296,0.03940510051362681,0.07818908159125758
1112,2024,0.5710475720556565,2184993.0,0.5004382165068721,0.3817810857975289,0.039425755597386355,0.07835494209821267
1112,2025,0.5697003180277576,2181545.0,0.5004691629097726,0.38193665498534296,0.03940510051362681,0.07818908159125758
1121,2017,0.5859091533486185,4746967.0,0.43604832306607566,0.4252515342954775,0.08482468911201616,0.05387545352643067
1121,2018,0.5363145042727642,4746967.0,0.43604832306607566,0.4252515342954775,0.08482468911201616,0.05387545352643067
1121,2019,0.6243651923183313,4746967.0,0.43604832306607566,0.4252515342954775,0.08482468911201616,0.05387545352643067
1121,2020,0.5903798823293804,4746967.0,0.43604832306607566,0.4252515342954775,0.08482468911201616,0.05387545352643067
1121,2021,0.5944693640740976,4746967.0,0.43604832306607566,0.4252515342954775,0.08482468911201616,0.05387545352643067
1121,2022,0.5128717110277267,4746967.0,0.43604832306607566,0.4252515342954775,0.08482468911201616,0.05387545352643067
1121,2023,0.546187726933498,4746967.0,0.43604832306607566,0.4252515342954775,0.08482468911201616,0.05387545352643067
1121,2024,0.609009557635343,4749444.0,0.43605946296029596,0.4251988232727873,0.08481055887804972,0.05393115488886699
1121,2025,0.5714965378535648,4746967.0,0.43604832306607566,0.4252515342954775,0.08482468911201616,0.05387545352643067
1139,2017,0.6277928970338064,2757043.0,0.4992305161725806,0.28963313230878157,0.15335850764750494,0.057777843871132946
1139,2018,0.5752275650142019,2757043.0,0.4992305161725806,0.28963313230878157,0.15335850764750494,0.057777843871132946
1139,2019,0.6315212595571664,2757043.0,0.4992305161725806,0.28963313230878157,0.15335850764750494,0.057777843871132946
1139,2020,0.6643054543301116,2757043.0,0.4992305161725806,0.28963313230878157,0.15335850764750494,0.057777843871132946
1139,2021,0.6602049596303368,2757043.0,0.4992305161725806,0.28963313230878157,0.15335850764750494,0.057777843871132946
1139,2022,0.5302938720485461,2757043.0,0.4992305161725806,0.28963313230878157,0.15335850764750494,0.057777843871132946
1139,2023,0.4921909998863645,2757043.0,0.4992305161725806,0.28963313230878157,0.15335850764750494,0.057777843871132946
1139,2024,0.6632963471454191,2758333.0,0.49919716002382597,0.28964668152829987,0.153329202819239,0.05782695562863512
1139,2025,0.5606442231973657,2757043.0,0.4992305161725806,0.28963313230878157,0.15335850764750494,0.057777843871132946
1147,2017,0.6372262949100281,2273505.0,0.38418037347619644,0.43349497801852205,0.10932634852353525,0.07299829998174624
1147,2018,0.5594005322034187,2273505.0,0.38418037347619644,0.43349497801852205,0.10932634852353525,0.07299829998174624
1147,2019,0.6260504226467142,2273505.0,0.38418037347619644,0.43349497801852205,0.10932634852353525,0.07299829998174624
1147,2020,0.6700228937092455,2273505.0,0.38418037347619644,0.43349497801852205,0.10932634852353525,0.07299829998174624
1147,2021,0.6732205306993794,2273505.0,0.38418037347619644,0.43349497801852205,0.10932634852353525,0.07299829998174624
1147,2022,0.5489001831503505,2273505.0,0.38418037347619644,0.43349497801852205,0.10932634852353525,0.07299829998174624
1147,2023,0.5687766258067373,2273505.0,0.38418037347619644,0.43349497801852205,0.10932634852353525,0.07299829998174624
1147,2024,0.6221322895421945,2274570.0,0.3842145988032903,0.43344851994003264,0.10930329688688412,0.07303358436979297
1147,2025,0.5576343366634322,2273505.0,0.38418037347619644,0.43349497801852205,0.10932634852353525,0.07299829998174624
1155,2017,0.588769883382988,2283676.0,0.3356688952373279,0.5242179713759745,0.043936180088594005,0.09617695329810358
1155,2018,0.5268008288278766,2283676.0,0.3356688952373279,0.5242179713759745,0.043936180088594005,0.09617695329810358
1155,2019,0.5899423008239126,2283676.0,0.3356688952373279,0.5242179713759745,0.043936180088594005,0.09617695329810358
1155,2020,0.6097706634686427,2283676.0,0.3356688952373279,0.5242179713759745,0.043936180088594005,0.09617695329810358
1155,2021,0.6362105914578079,2283676.0,0.3356688952373279,0.5242179713759745,0.043936180088594005,0.09617695329810358
1155,2022,0.5463771880376023,2283676.0,0.3356688952373279,0.5242179713759745,0.043936180088594005,0.09617695329810358
1155,2023,0.5372787907599433,2283676.0,0.3356688952373279,0.5242179713759745,0.043936180088594005,0.09617695329810358
1155,2024,0.5942827184422027,2285863.0,0.3358665851803017,0.5239802210368688,0.04394270347785497,0.09621049030497453
1155,2025,0.5580232966617921,2283676.0,0.3356688952373279,0.5242179713759745,0.043936180088594005,0.09617695329810358
1163,2017,0.5096510583857707,3351421.0,0.267238284894676,0.6480788298456088,0.023406787747644955,0.061276097512070256
1163,2018,0.4313674079032827,3351421.0,0.267238284894676,0.6480788298456088,0.023406787747644955,0.061276097512070256
1163,2019,0.5675361604838195,3351421.0,0.267238284894676,0.6480788298456088,0.023406787747644955,0.061276097512070256
1163,2020,0.5425584315513811,3351421.0,0.267238284894676,0.6480788298456088,0.023406787747644955,0.061276097512070256
1163,2021,0.5667458061594698,3351421.0,0.267238284894676,0.6480788298456088,0.023406787747644955,0.061276097512070256
1163,2022,0.5395428977541493,3351421.0,0.267238284894676,0.6480788298456088,0.023406787747644955,0.061276097512070256
1163,2023,0.492480676550556,3351421.0,0.267238284894676,0.6480788298456088,0.023406787747644955,0.061276097512070256
1163,2024,0.5602905341452545,3352846.0,0.267289938159999,0.6479438661960615,0.023425471972169314,0.061340723671770195
1163,2025,0.5216757773912905,3351421.0,0.267238284894676,0.6480788298456088,0.023406787747644955,0.061276097512070256
1171,2017,0.5768571686749139,4136259.0,0.43458327923855833,0.48841114640064853,0.03090111136657545,0.04610446299421772
1171,2018,0.4707164177712777,4136259.0,0.43458327923855833,0.48841114640064853,0.03090111136657545,0.04610446299421772
1171,2019,0.6009696941212725,4136259.0,0.43458327923855833,0.48841114640064853,0.03090111136657545,0.04610446299421772
1171,2020,0.5744659123333027,4136259.0,0.43458327923855833,0.48841114640064853,0.03090111136657545,0.04610446299421772
1171,2021,0.6032099371170244,4136259.0,0.43458327923855833,0.48841114640064853,0.03090111136657545,0.04610446299421772
1171,2022,0.4989915991896144,4136259.0,0.43458327923855833,0.48841114640064853,0.03090111136657545,0.04610446299421772
1171,2023,0.49590098422970946,4136259.0,0.43458327923855833,0.48841114640064853,0.03090111136657545,0.04610446299421772
1171,2024,0.5806174990340032,4138912.0,0.43457459351636374,0.48837786355448004,0.030901357651479423,0.04614618527767684
1171,2025,0.5722114919186333,4136259.0,0.43458327923855833,0.48841114640064853,0.03090111136657545,0.04610446299421772
1180,2017,0.5870028128717155,2700751.0,0.3797988041104122,0.5360197959752676,0.03021011563080047,0.05397128428351966
1180,2018,0.46821076031131303,2700751.0,0.3797988041104122,0.5360197959752676,0.03021011563080047,0.05397128428351966
1180,2019,0.6060057888529501,2700751.0,0.3797988041104122,0.5360197959752676,0.03021011563080047,0.05397128428351966
1180,2020,0.5671913836946356,2700751.0,0.3797988041104122,0.5360197959752676,0.03021011563080047,0.05397128428351966
1180,2021,0.5935919530295655,2700751.0,0.3797988041104122,0.5360197959752676,0.03021011563080047,0.05397128428351966
1180,2022,0.5831142061161168,2700751.0,0.3797988041104122,0.5360197959752676,0.03021011563080047,0.05397128428351966
1180,2023,0.5399857432579416,2700751.0,0.3797988041104122,0.5360197959752676,0.03021011563080047,0.05397128428351966
1180,2024,0.6167702336444391,2703496.0,0.37971685550857115,0.5359608447728422,0.030206813696043937,0.054115486022542666
1180,2025,0.5496510802824509,2700751.0,0.3797988041104122,0.5360197959752676,0.03021011563080047,0.05397128428351966
1198,2017,0.5511154253672998,3485334.0,0.3576592659412269,0.5575967755170667,0.02597398125975875,0.05876997728194773
1198,2018,0.4330951123133041,3485334.0,0.3576592659412269,0.5575967755170667,0.02597398125975875,0.05876997728194773
1198,2019,0.6076919643837896,3485334.0,0.3576592659412269,0.5575967755170667,0.02597398125975875,0.05876997728194773
1198,2020,0.5489704586298116,3485334.0,0.3576592659412269,0.5575967755170667,0.02597398125975875,0.05876997728194773
1198,2021,0.5820493716796046,3485334.0,0.3576592659412269,0.5575967755170667,0.02597398125975875,0.05876997728194773
1198,2022,0.5137765851883586,3485334.0,0.3576592659412269,0.5575967755170667,0.02597398125975875,0.05876997728194773
1198,2023,0.4821831031690322,3485334.0,0.3576592659412269,0.5575967755170667,0.02597398125975875,0.05876997728194773
1198,2024,0.5754007853519724,3487148.0,0.3576928768150936,0.5574592761764054,0.02598140371443942,0.05886644329406151
1198,2025,0.5237227128029912,3485334.0,0.3576592659412269,0.5575967755170667,0.02597398125975875,0.05876997728194773
1201,2017,0.5952030253837466,2550771.0,0.39650991798166124,0.5053068268378463,0.026597840417661955,0.07158541476283053
1201,2018,0.5152016906145042,2550771.0,0.39650991798166124,0.5053068268378463,0.026597840417661955,0.07158541476283053
1201,2019,0.6017750258470408,2550771.0,0.39650991798166124,0.5053068268378463,0.026597840417661955,0.07158541476283053
1201,2020,0.5654388374724744,2550771.0,0.39650991798166124,0.5053068268378463,0.026597840417661955,0.07158541476283053
1201,2021,0.6043080963299211,2550771.0,0.39650991798166124,0.5053068268378463,0.026597840417661955,0.07158541476283053
1201,2022,0.5124026459147446,2550771.0,0.39650991798166124,0.5053068268378463,0.026597840417661955,0.07158541476283053
1201,2023,0.5189267538736688,2550771.0,0.39650991798166124,0.5053068268378463,0.026597840417661955,0.07158541476283053
1201,2024,0.6206363900520315,2553387.0,0.39664101054795065,0.5050632747797338,0.02659761328776249,0.07169810138455314
1201,2025,0.5703775800974986,2550771.0,0.39650991798166124,0.5053068268378463,0.026597840417661955,0.07158541476283053
1210,2017,0.6223113590488535,5891025.0,0.5595267377069355,0.2925686107256377,0.08817412928989438,0.059730522277532345
1210,2018,0.6077203293780529,5891025.0,0.5595267377069355,0.2925686107256377,0.08817412928989438,0.059730522277532345
1210,2019,0.642812649412047,5891025.0,0.5595267377069355,0.2925686107256377,0.08817412928989438,0.059730522277532345
1210,2020,0.6431241888382592,5891025.0,0.5595267377069355,0.2925686107256377,0.08817412928989438,0.059730522277532345
1210,2021,0.6569583757075894,5891025.0,0.5595267377069355,0.2925686107256377,0.08817412928989438,0.059730522277532345
1210,2022,0.5351859987428631,5891025.0,0.5595267377069355,0.2925686107256377,0.08817412928989438,0.059730522277532345
1210,2023,0.5331933218203934,5891025.0,0.5595267377069355,0.2925686107256377,0.08817412928989438,0.059730522277532345
1210,2024,0.685850868551566,5893894.0,0.559471548012231,0.29258754908045514,0.08815631906512061,0.059784583842193297
1210,2025,0.5745202832482779,5891025.0,0.5595267377069355,0.2925686107256377,0.08817412928989438,0.059730522277532345
1228,2017,0.612371423873089,2873143.0,0.568203531811678,0.2541213576908633,0.12333496801238227,0.054340142485076445
1228,2018,0.5818969781561987,2873143.0,0.568203531811678,0.2541213576908633,0.12333496801238227,0.054340142485076445
1228,2019,0.6021087156686289,2873143.0,0.568203531811678,0.2541213576908633,0.12333496801238227,0.054340142485076445
1228,2020,0.6337040359407534,2873143.0,0.568203531811678,0.2541213576908633,0.12333496801238227,0.054340142485076445
1228,2021,0.6459397988471849,2873143.0,0.568203531811678,0.2541213576908633,0.12333496801238227,0.054340142485076445
1228,2022,0.5045351555665655,2873143.0,0.568203531811678,0.2541213576908633,0.12333496801238227,0.054340142485076445
1228,2023,0.48418132968681704,2873143.0,0.568203531811678,0.2541213576908633,0.12333496801238227,0.054340142485076445
1228,2024,0.6895345491130258,2874245.0,0.56815372384748,0.25413212861116574,0.12331551416111014,0.054398633380244206
1228,2025,0.5516672236196611,2873143.0,0.568203531811678,0.2541213576908633,0.12333496801238227,0.054340142485076445
1236,2017,0.5971730107424854,1572301.0,0.49008173371383723,0.3654949020575577,0.09947713573927638,0.0449462284893287
1236,2018,0.58163679628941,1572301.0,0.49008173371383723,0.3654949020575577,0.09947713573927638,0.0449462284893287
1236,2019,0.6554487484152856,1572301.0,0.49008173371383723,0.3654949020575577,0.09947713573927638,0.0449462284893287
1236,2020,0.6618137250242432,1572301.0,0.49008173371383723,0.3654949020575577,0.09947713573927638,0.0449462284893287
1236,2021,0.644662289083951,1572301.0,0.49008173371383723,0.3654949020575577,0.09947713573927638,0.0449462284893287
1236,2022,0.545785134305739,1572301.0,0.49008173371383723,0.3654949020575577,0.09947713573927638,0.0449462284893287
1236,2023,0.501636599628469,1572301.0,0.49008173371383723,0.3654949020575577,0.09947713573927638,0.0449462284893287
1236,2024,0.6896599173231555,1573170.0,0.49006528220090645,0.3654970537195599,0.0994393485764412,0.04499831550309248
1236,2025,0.6113539509733379,1572301.0,0.49008173371383723,0.3654949020575577,0.09947713573927638,0.0449462284893287
1244,2017,0.5890747876079663,2725537.0,0.37137855769340133,0.5014112815199353,0.07195499455703591,0.05525516622962741
1244,2018,0.5331791329332675,2725537.0,0.37137855769340133,0.5014112815199353,0.07195499455703591,0.05525516622962741
1244,2019,0.6303211731130156,2725537.0,0.37137855769340133,0.5014112815199353,0.07195499455703591,0.05525516622962741
1244,2020,0.6406379570264864,2725537.0,0.37137855769340133,0.5014112815199353,0.07195499455703591,0.05525516622962741
1244,2021,0.6413238785699066,2725537.0,0.37137855769340133,0.5014112815199353,0.07195499455703591,0.05525516622962741
1244,2022,0.5104185334805817,2725537.0,0.37137855769340133,0.5014112815199353,0.07195499455703591,0.05525516622962741
1244,2023,0.510275185580341,2725537.0,0.37137855769340133,0.5014112815199353,0.07195499455703591,0.05525516622962741
1244,2024,0.6219976200649994,2727266.0,0.37145808292993787,0.5012815031610411,0.07194934414171555,0.055311069767305425
1244,2025,0.6213934160516277,2725537.0,0.37137855769340133,0.5014112815199353,0.07195499455703591,0.05525516622962741
1252,2017,0.5172870678859383,2765471.0,0.24113179997186737,0.6456936268722399,0.0330030580685894,0.0801715150873034
1252,2018,0.48035715496503717,2765471.0,0.24113179997186737,0.6456936268722399,0.0330030580685894,0.0801715150873034
1252,2019,0.5505124980636525,2765471.0,0.24113179997186737,0.6456936268722399,0.0330030580685894,0.0801715150873034
1252,2020,0.5246244343894217,2765471.0,0.24113179997186737,0.6456936268722399,0.0330030580685894,0.0801715150873034
1252,2021,0.551942955985508,2765471.0,0.24113179997186737,0.6456936268722399,0.0330030580685894,0.0801715150873034
1252,2022,0.5478794689699529,2765471.0,0.24113179997186737,0.6456936268722399,0.0330030580685894,0.0801715150873034
1252,2023,0.5004781500599803,2765471.0,0.24113179997186737,0.6456936268722399,0.0330030580685894,0.0801715150873034
1252,2024,0.5189042421981348,2768470.0,0.24139506658912685,0.6452643517899779,0.03301968235162382,0.08032089926927148
1252,2025,0.5518004388509488,2765471.0,0.24113179997186737,0.6456936268722399,0.0330030580685894,0.0801715150873034
1261,2017,0.6087462928367017,2776464.0,0.3672033925165246,0.4849049006217981,0.07815624477752998,0.06973546208414731
1261,2018,0.5410501694549468,2776464.0,0.3672033925165246,0.4849049006217981,0.07815624477752998,0.06973546208414731
1261,2019,0.6040114542751529,2776464.0,0.3672033925165246,0.4849049006217981,0.07815624477752998,0.06973546208414731
1261,2020,0.6277675156384921,2776464.0,0.3672033925165246,0.4849049006217981,0.07815624477752998,0.06973546208414731
1261,2021,0.6266701283275852,2776464.0,0.3672033925165246,0.4849049006217981,0.07815624477752998,0.06973546208414731
1261,2022,0.5419362129190417,2776464.0,0.3672033925165246,0.4849049006217981,0.07815624477752998,0.06973546208414731
1261,2023,0.527060509284425,2776464.0,0.3672033925165246,0.4849049006217981,0.07815624477752998,0.06973546208414731
1261,2024,0.6270834072660192,2778821.0,0.36742381031379856,0.4846433073594881,0.07814573158904442,0.06978715073766896
1261,2025,0.605738489116926,2776464.0,0.3672033925165246,0.4849049006217981,0.07815624477752998,0.06973546208414731
1279,2017,0.5984414402378098,791784.0,0.5110004748769866,0.32487142958180515,0.04448940620169137,0.11963868933951684
1279,2018,0.5521721734681228,791784.0,0.5110004748769866,0.32487142958180515,0.04448940620169137,0.11963868933951684
1279,2019,0.6426432026803506,791784.0,0.5110004748769866,0.32487142958180515,0.04448940620169137,0.11963868933951684
1279,2020,0.6254477612296336,791784.0,0.5110004748769866,0.32487142958180515,0.04448940620169137,0.11963868933951684
1279,2021,0.6303296521992281,791784.0,0.5110004748769866,0.32487142958180515,0.04448940620169137,0.11963868933951684
1279,2022,0.5084084395906625,791784.0,0.5110004748769866,0.32487142958180515,0.04448940620169137,0.11963868933951684
1279,2023,0.554555213835993,791784.0,0.5110004748769866,0.32487142958180515,0.04448940620169137,0.11963868933951684
1279,2024,0.6267289112675543,792288.0,0.5109871662829678,0.3248515691263783,0.044485086231269434,0.11967617835938446
1279,2025,0.606337562463289,791784.0,0.5110004748769866,0.32487142958180515,0.04448940620169137,0.11963868933951684
1287,2017,0.5821062086732233,1888040.0,0.3819389419715684,0.4363313277261075,0.10130452744645241,0.0804252028558717
1287,2018,0.5467827681631904,1888040.0,0.3819389419715684,0.4363313277261075,0.10130452744645241,0.0804252028558717
1287,2019,0.6373548130648764,1888040.0,0.3819389419715684,0.4363313277261075,0.10130452744645241,0.0804252028558717
1287,2020,0.6139708588731386,1888040.0,0.3819389419715684,0.4363313277261075,0.10130452744645241,0.0804252028558717
1287,2021,0.625105204606362,1888040.0,0.3819389419715684,0.4363313277261075,0.10130452744645241,0.0804252028558717
1287,2022,0.5237737656266147,1888040.0,0.3819389419715684,0.4363313277261075,0.10130452744645241,0.0804252028558717
1287,2023,0.5669087331310966,1888040.0,0.3819389419715684,0.4363313277261075,0.10130452744645241,0.0804252028558717
1287,2024,0.6087643177585065,1889310.0,0.3820648808295092,0.436174052961134,0.10129518183887239,0.08046588437048446
1287,2025,0.600641151795,1888040.0,0.3819389419715684,0.4363313277261075,0.10130452744645241,0.0804252028558717
1295,2017,0.6251145342001607,3479325.0,0.5709630459931165,0.3093565562285788,0.03352345641755226,0.08615694136075244
1295,2018,0.5333306544452261,3479325.0,0.5709630459931165,0.3093565562285788,0.03352345641755226,0.08615694136075244
1295,2019,0.6402190351963307,3479325.0,0.5709630459931165,0.3093565562285788,0.03352345641755226,0.08615694136075244
1295,2020,0.5803462120412788,3479325.0,0.5709630459931165,0.3093565562285788,0.03352345641755226,0.08615694136075244
1295,2021,0.5806442159364226,3479325.0,0.5709630459931165,0.3093565562285788,0.03352345641755226,0.08615694136075244
1295,2022,0.525184837111877,3479325.0,0.5709630459931165,0.3093565562285788,0.03352345641755226,0.08615694136075244
1295,2023,0.5171460455951135,3479325.0,0.5709630459931165,0.3093565562285788,0.03352345641755226,0.08615694136075244
1295,2024,0.5971736739632211,3481720.0,0.5708879519318039,0.30932470158427444,0.03354663786863964,0.0862407086152821
1295,2025,0.6261727154453463,3479325.0,0.5709630459931165,0.3093565562285788,0.03352345641755226,0.08615694136075244
1309,2017,0.5826022224536398,5058380.0,0.43580118535973966,0.4720054642000008,0.026076925814193477,0.06611642462606605
1309,2018,0.4857907941398574,5058380.0,0.43580118535973966,0.4720054642000008,0.026076925814193477,0.06611642462606605
1309,2019,0.6213389355432336,5058380.0,0.43580118535973966,0.4720054642000008,0.026076925814193477,0.06611642462606605
1309,2020,0.5581574609283324,5058380.0,0.43580118535973966,0.4720054642000008,0.026076925814193477,0.06611642462606605
1309,2021,0.5581675352023017,5058380.0,0.43580118535973966,0.4720054642000008,0.026076925814193477,0.06611642462606605
1309,2022,0.5228298529884706,5058380.0,0.43580118535973966,0.4720054642000008,0.026076925814193477,0.06611642462606605
1309,2023,0.48296220684179575,5058380.0,0.43580118535973966,0.4720054642000008,0.026076925814193477,0.06611642462606605
1309,2024,0.5784841379058497,5062608.0,0.4358265542186952,0.4718771431641557,0.026095838350510252,0.06620046426663885
1309,2025,0.5695843248644838,5058380.0,0.43580118535973966,0.4720054642000008,0.026076925814193477,0.06611642462606605
1317,2017,0.5335058341946353,2247284.0,0.33245775789797816,0.22746613245143915,0.0035211392952559624,0.4365549703553267
1317,2018,0.4773142437197812,2247284.0,0.33245775789797816,0.22746613245143915,0.0035211392952559624,0.4365549703553267
1317,2019,0.5315092506299679,2247284.0,0.33245775789797816,0.22746613245143915,0.0035211392952559624,0.4365549703553267
1317,2020,0.49987549868669867,2247284.0,0.33245775789797816,0.22746613245143915,0.0035211392952559624,0.4365549703553267
1317,2021,0.47585219168700793,2247284.0,0.33245775789797816,0.22746613245143915,0.0035211392952559624,0.4365549703553267
1317,2022,0.4792287952324641,2247284.0,0.33245775789797816,0.22746613245143915,0.0035211392952559624,0.4365549703553267
1317,2023,0.44619915897804574,2247284.0,0.33245775789797816,0.22746613245143915,0.0035211392952559624,0.4365549703553267
1317,2024,0.45265548930288607,2249681.0,0.3327449536178685,0.2273406763003288,0.00352538871066609,0.43638898137113663
1317,2025,0.5106658225577593,2247284.0,0.33245775789797816,0.22746613245143915,0.0035211392952559624,0.4365549703553267
1325,2017,0.48559575487750745,1700088.0,0.39815468375754665,0.5032474789540307,0.011127659274108163,0.08747017801431456
1325,2018,0.48707522312637824,1700088.0,0.39815468375754665,0.5032474789540307,0.011127659274108163,0.08747017801431456
1325,2019,0.5231139048599145,1700088.0,0.39815468375754665,0.5032474789540307,0.011127659274108163,0.08747017801431456
1325,2020,0.5368726381824142,1700088.0,0.39815468375754665,0.5032474789540307,0.011127659274108163,0.08747017801431456
1325,2021,0.5250761414988995,1700088.0,0.39815468375754665,0.5032474789540307,0.011127659274108163,0.08747017801431456
1325,2022,0.49355464360940104,1700088.0,0.39815468375754665,0.5032474789540307,0.011127659274108163,0.08747017801431456
1325,2023,0.45550176182576674,1700088.0,0.39815468375754665,0.5032474789540307,0.011127659274108163,0.08747017801431456
1325,2024,0.5014509679030164,1700703.0,0.398199450462544,0.5031760395554074,0.011123635343737266,0.08750087463831133
1325,2025,0.529074091219231,1700088.0,0.39815468375754665,0.5032474789540307,0.011127659274108163,0.08747017801431456
1333,2017,0.5615117165690565,763738.0,0.39759315367311826,0.42224558683737096,0.008679678109508758,0.17148158138000205
1333,2018,0.46745476147070386,763738.0,0.39759315367311826,0.42224558683737096,0.008679678109508758,0.17148158138000205
1333,2019,0.5779837889605741,763738.0,0.39759315367311826,0.42224558683737096,0.008679678109508758,0.17148158138000205
1333,2020,0.5400032793661697,763738.0,0.39759315367311826,0.42224558683737096,0.008679678109508758,0.17148158138000205
1333,2021,0.5562371206485576,763738.0,0.39759315367311826,0.42224558683737096,0.008679678109508758,0.17148158138000205
1333,2022,0.49881964312963706,763738.0,0.39759315367311826,0.42224558683737096,0.008679678109508758,0.17148158138000205
1333,2023,0.4930795931164307,763738.0,0.39759315367311826,0.42224558683737096,0.008679678109508758,0.17148158138000205
1333,2024,0.5126741319595685,764123.0,0.39757080993504973,0.4221244485508223,0.008675304892013458,0.1716294366221145
1333,2025,0.5768908186103995,763738.0,0.39759315367311826,0.42224558683737096,0.008679678109508758,0.17148158138000205
1341,2017,0.5398423193683054,1735970.0,0.496972297908374,0.40389119627643333,0.00484801004625656,0.0942884957689361
1341,2018,0.4949900106391647,1735970.0,0.496972297908374,0.40389119627643333,0.00484801004625656,0.0942884957689361
1341,2019,0.5728759610733594,1735970.0,0.496972297908374,0.40389119627643333,0.00484801004625656,0.0942884957689361
1341,2020,0.5386356531331715,1735970.0,0.496972297908374,0.40389119627643333,0.00484801004625656,0.0942884957689361
1341,2021,0.538674644295395,1735970.0,0.496972297908374,0.40389119627643333,0.00484801004625656,0.0942884957689361
1341,2022,0.512507393586267,1735970.0,0.496972297908374,0.40389119627643333,0.00484801004625656,0.0942884957689361
1341,2023,0.514876790322672,1735970.0,0.496972297908374,0.40389119627643333,0.00484801004625656,0.0942884957689361
1341,2024,0.5480834876310711,1736588.0,0.496993529841275,0.4038309604811274,0.004852619043780102,0.09432289063381757
1341,2025,0.5279509770957685,1735970.0,0.496972297908374,0.40389119627643333,0.00484801004625656,0.0942884957689361
1350,2017,0.5686001454114893,3386954.0,0.5078306348418077,0.38445842488560517,0.033788767134127005,0.0739221731384601
1350,2018,0.5020263937436226,3386954.0,0.5078306348418077,0.38445842488560517,0.033788767134127005,0.0739221731384601
1350,2019,0.6204368830055267,3386954.0,0.5078306348418077,0.38445842488560517,0.033788767134127005,0.0739221731384601
1350,2020,0.5852315988623128,3386954.0,0.5078306348418077,0.38445842488560517,0.033788767134127005,0.0739221731384601
1350,2021,0.6031574977142681,3386954.0,0.5078306348418077,0.38445842488560517,0.033788767134127005,0.0739221731384601
1350,2022,0.5089439521185526,3386954.0,0.5078306348418077,0.38445842488560517,0.033788767134127005,0.0739221731384601
1350,2023,0.5224779583943949,3386954.0,0.5078306348418077,0.38445842488560517,0.033788767134127005,0.0739221731384601
1350,2024,0.565539785142667,3388991.0,0.5077723723668786,0.3844536618716308,0.03378409680049312,0.07398986896099753
1350,2025,0.5750245899452046,3386954.0,0.5078306348418077,0.38445842488560517,0.033788767134127005,0.0739221731384601
1368,2017,0.5613906874762129,3384053.0,0.4174119022367557,0.4473133251754627,0.005748432427033501,0.12952634016074807
1368,2018,0.4771469501159538,3384053.0,0.4174119022367557,0.4473133251754627,0.005748432427033501,0.12952634016074807
1368,2019,0.5827073861799031,3384053.0,0.4174119022367557,0.4473133251754627,0.005748432427033501,0.12952634016074807
1368,2020,0.5494197436186594,3384053.0,0.4174119022367557,0.4473133251754627,0.005748432427033501,0.12952634016074807
1368,2021,0.5532075098602213,3384053.0,0.4174119022367557,0.4473133251754627,0.005748432427033501,0.12952634016074807
1368,2022,0.49493435115997203,3384053.0,0.4174119022367557,0.4473133251754627,0.005748432427033501,0.12952634016074807
1368,2023,0.47590185113444045,3384053.0,0.4174119022367557,0.4473133251754627,0.005748432427033501,0.12952634016074807
1368,2024,0.5209918438097718,3385490.0,0.4173977769835386,0.4472386567380202,0.005750718507512945,0.1296128477709283
1368,2025,0.5543008509520118,3384053.0,0.4174119022367557,0.4473133251754627,0.005748432427033501,0.12952634016074807
1376,2017,0.4391287834319492,1895893.0,0.0888573353032054,0.7778840894501957,0.012078740730621401,0.12117983451597743
1376,2018,0.39182031271414625,1895893.0,0.0888573353032054,0.7778840894501957,0.012078740730621401,0.12117983451597743
1376,2019,0.48804721390330263,1895893.0,0.0888573353032054,0.7778840894501957,0.012078740730621401,0.12117983451597743
1376,2020,0.4962714601687297,1895893.0,0.0888573353032054,0.7778840894501957,0.012078740730621401,0.12117983451597743
1376,2021,0.513929191684835,1895893.0,0.0888573353032054,0.7778840894501957,0.012078740730621401,0.12117983451597743
1376,2022,0.43238956080828805,1895893.0,0.0888573353032054,0.7778840894501957,0.012078740730621401,0.12117983451597743
1376,2023,0.42233215619794157,1895893.0,0.0888573353032054,0.7778840894501957,0.012078740730621401,0.12117983451597743
1376,2024,0.4037111741016545,1897383.0,0.08908638898946601,0.7775457037403624,0.012073471723948195,0.1212944355462234
1376,2025,0.4952895031716844,1895893.0,0.0888573353032054,0.7778840894501957,0.012078740730621401,0.12117983451597743
1384,2017,0.5134297190827618,4170085.0,0.29850854359083806,0.598360465074453,0.019728614644545613,0.08340237669016339
1384,2018,0.4986205800518643,4170085.0,0.29850854359083806,0.598360465074453,0.019728614644545613,0.08340237669016339
1384,2019,0.5843894461510761,4170085.0,0.29850854359083806,0.598360465074453,0.019728614644545613,0.08340237669016339
1384,2020,0.5580007504622451,4170085.0,0.29850854359083806,0.598360465074453,0.019728614644545613,0.08340237669016339
1384,2021,0.4955173694219624,4170085.0,0.29850854359083806,0.598360465074453,0.019728614644545613,0.08340237669016339
1384,2022,0.47401784678124625,4170085.0,0.29850854359083806,0.598360465074453,0.019728614644545613,0.08340237669016339
1384,2023,0.5202622896426966,4170085.0,0.29850854359083806,0.598360465074453,0.019728614644545613,0.08340237669016339
1384,2024,0.4570951237183951,4179846.0,0.2992062386987463,0.5974799071544741,0.019801447230352504,0.08351240691642707
1384,2025,0.5319956113739238,4170085.0,0.29850854359083806,0.598360465074453,0.019728614644545613,0.08340237669016339
1392,2017,0.4655071336954855,3435224.0,0.15092785797956698,0.7575901891696145,0.010854022910878593,0.08062792993993988
1392,2018,0.44169794084206465,3435224.0,0.15092785797956698,0.7575901891696145,0.010854022910878593,0.08062792993993988
1392,2019,0.5310869217124469,3435224.0,0.15092785797956698,0.7575901891696145,0.010854022910878593,0.08062792993993988
1392,2020,0.49871493942022704,3435224.0,0.15092785797956698,0.7575901891696145,0.010854022910878593,0.08062792993993988
1392,2021,0.5200557338304345,3435224.0,0.15092785797956698,0.7575901891696145,0.010854022910878593,0.08062792993993988
1392,2022,0.4324589248216225,3435224.0,0.15092785797956698,0.7575901891696145,0.010854022910878593,0.08062792993993988
1392,2023,0.466241937203629,3435224.0,0.15092785797956698,0.7575901891696145,0.010854022910878593,0.08062792993993988
1392,2024,0.4429407053223212,3437923.0,0.1510400320193326,0.757418068991074,0.010848119635023822,0.0806937793545696
1392,2025,0.5383034887640172,3435224.0,0.15092785797956698,0.7575901891696145,0.010854022910878593,0.08062792993993988
1406,2017,0.4664754353002766,2214091.0,0.20339227249467162,0.7170920255761846,0.01367152479279307,0.06584417713635077
1406,2018,0.47065732258370535,2214091.0,0.20339227249467162,0.7170920255761846,0.01367152479279307,0.06584417713635077
1406,2019,0.5382442589947324,2214091.0,0.20339227249467162,0.7170920255761846,0.01367152479279307,0.06584417713635077
1406,2020,0.5109406492858446,2214091.0,0.20339227249467162,0.7170920255761846,0.01367152479279307,0.06584417713635077
1406,2021,0.4973837533258551,2214091.0,0.20339227249467162,0.7170920255761846,0.01367152479279307,0.06584417713635077
1406,2022,0.46744020314051327,2214091.0,0.20339227249467162,0.7170920255761846,0.01367152479279307,0.06584417713635077
1406,2023,0.48433478717266315,2214091.0,0.20339227249467162,0.7170920255761846,0.01367152479279307,0.06584417713635077
1406,2024,0.43718386111453206,2216849.0,0.20373061042948798,0.7166464653208224,0.013659929025386935,0.0659629952243026
1406,2025,0.553036257165233,2214091.0,0.20339227249467162,0.7170920255761846,0.01367152479279307,0.06584417713635077
1414,2017,0.411468712043267,1784413.0,0.13454116283618198,0.7874449468816916,0.0006013181925933066,0.07741257208953309
1414,2018,0.42648388120725794,1784413.0,0.13454116283618198,0.7874449468816916,0.0006013181925933066,0.07741257208953309
1414,2019,0.496866717455677,1784413.0,0.13454116283618198,0.7874449468816916,0.0006013181925933066,0.07741257208953309
1414,2020,0.5086453067858518,1784413.0,0.13454116283618198,0.7874449468816916,0.0006013181925933066,0.07741257208953309
1414,2021,0.48468628430484206,1784413.0,0.13454116283618198,0.7874449468816916,0.0006013181925933066,0.07741257208953309
1414,2022,0.476742993311434,1784413.0,0.13454116283618198,0.7874449468816916,0.0006013181925933066,0.07741257208953309
1414,2023,0.453266947742004,1784413.0,0.13454116283618198,0.7874449468816916,0.0006013181925933066,0.07741257208953309
1414,2024,0.4225118297129559,1788081.0,0.1352668027902539,0.7862457013971962,0.0006135068825181857,0.0778739889300317
1414,2025,0.5304438915112845,1784413.0,0.13454116283618198,0.7874449468816916,0.0006013181925933066,0.07741257208953309
1422,2017,0.608494407304971,1769279.0,0.5620091574025352,0.3002290763638748,0.0825664013420156,0.05519536489157448
1422,2018,0.6613311223344168,1769279.0,0.5620091574025352,0.3002290763638748,0.0825664013420156,0.05519536489157448
1422,2019,0.6793649532779589,1769279.0,0.5620091574025352,0.3002290763638748,0.0825664013420156,0.05519536489157448
1422,2020,0.6514690597313182,1769279.0,0.5620091574025352,0.3002290763638748,0.0825664013420156,0.05519536489157448
1422,2021,0.618666035938585,1769279.0,0.5620091574025352,0.3002290763638748,0.0825664013420156,0.05519536489157448
1422,2022,0.5163335516762154,1769279.0,0.5620091574025352,0.3002290763638748,0.0825664013420156,0.05519536489157448
1422,2023,0.559142404838805,1769279.0,0.5620091574025352,0.3002290763638748,0.0825664013420156,0.05519536489157448
1422,2024,0.6083120836792847,1770167.0,0.5620012123149962,0.3001841069232451,0.08255096835496312,0.05526371240679552
1422,2025,0.5743525877960234,1769279.0,0.5620091574025352,0.3002290763638748,0.0825664013420156,0.05519536489157448
1431,2017,0.5408409105772384,1078977.0,0.28161026602049904,0.515294579958609,0.0187668504518632,0.18432830356902882
1431,2018,0.5386007244128529,1078977.0,0.28161026602049904,0.515294579958609,0.0187668504518632,0.18432830356902882
1431,2019,0.6006561460982113,1078977.0,0.28161026602049904,0.515294579958609,0.0187668504518632,0.18432830356902882
1431,2020,0.5706900846586237,1078977.0,0.28161026602049904,0.515294579958609,0.0187668504518632,0.18432830356902882
1431,2021,0.5386676765668573,1078977.0,0.28161026602049904,0.515294579958609,0.0187668504518632,0.18432830356902882
1431,2022,0.4700506597205529,1078977.0,0.28161026602049904,0.515294579958609,0.0187668504518632,0.18432830356902882
1431,2023,0.5289606588623111,1078977.0,0.28161026602049904,0.515294579958609,0.0187668504518632,0.18432830356902882
1431,2024,0.5237891657366653,1081836.0,0.28144931394407285,0.5151316835453803,0.018733893122432604,0.18468510938811428
1431,2025,0.5756181497346249,1078977.0,0.28161026602049904,0.515294579958609,0.0187668504518632,0.18432830356902882
1449,2017,0.5731825631131077,2569595.0,0.5560568883423264,0.29702034756449947,0.10362372280456648,0.04329904128860774
1449,2018,0.6751373785151235,2569595.0,0.5560568883423264,0.29702034756449947,0.10362372280456648,0.04329904128860774
1449,2019,0.6724234459486554,2569595.0,0.5560568883423264,0.29702034756449947,0.10362372280456648,0.04329904128860774
1449,2020,0.6396142339122238,2569595.0,0.5560568883423264,0.29702034756449947,0.10362372280456648,0.04329904128860774
1449,2021,0.6005556813593019,2569595.0,0.5560568883423264,0.29702034756449947,0.10362372280456648,0.04329904128860774
1449,2022,0.4795708090467507,2569595.0,0.5560568883423264,0.29702034756449947,0.10362372280456648,0.04329904128860774
1449,2023,0.542516894849136,2569595.0,0.5560568883423264,0.29702034756449947,0.10362372280456648,0.04329904128860774
1449,2024,0.6008903237211388,2570374.0,0.5560358142433747,0.2970108630105969,0.10364950781481605,0.043303814931212346
1449,2025,0.5873676156754133,2569595.0,0.5560568883423264,0.29702034756449947,0.10362372280456648,0.04329904128860774
1457,2017,0.6410648508527397,1445689.0,0.5297211225927568,0.3122469632126965,0.07848714350043474,0.07954477069411195
1457,2018,0.6555751307254065,1445689.0,0.5297211225927568,0.3122469632126965,0.07848714350043474,0.07954477069411195
1457,2019,0.7211614924551527,1445689.0,0.5297211225927568,0.3122469632126965,0.07848714350043474,0.07954477069411195
1457,2020,0.6610319816386525,1445689.0,0.5297211225927568,0.3122469632126965,0.07848714350043474,0.07954477069411195
1457,2021,0.6527543962417082,1445689.0,0.5297211225927568,0.3122469632126965,0.07848714350043474,0.07954477069411195
1457,2022,0.5289491726385303,1445689.0,0.5297211225927568,0.3122469632126965,0.07848714350043474,0.07954477069411195
1457,2023,0.6140487299898466,1445689.0,0.5297211225927568,0.3122469632126965,0.07848714350043474,0.07954477069411195
1457,2024,0.6109410393879894,1446891.0,0.5297994112894475,0.31216104046538407,0.07844889490638894,0.07959065333877949
1457,2025,0.64200413738768,1445689.0,0.5297211225927568,0.3122469632126965,0.07848714350043474,0.07954477069411195
1465,2017,0.6203756610046232,3479286.0,0.4960586741072737,0.3266584006028823,0.047417487381031624,0.12986543790881233
1465,2018,0.6216443364568885,3479286.0,0.4960586741072737,0.3266584006028823,0.047417487381031624,0.12986543790881233
1465,2019,0.6865878733064236,3479286.0,0.4960586741072737,0.3266584006028823,0.047417487381031624,0.12986543790881233
1465,2020,0.6092973288604722,3479286.0,0.4960586741072737,0.3266584006028823,0.047417487381031624,0.12986543790881233
1465,2021,0.6166047051226428,3479286.0,0.4960586741072737,0.3266584006028823,0.047417487381031624,0.12986543790881233
1465,2022,0.5259740719291537,3479286.0,0.4960586741072737,0.3266584006028823,0.047417487381031624,0.12986543790881233
1465,2023,0.6016798118865162,3479286.0,0.4960586741072737,0.3266584006028823,0.047417487381031624,0.12986543790881233
1465,2024,0.5907259628963132,3481764.0,0.49609422120511326,0.32658818920524196,0.04744233095637729,0.12987525863326752
1465,2025,0.6235494356041225,3479286.0,0.4960586741072737,0.3266584006028823,0.047417487381031624,0.12986543790881233
1473,2017,0.49352277833861763,2764266.0,0.2832458960172429,0.6031018722510786,0.013782320514740622,0.09986991121693788
1473,2018,0.47482922505608044,2764266.0,0.2832458960172429,0.6031018722510786,0.013782320514740622,0.09986991121693788
1473,2019,0.5618208141991046,2764266.0,0.2832458960172429,0.6031018722510786,0.013782320514740622,0.09986991121693788
1473,2020,0.5469078855761871,2764266.0,0.2832458960172429,0.6031018722510786,0.013782320514740622,0.09986991121693788
1473,2021,0.5199470899202389,2764266.0,0.2832458960172429,0.6031018722510786,0.013782320514740622,0.09986991121693788
1473,2022,0.4209855811015006,2764266.0,0.2832458960172429,0.6031018722510786,0.013782320514740622,0.09986991121693788
1473,2023,0.506568365349477,2764266.0,0.2832458960172429,0.6031018722510786,0.013782320514740622,0.09986991121693788
1473,2024,0.45880962892115684,2768134.0,0.28364956320756146,0.6025257447796963,0.013767397098550864,0.1000572949141913
1473,2025,0.5153216947084898,2764266.0,0.2832458960172429,0.6031018722510786,0.013782320514740622,0.09986991121693788
1481,2017,0.4912504217813881,4650615.0,0.3246847997522908,0.5957571202948427,0.00765146115083704,0.0719066188020294
1481,2018,0.45217062866363583,4650615.0,0.3246847997522908,0.5957571202948427,0.00765146115083704,0.0719066188020294
1481,2019,0.567887654445049,4650615.0,0.3246847997522908,0.5957571202948427,0.00765146115083704,0.0719066188020294
1481,2020,0.5038202692750018,4650615.0,0.3246847997522908,0.5957571202948427,0.00765146115083704,0.0719066188020294
1481,2021,0.5471956128488629,4650615.0,0.3246847997522908,0.5957571202948427,0.00765146115083704,0.0719066188020294
1481,2022,0.4588851887407049,4650615.0,0.3246847997522908,0.5957571202948427,0.00765146115083704,0.0719066188020294
1481,2023,0.4666482796296714,4650615.0,0.3246847997522908,0.5957571202948427,0.00765146115083704,0.0719066188020294
1481,2024,0.4986435557261771,4652532.0,0.324684064505091,0.5957173427286475,0.007648738364400288,0.07194985440186118
1481,2025,0.5116429669075214,4650615.0,0.3246847997522908,0.5957571202948427,0.00765146115083704,0.0719066188020294
1490,2017,0.5181216421678508,3373669.0,0.2914091453548051,0.5385685436241671,0.1059330361099444,0.06408927491108345
1490,2018,0.5664335236354046,3373669.0,0.2914091453548051,0.5385685436241671,0.1059330361099444,0.06408927491108345
1490,2019,0.6054571565110797,3373669.0,0.2914091453548051,0.5385685436241671,0.1059330361099444,0.06408927491108345
1490,2020,0.5941709573197708,3373669.0,0.2914091453548051,0.5385685436241671,0.1059330361099444,0.06408927491108345
1490,2021,0.5517507483209818,3373669.0,0.2914091453548051,0.5385685436241671,0.1059330361099444,0.06408927491108345
1490,2022,0.48210862966748463,3373669.0,0.2914091453548051,0.5385685436241671,0.1059330361099444,0.06408927491108345
1490,2023,0.5077595685103155,3373669.0,0.2914091453548051,0.5385685436241671,0.1059330361099444,0.06408927491108345
1490,2024,0.5116729114861397,3376594.0,0.29154052871029207,0.5384416959812166,0.10586851720994588,0.06414925809854546
1490,2025,0.5419115059885328,3373669.0,0.2914091453548051,0.5385685436241671,0.1059330361099444,0.06408927491108345
1503,2017,0.530629688687897,8883586.0,0.36850389020830104,0.5308248268210608,0.022659880818399238,0.07801140215223898
1503,2018,0.5054510847665834,8883586.0,0.36850389020830104,0.5308248268210608,0.022659880818399238,0.07801140215223898
1503,2019,0.5905943525748482,8883586.0,0.36850389020830104,0.5308248268210608,0.022659880818399238,0.07801140215223898
1503,2020,0.552304256869204,8883586.0,0.36850389020830104,0.5308248268210608,0.022659880818399238,0.07801140215223898
1503,2021,0.5455095035645099,8883586.0,0.36850389020830104,0.5308248268210608,0.022659880818399238,0.07801140215223898
1503,2022,0.5551481092605997,8883586.0,0.36850389020830104,0.5308248268210608,0.022659880818399238,0.07801140215223898
1503,2023,0.5135034799051185,8883586.0,0.36850389020830104,0.5308248268210608,0.022659880818399238,0.07801140215223898
1503,2024,0.565218912523228,8907098.0,0.3686266840221136,0.5303334486720591,0.02266911175783628,0.07837075554799106
1503,2025,0.5183895237914632,8883586.0,0.36850389020830104,0.5308248268210608,0.022659880818399238,0.07801140215223898
1511,2017,0.5100230057325265,2830115.0,0.3733964874218892,0.5527902576397072,0.03037403073726686,0.0434392242011367
1511,2018,0.5136530131558577,2830115.0,0.3733964874218892,0.5527902576397072,0.03037403073726686,0.0434392242011367
1511,2019,0.5627343077085503,2830115.0,0.3733964874218892,0.5527902576397072,0.03037403073726686,0.0434392242011367
1511,2020,0.5196181692233419,2830115.0,0.3733964874218892,0.5527902576397072,0.03037403073726686,0.0434392242011367
1511,2021,0.5073692484674063,2830115.0,0.3733964874218892,0.5527902576397072,0.03037403073726686,0.0434392242011367
1511,2022,0.5375580477813903,2830115.0,0.3733964874218892,0.5527902576397072,0.03037403073726686,0.0434392242011367
1511,2023,0.48936707585563477,2830115.0,0.3733964874218892,0.5527902576397072,0.03037403073726686,0.0434392242011367
1511,2024,0.5735839168947986,2839438.0,0.37348728868177433,0.5521761700730919,0.03036868563426988,0.04396785561086384
1511,2025,0.5519036197589777,2830115.0,0.3733964874218892,0.5527902576397072,0.03037403073726686,0.0434392242011367
1520,2017,0.6405403035017116,1629233.0,0.5635700970947679,0.33780128440806195,0.04287600361642564,0.0557526148807445
1520,2018,0.6169545187905431,1629233.0,0.5635700970947679,0.33780128440806195,0.04287600361642564,0.0557526148807445
1520,2019,0.6898998377148325,1629233.0,0.5635700970947679,0.33780128440806195,0.04287600361642564,0.0557526148807445
1520,2020,0.5837586001271636,1629233.0,0.5635700970947679,0.33780128440806195,0.04287600361642564,0.0557526148807445
1520,2021,0.5989415014725314,1629233.0,0.5635700970947679,0.33780128440806195,0.04287600361642564,0.0557526148807445
1520,2022,0.5190811592035779,1629233.0,0.5635700970947679,0.33780128440806195,0.04287600361642564,0.0557526148807445
1520,2023,0.6079319274102071,1629233.0,0.5635700970947679,0.33780128440806195,0.04287600361642564,0.0557526148807445
1520,2024,0.6018564698240824,1630286.0,0.5635624669536511,0.337738286411096,0.042866711730334434,0.055832534904918525
1520,2025,0.6420168121059321,1629233.0,0.5635700970947679,0.33780128440806195,0.04287600361642564,0.0557526148807445
1538,2017,0.5053269863971642,1317273.0,0.15451998181090784,0.7277056464377544,0.01572491047793434,0.10204946127340346
1538,2018,0.4786939444444447,1317273.0,0.15451998181090784,0.7277056464377544,0.01572491047793434,0.10204946127340346
1538,2019,0.5940575784805268,1317273.0,0.15451998181090784,0.7277056464377544,0.01572491047793434,0.10204946127340346
1538,2020,0.511917263906218,1317273.0,0.15451998181090784,0.7277056464377544,0.01572491047793434,0.10204946127340346
1538,2021,0.5388677136229881,1317273.0,0.15451998181090784,0.7277056464377544,0.01572491047793434,0.10204946127340346
1538,2022,0.4619723396610772,1317273.0,0.15451998181090784,0.7277056464377544,0.01572491047793434,0.10204946127340346
1538,2023,0.5481325739859866,1317273.0,0.15451998181090784,0.7277056464377544,0.01572491047793434,0.10204946127340346
1538,2024,0.48170284440950895,1318295.0,0.15479919137977463,0.7273114136062111,0.015738510727871986,0.10215088428614233
1538,2025,0.569803881625162,1317273.0,0.15451998181090784,0.7277056464377544,0.01572491047793434,0.10204946127340346
1546,2017,0.5130695159517116,4890879.0,0.2776167637760002,0.6314443681800347,0.010454153537636077,0.08048471450632902
1546,2018,0.4862241122044522,4890879.0,0.2776167637760002,0.6314443681800347,0.010454153537636077,0.08048471450632902
1546,2019,0.6155818102898435,4890879.0,0.2776167637760002,0.6314443681800347,0.010454153537636077,0.08048471450632902
1546,2020,0.5036868088324052,4890879.0,0.2776167637760002,0.6314443681800347,0.010454153537636077,0.08048471450632902
1546,2021,0.5601298057780268,4890879.0,0.2776167637760002,0.6314443681800347,0.010454153537636077,0.08048471450632902
1546,2022,0.500454950853623,4890879.0,0.2776167637760002,0.6314443681800347,0.010454153537636077,0.08048471450632902
1546,2023,0.5482455879372415,4890879.0,0.2776167637760002,0.6314443681800347,0.010454153537636077,0.08048471450632902
1546,2024,0.5379870047772708,4896682.0,0.27780546092231434,0.6311077582738679,0.010446053062053038,0.08064072774176473
1546,2025,0.5516840027685164,4890879.0,0.2776167637760002,0.6314443681800347,0.010454153537636077,0.08048471450632902
1554,2017,0.5860644522375019,1950706.0,0.40315301229401046,0.5239492778511985,0.018959289611043387,0.05393842024374765
1554,2018,0.5029819763398169,1950706.0,0.40315301229401046,0.5239492778511985,0.018959289611043387,0.05393842024374765
1554,2019,0.6197570420963484,1950706.0,0.40315301229401046,0.5239492778511985,0.018959289611043387,0.05393842024374765
1554,2020,0.5502248636058313,1950706.0,0.40315301229401046,0.5239492778511985,0.018959289611043387,0.05393842024374765
1554,2021,0.5900441221614053,1950706.0,0.40315301229401046,0.5239492778511985,0.018959289611043387,0.05393842024374765
1554,2022,0.485801961990339,1950706.0,0.40315301229401046,0.5239492778511985,0.018959289611043387,0.05393842024374765
1554,2023,0.42293716636965606,1950706.0,0.40315301229401046,0.5239492778511985,0.018959289611043387,0.05393842024374765
1554,2024,0.5933978533139889,1951980.0,0.40317267594954864,0.52382760069263,0.018998145472801976,0.05400157788501932
1554,2025,0.5336982047351128,1950706.0,0.40315301229401046,0.5239492778511985,0.018959289611043387,0.05393842024374765
1562,2017,0.49420273291004624,5763207.0,0.18463070995020656,0.7144534284470435,0.011723160386222462,0.08919270121652753
1562,2018,0.45513652685854633,5763207.0,0.18463070995020656,0.7144534284470435,0.011723160386222462,0.08919270121652753
1562,2019,0.5671940521457733,5763207.0,0.18463070995020656,0.7144534284470435,0.011723160386222462,0.08919270121652753
1562,2020,0.4600614761326731,5763207.0,0.18463070995020656,0.7144534284470435,0.011723160386222462,0.08919270121652753
1562,2021,0.55888468381447,5763207.0,0.18463070995020656,0.7144534284470435,0.011723160386222462,0.08919270121652753
1562,2022,0.48833711182797945,5763207.0,0.18463070995020656,0.7144534284470435,0.011723160386222462,0.08919270121652753
1562,2023,0.45764898876717686,5763207.0,0.18463070995020656,0.7144534284470435,0.011723160386222462,0.08919270121652753
1562,2024,0.4976680904386766,5766496.0,0.1847680116313269,0.7142299240301215,0.011742139420542388,0.08925992491800913
1562,2025,0.5149444664036981,5763207.0,0.18463070995020656,0.7144534284470435,0.011723160386222462,0.08919270121652753
1571,2017,0.36442491509475083,4086058.0,0.272273178696925,0.6761296584629979,0.007173662243658802,0.04442350059641836
1571,2018,0.4534902873909218,4086058.0,0.272273178696925,0.6761296584629979,0.007173662243658802,0.04442350059641836
1571,2019,0.47930946654905116,4086058.0,0.272273178696925,0.6761296584629979,0.007173662243658802,0.04442350059641836
1571,2020,0.4485692837415538,4086058.0,0.272273178696925,0.6761296584629979,0.007173662243658802,0.04442350059641836
1571,2021,0.5245593366188016,4086058.0,0.272273178696925,0.6761296584629979,0.007173662243658802,0.04442350059641836
1571,2022,0.49201191144421935,4086058.0,0.272273178696925,0.6761296584629979,0.007173662243658802,0.04442350059641836
1571,2023,0.37126565425176045,4086058.0,0.272273178696925,0.6761296584629979,0.007173662243658802,0.04442350059641836
1571,2024,0.50403153756306,4092276.0,0.27262041954159494,0.6755631829329205,0.007182066898713577,0.04463433062677102
1571,2025,0.42950882388539247,4086058.0,0.272273178696925,0.6761296584629979,0.007173662243658802,0.04442350059641836
1589,2017,0.488697822789448,2046956.0,0.3846228253074321,0.5487118433420162,0.012796562310083852,0.0538687690404679
1589,2018,0.4717143026314142,2046956.0,0.3846228253074321,0.5487118433420162,0.012796562310083852,0.0538687690404679
1589,2019,0.5497438763902979,2046956.0,0.3846228253074321,0.5487118433420162,0.012796562310083852,0.0538687690404679
1589,2020,0.509558204625937,2046956.0,0.3846228253074321,0.5487118433420162,0.012796562310083852,0.0538687690404679
1589,2021,0.5503577360309851,2046956.0,0.3846228253074321,0.5487118433420162,0.012796562310083852,0.0538687690404679
1589,2022,0.5062432517182447,2046956.0,0.3846228253074321,0.5487118433420162,0.012796562310083852,0.0538687690404679
1589,2023,0.46306664278274545,2046956.0,0.3846228253074321,0.5487118433420162,0.012796562310083852,0.0538687690404679
1589,2024,0.5182693517502883,2052291.0,0.3851895272161696,0.5480538578593387,0.012784249407125987,0.053972365517365714
1589,2025,0.48786464650801115,2046956.0,0.3846228253074321,0.5487118433420162,0.012796562310083852,0.0538687690404679
1597,2017,0.4238227451346086,8227552.0,0.31097816215564483,0.6261494305961238,0.007456652963117098,0.055415754285114215
1597,2018,0.4345859604827776,8227552.0,0.31097816215564483,0.6261494305961238,0.007456652963117098,0.055415754285114215
1597,2019,0.4991994543946072,8227552.0,0.31097816215564483,0.6261494305961238,0.007456652963117098,0.055415754285114215
1597,2020,0.5086596973376294,8227552.0,0.31097816215564483,0.6261494305961238,0.007456652963117098,0.055415754285114215
1597,2021,0.5327606552975246,8227552.0,0.31097816215564483,0.6261494305961238,0.007456652963117098,0.055415754285114215
1597,2022,0.512251649550438,8227552.0,0.31097816215564483,0.6261494305961238,0.007456652963117098,0.055415754285114215
1597,2023,0.4346622840767823,8227552.0,0.31097816215564483,0.6261494305961238,0.007456652963117098,0.055415754285114215
1597,2024,0.5256137114337989,8243014.0,0.31132253323844894,0.6256232247088261,0.007459892704294813,0.05559434934843008
1597,2025,0.4665620440897374,8227552.0,0.31097816215564483,0.6261494305961238,0.007456652963117098,0.055415754285114215
1601,2017,0.5317769495569279,5074963.0,0.3439292069715582,0.5467697005869796,0.020277980351777934,0.0890231120896842
1601,2018,0.5117047903399009,5074963.0,0.3439292069715582,0.5467697005869796,0.020277980351777934,0.0890231120896842
1601,2019,0.5919207759356623,5074963.0,0.3439292069715582,0.5467697005869796,0.020277980351777934,0.0890231120896842
1601,2020,0.5620583834743523,5074963.0,0.3439292069715582,0.5467697005869796,0.020277980351777934,0.0890231120896842
1601,2021,0.5750025180090924,5074963.0,0.3439292069715582,0.5467697005869796,0.020277980351777934,0.0890231120896842
1601,2022,0.4668587057564529,5074963.0,0.3439292069715582,0.5467697005869796,0.020277980351777934,0.0890231120896842
1601,2023,0.4873143647785535,5074963.0,0.3439292069715582,0.5467697005869796,0.020277980351777934,0.0890231120896842
1601,2024,0.5239999475574507,5081961.0,0.344052817406509,0.5465193455833289,0.020260289285966578,0.08916754772419544
1601,2025,0.5112190026451005,5074963.0,0.3439292069715582,0.5467697005869796,0.020277980351777934,0.0890231120896842
1619,2017,0.5311120299459604,4700898.0,0.40451462677981953,0.44218083438526,0.09731778906923741,0.05598674976568307
1619,2018,0.6160246593280486,4700898.0,0.40451462677981953,0.44218083438526,0.09731778906923741,0.05598674976568307
1619,2019,0.6283232896905713,4700898.0,0.40451462677981953,0.44218083438526,0.09731778906923741,0.05598674976568307
1619,2020,0.630414849106624,4700898.0,0.40451462677981953,0.44218083438526,0.09731778906923741,0.05598674976568307
1619,2021,0.5821576257738177,4700898.0,0.40451462677981953,0.44218083438526,0.09731778906923741,0.05598674976568307
1619,2022,0.47738029878815186,4700898.0,0.40451462677981953,0.44218083438526,0.09731778906923741,0.05598674976568307
1619,2023,0.5074099989227023,4700898.0,0.40451462677981953,0.44218083438526,0.09731778906923741,0.05598674976568307
1619,2024,0.5500534698373978,4703288.0,0.40447810127723416,0.44221935803208307,0.09728981087273414,0.05601272981794864
1619,2025,0.5263857179684946,4700898.0,0.40451462677981953,0.44218083438526,0.09731778906923741,0.05598674976568307
1627,2017,0.4419039223594471,1697314.0,0.25644341589122577,0.6573957440992062,0.00770570442475582,0.07845513558481224
1627,2018,0.39677607631996226,1697314.0,0.25644341589122577,0.6573957440992062,0.00770570442475582,0.07845513558481224
1627,2019,0.5690907097107334,1697314.0,0.25644341589122577,0.6573957440992062,0.00770570442475582,0.07845513558481224
1627,2020,0.46080182834004463,1697314.0,0.25644341589122577,0.6573957440992062,0.00770570442475582,0.07845513558481224
1627,2021,0.5383789673389437,1697314.0,0.25644341589122577,0.6573957440992062,0.00770570442475582,0.07845513558481224
1627,2022,0.4915499369708156,1697314.0,0.25644341589122577,0.6573957440992062,0.00770570442475582,0.07845513558481224
1627,2023,0.41584286905423373,1697314.0,0.25644341589122577,0.6573957440992062,0.00770570442475582,0.07845513558481224
1627,2024,0.49366941561371086,1698411.0,0.2563967143406396,0.6574174331183676,0.00770190489816658,0.07848394764282615
1627,2025,0.514727340912064,1697314.0,0.25644341589122577,0.6573957440992062,0.00770570442475582,0.07845513558481224
1635,2017,0.4670595355660584,1567250.0,0.20324134630722604,0.677138937629606,0.002385069389057266,0.11723464667411071
1635,2018,0.39622021547307856,1567250.0,0.20324134630722604,0.677138937629606,0.002385069389057266,0.11723464667411071
1635,2019,0.5543653800104923,1567250.0,0.20324134630722604,0.677138937629606,0.002385069389057266,0.11723464667411071
1635,2020,0.49837724234222,1567250.0,0.20324134630722604,0.677138937629606,0.002385069389057266,0.11723464667411071
1635,2021,0.5409459809734597,1567250.0,0.20324134630722604,0.677138937629606,0.002385069389057266,0.11723464667411071
1635,2022,0.44198223376261747,1567250.0,0.20324134630722604,0.677138937629606,0.002385069389057266,0.11723464667411071
1635,2023,0.4104597481547607,1567250.0,0.20324134630722604,0.677138937629606,0.002385069389057266,0.11723464667411071
1635,2024,0.44392851617955276,1568502.0,0.20326974399777623,0.6770083812452901,0.0023850782466327746,0.1173367965103009
1635,2025,0.5114757223455201,1567250.0,0.20324134630722604,0.677138937629606,0.002385069389057266,0.11723464667411071
1643,2017,0.5547423127260713,5350037.0,0.48816858649762607,0.4438634723460791,0.00802274825389058,0.05994519290240423
1643,2018,0.5064730606918023,5350037.0,0.48816858649762607,0.4438634723460791,0.00802274825389058,0.05994519290240423
1643,2019,0.5890465813981608,5350037.0,0.48816858649762607,0.4438634723460791,0.00802274825389058,0.05994519290240423
1643,2020,0.5124784734221819,5350037.0,0.48816858649762607,0.4438634723460791,0.00802274825389058,0.05994519290240423
1643,2021,0.5816689321111197,5350037.0,0.48816858649762607,0.4438634723460791,0.00802274825389058,0.05994519290240423
1643,2022,0.5257492032484117,5350037.0,0.48816858649762607,0.4438634723460791,0.00802274825389058,0.05994519290240423
1643,2023,0.5129401734550879,5350037.0,0.48816858649762607,0.4438634723460791,0.00802274825389058,0.05994519290240423
1643,2024,0.5619357195113005,5353348.0,0.48823652039807613,0.44375314289300827,0.0080271262021449,0.05998321050677072
1643,2025,0.594448399341549,5350037.0,0.48816858649762607,0.4438634723460791,0.00802274825389058,0.05994519290240423
1651,2017,0.4242708749914892,3447144.0,0.22835193423889458,0.7132185368525364,0.005834975272283375,0.052594553636285575
1651,2018,0.44100879924332287,3447144.0,0.22835193423889458,0.7132185368525364,0.005834975272283375,0.052594553636285575
1651,2019,0.47184110564930115,3447144.0,0.22835193423889458,0.7132185368525364,0.005834975272283375,0.052594553636285575
1651,2020,0.48197305979535554,3447144.0,0.22835193423889458,0.7132185368525364,0.005834975272283375,0.052594553636285575
1651,2021,0.5186378140212375,3447144.0,0.22835193423889458,0.7132185368525364,0.005834975272283375,0.052594553636285575
1651,2022,0.4821251387047891,3447144.0,0.22835193423889458,0.7132185368525364,0.005834975272283375,0.052594553636285575
1651,2023,0.3966758092407481,3447144.0,0.22835193423889458,0.7132185368525364,0.005834975272283375,0.052594553636285575
1651,2024,0.43022595918321616,3448656.0,0.2284933608918953,0.7130209565697477,0.005834156842549678,0.05265152569580729
1651,2025,0.47409877022274666,3447144.0,0.22835193423889458,0.7132185368525364,0.005834975272283375,0.052594553636285575
1660,2017,0.4036169387827116,12156332.0,0.2686395040872526,0.6694874736886094,0.008367737899886249,0.05350528432425176
1660,2018,0.4503258507065829,12156332.0,0.2686395040872526,0.6694874736886094,0.008367737899886249,0.05350528432425176
1660,2019,0.46549306273972313,12156332.0,0.2686395040872526,0.6694874736886094,0.008367737899886249,0.05350528432425176
1660,2020,0.4960121063852345,12156332.0,0.2686395040872526,0.6694874736886094,0.008367737899886249,0.05350528432425176
1660,2021,0.5248069361931736,12156332.0,0.2686395040872526,0.6694874736886094,0.008367737899886249,0.05350528432425176
1660,2022,0.4754882393617214,12156332.0,0.2686395040872526,0.6694874736886094,0.008367737899886249,0.05350528432425176
1660,2023,0.4377805873629762,12156332.0,0.2686395040872526,0.6694874736886094,0.008367737899886249,0.05350528432425176
1660,2024,0.4526525269166864,12168327.0,0.2690026328187926,0.6690255776328168,0.008370665909948016,0.05360112363844265
1660,2025,0.4544621015172289,12156332.0,0.2686395040872526,0.6694874736886094,0.008367737899886249,0.05350528432425176
1678,2017,0.581752259724036,3415934.0,0.4120656312446318,0.4865465784760478,0.04687268547928619,0.05451510480003419
1678,2018,0.49256705889491553,3415934.0,0.4120656312446318,0.4865465784760478,0.04687268547928619,0.05451510480003419
1678,2019,0.6226196636617469,3415934.0,0.4120656312446318,0.4865465784760478,0.04687268547928619,0.05451510480003419
1678,2020,0.5591975864684992,3415934.0,0.4120656312446318,0.4865465784760478,0.04687268547928619,0.05451510480003419
1678,2021,0.5871100616420245,3415934.0,0.4120656312446318,0.4865465784760478,0.04687268547928619,0.05451510480003419
1678,2022,0.5256525565311148,3415934.0,0.4120656312446318,0.4865465784760478,0.04687268547928619,0.05451510480003419
1678,2023,0.5294786839162863,3415934.0,0.4120656312446318,0.4865465784760478,0.04687268547928619,0.05451510480003419
1678,2024,0.6026136170296965,3422100.0,0.4121051401186406,0.4862090529207212,0.0468606995704392,0.054825107390199
1678,2025,0.5491186244261309,3415934.0,0.4120656312446318,0.4865465784760478,0.04687268547928619,0.05451510480003419
1686,2017,0.5848123419059365,2881540.0,0.4174632314665075,0.4952900185317573,0.034981294724348785,0.0522654552773864
1686,2018,0.49737853617201266,2881540.0,0.4174632314665075,0.4952900185317573,0.034981294724348785,0.0522654552773864
1686,2019,0.6278322592968685,2881540.0,0.4174632314665075,0.4952900185317573,0.034981294724348785,0.0522654552773864
1686,2020,0.5749927717371118,2881540.0,0.4174632314665075,0.4952900185317573,0.034981294724348785,0.0522654552773864
1686,2021,0.5746684061236579,2881540.0,0.4174632314665075,0.4952900185317573,0.034981294724348785,0.0522654552773864
1686,2022,0.5491293223394061,2881540.0,0.4174632314665075,0.4952900185317573,0.034981294724348785,0.0522654552773864
1686,2023,0.5300056368743974,2881540.0,0.4174632314665075,0.4952900185317573,0.034981294724348785,0.0522654552773864
1686,2024,0.6189402717693964,2887000.0,0.41739521995150675,0.49505784551437476,0.035033945271908555,0.05251298926220991
1686,2025,0.5230823107424336,2881540.0,0.4174632314665075,0.4952900185317573,0.034981294724348785,0.0522654552773864
1694,2017,0.48961234091835554,4615572.0,0.3436581641452024,0.5839378087916297,0.009647341651262293,0.06275668541190561
1694,2018,0.47599560489477016,4615572.0,0.3436581641452024,0.5839378087916297,0.009647341651262293,0.06275668541190561
1694,2019,0.5615801757236384,4615572.0,0.3436581641452024,0.5839378087916297,0.009647341651262293,0.06275668541190561
1694,2020,0.5167996674225313,4615572.0,0.3436581641452024,0.5839378087916297,0.009647341651262293,0.06275668541190561
1694,2021,0.5347378997634615,4615572.0,0.3436581641452024,0.5839378087916297,0.009647341651262293,0.06275668541190561
1694,2022,0.5125442302315193,4615572.0,0.3436581641452024,0.5839378087916297,0.009647341651262293,0.06275668541190561
1694,2023,0.49832131711350125,4615572.0,0.3436581641452024,0.5839378087916297,0.009647341651262293,0.06275668541190561
1694,2024,0.5272141601382685,4630918.0,0.34396916550886886,0.5833242998472441,0.009677346910482975,0.06302918773340405
1694,2025,0.4899738919562066,4615572.0,0.3436581641452024,0.5839378087916297,0.009647341651262293,0.06275668541190561
1708,2017,0.5790200615359591,4489841.0,0.45328509406012374,0.47047189421629854,0.023820888089355504,0.05242212363422224
1708,2018,0.5086478106293432,4489841.0,0.45328509406012374,0.47047189421629854,0.023820888089355504,0.05242212363422224
1708,2019,0.6002772710343057,4489841.0,0.45328509406012374,0.47047189421629854,0.023820888089355504,0.05242212363422224
1708,2020,0.5683456232797027,4489841.0,0.45328509406012374,0.47047189421629854,0.023820888089355504,0.05242212363422224
1708,2021,0.5517265509515025,4489841.0,0.45328509406012374,0.47047189421629854,0.023820888089355504,0.05242212363422224
1708,2022,0.5553536502185037,4489841.0,0.45328509406012374,0.47047189421629854,0.023820888089355504,0.05242212363422224
1708,2023,0.5220038048950749,4489841.0,0.45328509406012374,0.47047189421629854,0.023820888089355504,0.05242212363422224
1708,2024,0.5854168070153141,4504859.0,0.45308476913483864,0.4701987343000081,0.02387222330377044,0.05284427326138288
1708,2025,0.5279281675070113,4489841.0,0.45328509406012374,0.47047189421629854,0.023820888089355504,0.05242212363422224
1716,2017,0.5885241194451282,6166296.0,0.5254175277995088,0.3809354919063243,0.05181619565457124,0.041830784639595636
1716,2018,0.5992202232794285,6166296.0,0.5254175277995088,0.3809354919063243,0.05181619565457124,0.041830784639595636
1716,2019,0.6567283555256888,6166296.0,0.5254175277995088,0.3809354919063243,0.05181619565457124,0.041830784639595636
1716,2020,0.6947870707520702,6166296.0,0.5254175277995088,0.3809354919063243,0.05181619565457124,0.041830784639595636
1716,2021,0.6069872699413177,6166296.0,0.5254175277995088,0.3809354919063243,0.05181619565457124,0.041830784639595636
1716,2022,0.4767988031579876,6166296.0,0.5254175277995088,0.3809354919063243,0.05181619565457124,0.041830784639595636
1716,2023,0.4551182888858167,6166296.0,0.5254175277995088,0.3809354919063243,0.05181619565457124,0.041830784639595636
1716,2024,0.6669242029512303,6171530.0,0.5254278922730669,0.3808752448744477,0.05180789852759364,0.041888964324891885
1716,2025,0.5774171032780416,6166296.0,0.5254175277995088,0.3809354919063243,0.05181619565457124,0.041830784639595636
1724,2017,0.5441748114492438,5695858.0,0.4814839133981219,0.39983335258709046,0.07176952093960208,0.04691321307518551
1724,2018,0.607258869988662,5695858.0,0.4814839133981219,0.39983335258709046,0.07176952093960208,0.04691321307518551
1724,2019,0.631502827331158,5695858.0,0.4814839133981219,0.39983335258709046,0.07176952093960208,0.04691321307518551
1724,2020,0.6767784899008299,5695858.0,0.4814839133981219,0.39983335258709046,0.07176952093960208,0.04691321307518551
1724,2021,0.6141783325491512,5695858.0,0.4814839133981219,0.39983335258709046,0.07176952093960208,0.04691321307518551
1724,2022,0.46743108333023603,5695858.0,0.4814839133981219,0.39983335258709046,0.07176952093960208,0.04691321307518551
1724,2023,0.5284177479341317,5695858.0,0.4814839133981219,0.39983335258709046,0.07176952093960208,0.04691321307518551
1724,2024,0.6167157891573035,5699203.0,0.48153259324154624,0.39977484571088273,0.0717430138915915,0.04694954715597953
1724,2025,0.5877660637301475,5695858.0,0.4814839133981219,0.39983335258709046,0.07176952093960208,0.04691321307518551
1732,2017,0.5934150750599652,3300883.0,0.5533931375331994,0.3252387315757632,0.08517751159311009,0.03619061929792725
1732,2018,0.6119521889741082,3300883.0,0.5533931375331994,0.3252387315757632,0.08517751159311009,0.03619061929792725
1732,2019,0.6910156580357055,3300883.0,0.5533931375331994,0.3252387315757632,0.08517751159311009,0.03619061929792725
1732,2020,0.6806477853389843,3300883.0,0.5533931375331994,0.3252387315757632,0.08517751159311009,0.03619061929792725
1732,2021,0.6023515405238512,3300883.0,0.5533931375331994,0.3252387315757632,0.08517751159311009,0.03619061929792725
1732,2022,0.5043977094115013,3300883.0,0.5533931375331994,0.3252387315757632,0.08517751159311009,0.03619061929792725
1732,2023,0.44549767029960063,3300883.0,0.5533931375331994,0.3252387315757632,0.08517751159311009,0.03619061929792725
1732,2024,0.7056622316693031,3302124.0,0.5533571725350108,0.3252282470313047,0.08516397324873325,0.03625060718495126
1732,2025,0.5792924607220149,3300883.0,0.5533931375331994,0.3252387315757632,0.08517751159311009,0.03619061929792725
1741,2017,0.5378449272422816,4709189.0,0.46581948611533747,0.34702281008470887,0.03793158439807789,0.14922611940187577
1741,2018,0.6590271716375897,4709189.0,0.46581948611533747,0.34702281008470887,0.03793158439807789,0.14922611940187577
1741,2019,0.6091472814397878,4709189.0,0.46581948611533747,0.34702281008470887,0.03793158439807789,0.14922611940187577
1741,2020,0.6261892059222739,4709189.0,0.46581948611533747,0.34702281008470887,0.03793158439807789,0.14922611940187577
1741,2021,0.626480001639059,4709189.0,0.46581948611533747,0.34702281008470887,0.03793158439807789,0.14922611940187577
1741,2022,0.5405331980333873,4709189.0,0.46581948611533747,0.34702281008470887,0.03793158439807789,0.14922611940187577
1741,2023,0.5580972025237211,4709189.0,0.46581948611533747,0.34702281008470887,0.03793158439807789,0.14922611940187577
1741,2024,0.5758725121211011,4714756.0,0.4659469122050006,0.3468453086437559,0.03791012726851612,0.14929765188272734
1741,2025,0.6256146110798633,4709189.0,0.46581948611533747,0.34702281008470887,0.03793158439807789,0.14922611940187577
1759,2017,0.6056881977612574,3121607.0,0.7466567700546546,0.12831948416312494,0.06972146077324916,0.055302285008971344
1759,2018,0.7079268551956147,3121607.0,0.7466567700546546,0.12831948416312494,0.06972146077324916,0.055302285008971344
1759,2019,0.6665809791249397,3121607.0,0.7466567700546546,0.12831948416312494,0.06972146077324916,0.055302285008971344
1759,2020,0.6416479108578705,3121607.0,0.7466567700546546,0.12831948416312494,0.06972146077324916,0.055302285008971344
1759,2021,0.6501643269642365,3121607.0,0.7466567700546546,0.12831948416312494,0.06972146077324916,0.055302285008971344
1759,2022,0.5206879895594506,3121607.0,0.7466567700546546,0.12831948416312494,0.06972146077324916,0.055302285008971344
1759,2023,0.5608152135894947,3121607.0,0.7466567700546546,0.12831948416312494,0.06972146077324916,0.055302285008971344
1759,2024,0.6559253362512691,3123981.0,0.746569201285155,0.12833240663115428,0.06969856730882806,0.055399824774862584
1759,2025,0.6309163420170554,3121607.0,0.7466567700546546,0.12831948416312494,0.06972146077324916,0.055302285008971344
1767,2017,0.555715833733745,1743450.0,0.6568057586968368,0.22219736728899595,0.0703105910694313,0.05068628294473601
1767,2018,0.7174891817426144,1743450.0,0.6568057586968368,0.22219736728899595,0.0703105910694313,0.05068628294473601
1767,2019,0.7013968356803044,1743450.0,0.6568057586968368,0.22219736728899595,0.0703105910694313,0.05068628294473601
1767,2020,0.6741304845237497,1743450.0,0.6568057586968368,0.22219736728899595,0.0703105910694313,0.05068628294473601
1767,2021,0.6333330900413493,1743450.0,0.6568057586968368,0.22219736728899595,0.0703105910694313,0.05068628294473601
1767,2022,0.5570678552126309,1743450.0,0.6568057586968368,0.22219736728899595,0.0703105910694313,0.05068628294473601
1767,2023,0.5536781153766346,1743450.0,0.6568057586968368,0.22219736728899595,0.0703105910694313,0.05068628294473601
1767,2024,0.6499593802062604,1744101.0,0.6567199950002895,0.22226350423513316,0.07031014832283222,0.05070635244174506
1767,2025,0.6617748121512508,1743450.0,0.6568057586968368,0.22219736728899595,0.0703105910694313,0.05068628294473601
1775,2017,0.6021641503170291,2324986.0,0.5467164103353741,0.3028616086290412,0.04971685851011576,0.10070512252546897
1775,2018,0.7264950037097906,2324986.0,0.5467164103353741,0.3028616086290412,0.04971685851011576,0.10070512252546897
1775,2019,0.6785121307596806,2324986.0,0.5467164103353741,0.3028616086290412,0.04971685851011576,0.10070512252546897
1775,2020,0.6699582311982271,2324986.0,0.5467164103353741,0.3028616086290412,0.04971685851011576,0.10070512252546897
1775,2021,0.6641459149247686,2324986.0,0.5467164103353741,0.3028616086290412,0.04971685851011576,0.10070512252546897
1775,2022,0.5796561291652133,2324986.0,0.5467164103353741,0.3028616086290412,0.04971685851011576,0.10070512252546897
1775,2023,0.5473134409470445,2324986.0,0.5467164103353741,0.3028616086290412,0.04971685851011576,0.10070512252546897
1775,2024,0.6193437606845873,2326800.0,0.5466744026130308,0.3028494069107788,0.049705604263365996,0.10077058621282448
1775,2025,0.6707050910258058,2324986.0,0.5467164103353741,0.3028616086290412,0.04971685851011576,0.10070512252546897
1783,2017,0.4649233880915252,667201.0,0.2082580811479599,0.45218757166131346,0.01912317277701922,0.3204311744137074
1783,2018,0.6103713221350402,667201.0,0.2082580811479599,0.45218757166131346,0.01912317277701922,0.3204311744137074
1783,2019,0.6332419709394432,667201.0,0.2082580811479599,0.45218757166131346,0.01912317277701922,0.3204311744137074
1783,2020,0.6413111522329472,667201.0,0.2082580811479599,0.45218757166131346,0.01912317277701922,0.3204311744137074
1783,2021,0.5852359481561756,667201.0,0.2082580811479599,0.45218757166131346,0.01912317277701922,0.3204311744137074
1783,2022,0.5079132440888164,667201.0,0.2082580811479599,0.45218757166131346,0.01912317277701922,0.3204311744137074
1783,2023,0.48866082173891356,667201.0,0.2082580811479599,0.45218757166131346,0.01912317277701922,0.3204311744137074
1783,2024,0.4924116518366304,670203.0,0.21038401797664288,0.4508141563078649,0.019086754311753305,0.3197150714037389
1783,2025,0.5886895507790944,667201.0,0.2082580811479599,0.45218757166131346,0.01912317277701922,0.3204311744137074
1791,2017,0.5443207252600105,836393.0,0.2861394105402604,0.3790239755712924,0.00626977987620652,0.3285668340122407
1791,2018,0.6774227019216937,836393.0,0.2861394105402604,0.3790239755712924,0.00626977987620652,0.3285668340122407
1791,2019,0.593613795850101,836393.0,0.2861394105402604,0.3790239755712924,0.00626977987620652,0.3285668340122407
1791,2020,0.6350714363378053,836393.0,0.2861394105402604,0.3790239755712924,0.00626977987620652,0.3285668340122407
1791,2021,0.6370906618515079,836393.0,0.2861394105402604,0.3790239755712924,0.00626977987620652,0.3285668340122407
1791,2022,0.550580209320676,836393.0,0.2861394105402604,0.3790239755712924,0.00626977987620652,0.3285668340122407
1791,2023,0.5689879905804589,836393.0,0.2861394105402604,0.3790239755712924,0.00626977987620652,0.3285668340122407
1791,2024,0.5314003300172625,838894.0,0.28749877815313973,0.3782933243055738,0.006254663878869082,0.3279532336624174
1791,2025,0.6006840816685945,836393.0,0.2861394105402604,0.3790239755712924,0.00626977987620652,0.3285668340122407
1805,2017,0.48170819806692255,969760.0,0.347092064015839,0.32906801682890613,0.0070130754000989936,0.3168268437551559
1805,2018,0.6369315171883498,969760.0,0.347092064015839,0.32906801682890613,0.0070130754000989936,0.3168268437551559
1805,2019,0.6440315308186999,969760.0,0.347092064015839,0.32906801682890613,0.0070130754000989936,0.3168268437551559
1805,2020,0.6374261935509039,969760.0,0.347092064015839,0.32906801682890613,0.0070130754000989936,0.3168268437551559
1805,2021,0.6015877670211255,969760.0,0.347092064015839,0.32906801682890613,0.0070130754000989936,0.3168268437551559
1805,2022,0.5430924731677356,969760.0,0.347092064015839,0.32906801682890613,0.0070130754000989936,0.3168268437551559
1805,2023,0.5167887228712559,969760.0,0.347092064015839,0.32906801682890613,0.0070130754000989936,0.3168268437551559
1805,2024,0.5263804565647445,974638.0,0.3483754994161935,0.32813208596422466,0.006981053478317078,0.31651136114126477
1805,2025,0.6155341774414542,969760.0,0.347092064015839,0.32906801682890613,0.0070130754000989936,0.3168268437551559
1813,2017,0.5300295136846822,427550.0,0.3695216933691966,0.24290726230850193,0.006881066541924921,0.38068997778037655
1813,2018,0.6463475930388943,427550.0,0.3695216933691966,0.24290726230850193,0.006881066541924921,0.38068997778037655
1813,2019,0.6551368230752758,427550.0,0.3695216933691966,0.24290726230850193,0.006881066541924921,0.38068997778037655
1813,2020,0.6768693330238164,427550.0,0.3695216933691966,0.24290726230850193,0.006881066541924921,0.38068997778037655
1813,2021,0.6358702260702274,427550.0,0.3695216933691966,0.24290726230850193,0.006881066541924921,0.38068997778037655
1813,2022,0.5408953398186245,427550.0,0.3695216933691966,0.24290726230850193,0.006881066541924921,0.38068997778037655
1813,2023,0.5080457160659261,427550.0,0.3695216933691966,0.24290726230850193,0.006881066541924921,0.38068997778037655
1813,2024,0.5328423186990457,430037.0,0.3710424916925753,0.24228380348667672,0.0068482479414562,0.37982545687929176
1813,2025,0.6149073429900072,427550.0,0.3695216933691966,0.24290726230850193,0.006881066541924921,0.38068997778037655
1821,2017,0.5894745035325576,436966.0,0.2749802044094964,0.5100900298879089,0.019411121231400156,0.19551864447119455
1821,2018,0.707508124645758,436966.0,0.2749802044094964,0.5100900298879089,0.019411121231400156,0.19551864447119455
1821,2019,0.6355814270018286,436966.0,0.2749802044094964,0.5100900298879089,0.019411121231400156,0.19551864447119455
1821,2020,0.6538642279496738,436966.0,0.2749802044094964,0.5100900298879089,0.019411121231400156,0.19551864447119455
1821,2021,0.643599532604836,436966.0,0.2749802044094964,0.5100900298879089,0.019411121231400156,0.19551864447119455
1821,2022,0.567562423738217,436966.0,0.2749802044094964,0.5100900298879089,0.019411121231400156,0.19551864447119455
1821,2023,0.5881729599986304,436966.0,0.2749802044094964,0.5100900298879089,0.019411121231400156,0.19551864447119455
1821,2024,0.5529092965899585,437828.0,0.2756836017796943,0.5094854600436701,0.01939346044565446,0.1954374777309811
1821,2025,0.651048720638448,436966.0,0.2749802044094964,0.5100900298879089,0.019411121231400156,0.19551864447119455
1830,2017,0.496512156693158,1549501.0,0.1937249475798983,0.6675323216958233,0.03985347540918012,0.09888925531509822
1830,2018,0.502789438041853,1549501.0,0.1937249475798983,0.6675323216958233,0.03985347540918012,0.09888925531509822
1830,2019,0.5438402976510079,1549501.0,0.1937249475798983,0.6675323216958233,0.03985347540918012,0.09888925531509822
1830,2020,0.5646326534261186,1549501.0,0.1937249475798983,0.6675323216958233,0.03985347540918012,0.09888925531509822
1830,2021,0.5513357370568691,1549501.0,0.1937249475798983,0.6675323216958233,0.03985347540918012,0.09888925531509822
1830,2022,0.4635035816519921,1549501.0,0.1937249475798983,0.6675323216958233,0.03985347540918012,0.09888925531509822
1830,2023,0.534389490650978,1549501.0,0.1937249475798983,0.6675323216958233,0.03985347540918012,0.09888925531509822
1830,2024,0.522982106768943,1553000.0,0.1948950418544752,0.6662762395363812,0.03989826142949131,0.09893045717965229
1830,2025,0.5355934559580798,1549501.0,0.1937249475798983,0.6675323216958233,0.03985347540918012,0.09888925531509822
1848,2017,0.5223107109156969,979933.0,0.5136279725246522,0.32600494115414014,0.06734337959840112,0.09302370672280656
1848,2018,0.681910089560155,979933.0,0.5136279725246522,0.32600494115414014,0.06734337959840112,0.09302370672280656
1848,2019,0.6367431927333334,979933.0,0.5136279725246522,0.32600494115414014,0.06734337959840112,0.09302370672280656
1848,2020,0.6548462089658537,979933.0,0.5136279725246522,0.32600494115414014,0.06734337959840112,0.09302370672280656
1848,2021,0.6389807272874374,979933.0,0.5136279725246522,0.32600494115414014,0.06734337959840112,0.09302370672280656
1848,2022,0.5177343897590418,979933.0,0.5136279725246522,0.32600494115414014,0.06734337959840112,0.09302370672280656
1848,2023,0.6059958629949808,979933.0,0.5136279725246522,0.32600494115414014,0.06734337959840112,0.09302370672280656
1848,2024,0.6106816533840157,980446.0,0.5136213519153529,0.32603631408563044,0.06731732293262455,0.09302501106639223
1848,2025,0.6574307633938417,979933.0,0.5136279725246522,0.32600494115414014,0.06734337959840112,0.09302370672280656
1856,2017,0.4785952470258268,1194457.0,0.2234236979648493,0.5798417188730947,0.03323602272831923,0.16349856043373684
1856,2018,0.5708795119460965,1194457.0,0.2234236979648493,0.5798417188730947,0.03323602272831923,0.16349856043373684
1856,2019,0.5665353301974457,1194457.0,0.2234236979648493,0.5798417188730947,0.03323602272831923,0.16349856043373684
1856,2020,0.6074440769412434,1194457.0,0.2234236979648493,0.5798417188730947,0.03323602272831923,0.16349856043373684
1856,2021,0.5731725791974743,1194457.0,0.2234236979648493,0.5798417188730947,0.03323602272831923,0.16349856043373684
1856,2022,0.5116091694441693,1194457.0,0.2234236979648493,0.5798417188730947,0.03323602272831923,0.16349856043373684
1856,2023,0.5760021667673847,1194457.0,0.2234236979648493,0.5798417188730947,0.03323602272831923,0.16349856043373684
1856,2024,0.502461741217725,1195557.0,0.22368569629051563,0.5795767161247853,0.03323471821084231,0.1635028693738567
1856,2025,0.6061430807526507,1194457.0,0.2234236979648493,0.5798417188730947,0.03323602272831923,0.16349856043373684
1864,2017,0.5174178144567985,2715934.0,0.25859649019453346,0.5989339210746653,0.05267506500526154,0.08979452372553973
1864,2018,0.5467087970220105,2715934.0,0.25859649019453346,0.5989339210746653,0.05267506500526154,0.08979452372553973
1864,2019,0.5520050952506963,2715934.0,0.25859649019453346,0.5989339210746653,0.05267506500526154,0.08979452372553973
1864,2020,0.5962194744618475,2715934.0,0.25859649019453346,0.5989339210746653,0.05267506500526154,0.08979452372553973
1864,2021,0.5793184520019772,2715934.0,0.25859649019453346,0.5989339210746653,0.05267506500526154,0.08979452372553973
1864,2022,0.49109575611624684,2715934.0,0.25859649019453346,0.5989339210746653,0.05267506500526154,0.08979452372553973
1864,2023,0.5936348990815703,2715934.0,0.25859649019453346,0.5989339210746653,0.05267506500526154,0.08979452372553973
1864,2024,0.5465396288990573,2718088.0,0.25887167744385026,0.5986425016408593,0.05266238620677476,0.0898234347085157
1864,2025,0.6072192822538264,2715934.0,0.25859649019453346,0.5989339210746653,0.05267506500526154,0.08979452372553973
1872,2017,0.5592432891330243,2206446.0,0.37455754638908,0.5547255631907602,0.018223876768341488,0.052493013651818354
1872,2018,0.5276388924127414,2206446.0,0.37455754638908,0.5547255631907602,0.018223876768341488,0.052493013651818354
1872,2019,0.5271693349533139,2206446.0,0.37455754638908,0.5547255631907602,0.018223876768341488,0.052493013651818354
1872,2020,0.6220014299948211,2206446.0,0.37455754638908,0.5547255631907602,0.018223876768341488,0.052493013651818354
1872,2021,0.6054274709771031,2206446.0,0.37455754638908,0.5547255631907602,0.018223876768341488,0.052493013651818354
1872,2022,0.4779598228776881,2206446.0,0.37455754638908,0.5547255631907602,0.018223876768341488,0.052493013651818354
1872,2023,0.5379931405903939,2206446.0,0.37455754638908,0.5547255631907602,0.018223876768341488,0.052493013651818354
1872,2024,0.5757299165343603,2208200.0,0.374628656824563,0.5545589167647857,0.0182161941853093,0.052596232225341905
1872,2025,0.582621138192936,2206446.0,0.37455754638908,0.5547255631907602,0.018223876768341488,0.052493013651818354
1881,2017,0.5393017845802466,2434547.0,0.3681370702639957,0.538030689076859,0.011932815427264291,0.08189942523188092
1881,2018,0.49180055817961765,2434547.0,0.3681370702639957,0.538030689076859,0.011932815427264291,0.08189942523188092
1881,2019,0.5961872778442341,2434547.0,0.3681370702639957,0.538030689076859,0.011932815427264291,0.08189942523188092
1881,2020,0.5387148873254385,2434547.0,0.3681370702639957,0.538030689076859,0.011932815427264291,0.08189942523188092
1881,2021,0.5682836203813749,2434547.0,0.3681370702639957,0.538030689076859,0.011932815427264291,0.08189942523188092
1881,2022,0.5057046194400212,2434547.0,0.3681370702639957,0.538030689076859,0.011932815427264291,0.08189942523188092
1881,2023,0.47034961136764375,2434547.0,0.3681370702639957,0.538030689076859,0.011932815427264291,0.08189942523188092
1881,2024,0.5519931348040992,2436274.0,0.36816425410278153,0.5378906477678619,0.01193133448864947,0.08201376364070707
1881,2025,0.5455679586298204,2434547.0,0.3681370702639957,0.538030689076859,0.011932815427264291,0.08189942523188092
1899,2017,0.5537437130813994,7936780.0,0.41364747416458564,0.4528622438822797,0.029249015343754015,0.10424126660938063
1899,2018,0.5167488683687134,7936780.0,0.41364747416458564,0.4528622438822797,0.029249015343754015,0.10424126660938063
1899,2019,0.5675674162951458,7936780.0,0.41364747416458564,0.4528622438822797,0.029249015343754015,0.10424126660938063
1899,2020,0.5449664221358402,7936780.0,0.41364747416458564,0.4528622438822797,0.029249015343754015,0.10424126660938063
1899,2021,0.5673460313290598,7936780.0,0.41364747416458564,0.4528622438822797,0.029249015343754015,0.10424126660938063
1899,2022,0.4855600606566678,7936780.0,0.41364747416458564,0.4528622438822797,0.029249015343754015,0.10424126660938063
1899,2023,0.5046402295463257,7936780.0,0.41364747416458564,0.4528622438822797,0.029249015343754015,0.10424126660938063
1899,2024,0.5580122595636475,7943169.0,0.4137358779600434,0.4526901039119273,0.0292574663840087,0.10431655174402056
1899,2025,0.5778856864984979,7936780.0,0.41364747416458564,0.4528622438822797,0.029249015343754015,0.10424126660938063
1902,2017,0.45244474062863155,2059172.0,0.18483254434306604,0.7406467259655822,0.0066147946844654065,0.06790593500688627
1902,2018,0.4532111653651586,2059172.0,0.18483254434306604,0.7406467259655822,0.0066147946844654065,0.06790593500688627
1902,2019,0.5718246414173704,2059172.0,0.18483254434306604,0.7406467259655822,0.0066147946844654065,0.06790593500688627
1902,2020,0.5473622159166065,2059172.0,0.18483254434306604,0.7406467259655822,0.0066147946844654065,0.06790593500688627
1902,2021,0.5376818216476207,2059172.0,0.18483254434306604,0.7406467259655822,0.0066147946844654065,0.06790593500688627
1902,2022,0.4785919027980002,2059172.0,0.18483254434306604,0.7406467259655822,0.0066147946844654065,0.06790593500688627
1902,2023,0.4321094557900924,2059172.0,0.18483254434306604,0.7406467259655822,0.0066147946844654065,0.06790593500688627
1902,2024,0.5026527390421861,2060225.0,0.1849191229113325,0.7404618427598927,0.006618694560060188,0.06800033976871458
1902,2025,0.5066276800430017,2059172.0,0.18483254434306604,0.7406467259655822,0.0066147946844654065,0.06790593500688627
1911,2017,0.5551812143093849,3464368.0,0.3859970996152834,0.5296801609990625,0.027887914909732452,0.05643482447592173
1911,2018,0.5348937511403187,3464368.0,0.3859970996152834,0.5296801609990625,0.027887914909732452,0.05643482447592173
1911,2019,0.5848365011990019,3464368.0,0.3859970996152834,0.5296801609990625,0.027887914909732452,0.05643482447592173
1911,2020,0.5971088496471754,3464368.0,0.3859970996152834,0.5296801609990625,0.027887914909732452,0.05643482447592173
1911,2021,0.5646739119282158,3464368.0,0.3859970996152834,0.5296801609990625,0.027887914909732452,0.05643482447592173
1911,2022,0.5161298747677892,3464368.0,0.3859970996152834,0.5296801609990625,0.027887914909732452,0.05643482447592173
1911,2023,0.4802608342291992,3464368.0,0.3859970996152834,0.5296801609990625,0.027887914909732452,0.05643482447592173
1911,2024,0.5975398362300025,3465592.0,0.38605669680677934,0.5295940780103371,0.027879219481116067,0.05647000570176755
1911,2025,0.577725218250508,3464368.0,0.3859970996152834,0.5296801609990625,0.027887914909732452,0.05643482447592173
1929,2017,0.43659726876174987,1584589.0,0.31626181931087494,0.5374049674710604,0.014218197904945698,0.13211501531311906
1929,2018,0.5552123459464562,1584589.0,0.31626181931087494,0.5374049674710604,0.014218197904945698,0.13211501531311906
1929,2019,0.6194244988617078,1584589.0,0.31626181931087494,0.5374049674710604,0.014218197904945698,0.13211501531311906
1929,2020,0.6475574934038655,1584589.0,0.31626181931087494,0.5374049674710604,0.014218197904945698,0.13211501531311906
1929,2021,0.6086810799024753,1584589.0,0.31626181931087494,0.5374049674710604,0.014218197904945698,0.13211501531311906
1929,2022,0.4598905942693596,1584589.0,0.31626181931087494,0.5374049674710604,0.014218197904945698,0.13211501531311906
1929,2023,0.4824117388855047,1584589.0,0.31626181931087494,0.5374049674710604,0.014218197904945698,0.13211501531311906
1929,2024,0.5378858445044337,1588779.0,0.3166947700089188,0.5367795017431625,0.014215948221873527,0.13230978002604515
1929,2025,0.5642061437452769,1584589.0,0.31626181931087494,0.5374049674710604,0.014218197904945698,0.13211501531311906
1937,2017,0.4325664064516124,995358.0,0.13978789541049552,0.7596402500406889,0.01444404927674264,0.08612780527207296
1937,2018,0.49461723614106007,995358.0,0.13978789541049552,0.7596402500406889,0.01444404927674264,0.08612780527207296
1937,2019,0.5715382499722476,995358.0,0.13978789541049552,0.7596402500406889,0.01444404927674264,0.08612780527207296
1937,2020,0.5815273829341057,995358.0,0.13978789541049552,0.7596402500406889,0.01444404927674264,0.08612780527207296
1937,2021,0.5666074559998605,995358.0,0.13978789541049552,0.7596402500406889,0.01444404927674264,0.08612780527207296
1937,2022,0.4733207065279407,995358.0,0.13978789541049552,0.7596402500406889,0.01444404927674264,0.08612780527207296
1937,2023,0.45669121528615186,995358.0,0.13978789541049552,0.7596402500406889,0.01444404927674264,0.08612780527207296
1937,2024,0.49219132347581185,996036.0,0.14003108321385974,0.7592647253713721,0.014445261014662121,0.08625893040010602
1937,2025,0.5151146927041499,995358.0,0.13978789541049552,0.7596402500406889,0.01444404927674264,0.08612780527207296
1945,2017,0.4865308194279503,5604831.0,0.3020531751983244,0.604202160600382,0.01249047473509906,0.08125418946619443
1945,2018,0.5123532072881058,5604831.0,0.3020531751983244,0.604202160600382,0.01249047473509906,0.08125418946619443
1945,2019,0.5769994561047683,5604831.0,0.3020531751983244,0.604202160600382,0.01249047473509906,0.08125418946619443
1945,2020,0.6318147165297865,5604831.0,0.3020531751983244,0.604202160600382,0.01249047473509906,0.08125418946619443
1945,2021,0.5936061013450458,5604831.0,0.3020531751983244,0.604202160600382,0.01249047473509906,0.08125418946619443
1945,2022,0.4295803857902645,5604831.0,0.3020531751983244,0.604202160600382,0.01249047473509906,0.08125418946619443
1945,2023,0.48623237841626954,5604831.0,0.3020531751983244,0.604202160600382,0.01249047473509906,0.08125418946619443
1945,2024,0.5512471074969457,5609763.0,0.30228745848977934,0.6038526048248384,0.01248555420255722,0.08137438248282503
1945,2025,0.5420300337452114,5604831.0,0.3020531751983244,0.604202160600382,0.01249047473509906,0.08125418946619443
1953,2017,0.5742179227321578,2790396.0,0.4387839575458107,0.49653239181822223,0.028313185655369347,0.03637046498059773
1953,2018,0.5567419726874989,2790396.0,0.4387839575458107,0.49653239181822223,0.028313185655369347,0.03637046498059773
1953,2019,0.6131258089685501,2790396.0,0.4387839575458107,0.49653239181822223,0.028313185655369347,0.03637046498059773
1953,2020,0.6681871751410603,2790396.0,0.4387839575458107,0.49653239181822223,0.028313185655369347,0.03637046498059773
1953,2021,0.6262686460853827,2790396.0,0.4387839575458107,0.49653239181822223,0.028313185655369347,0.03637046498059773
1953,2022,0.47832271899810747,2790396.0,0.4387839575458107,0.49653239181822223,0.028313185655369347,0.03637046498059773
1953,2023,0.5140381354418408,2790396.0,0.4387839575458107,0.49653239181822223,0.028313185655369347,0.03637046498059773
1953,2024,0.6148257349916904,2792847.0,0.43889049418031134,0.4963501401974401,0.02830158615921316,0.03645777946303539
1953,2025,0.6104839663779028,2790396.0,0.4387839575458107,0.49653239181822223,0.028313185655369347,0.03637046498059773
1961,2017,0.4444236431821576,3207794.0,0.24297102619432545,0.33030549966737266,0.01698082856941562,0.4097426455688863
1961,2018,0.5480833264814128,3207794.0,0.24297102619432545,0.33030549966737266,0.01698082856941562,0.4097426455688863
1961,2019,0.5692262196952069,3207794.0,0.24297102619432545,0.33030549966737266,0.01698082856941562,0.4097426455688863
1961,2020,0.5937877677942669,3207794.0,0.24297102619432545,0.33030549966737266,0.01698082856941562,0.4097426455688863
1961,2021,0.5672002756665243,3207794.0,0.24297102619432545,0.33030549966737266,0.01698082856941562,0.4097426455688863
1961,2022,0.4739535810823212,3207794.0,0.24297102619432545,0.33030549966737266,0.01698082856941562,0.4097426455688863
1961,2023,0.4918513640499371,3207794.0,0.24297102619432545,0.33030549966737266,0.01698082856941562,0.4097426455688863
1961,2024,0.4704167421915288,3214787.0,0.24382144135832326,0.3297941667675028,0.016958821844184388,0.4094255700299895
1961,2025,0.5312525543922331,3207794.0,0.24297102619432545,0.33030549966737266,0.01698082856941562,0.4097426455688863
1970,2017,0.5573292728833821,3288712.0,0.28914632841063614,0.6047397887075548,0.033864321351337545,0.0722495615304715
1970,2018,0.5288484167004981,3288712.0,0.28914632841063614,0.6047397887075548,0.033864321351337545,0.0722495615304715
1970,2019,0.5581424074566566,3288712.0,0.28914632841063614,0.6047397887075548,0.033864321351337545,0.0722495615304715
1970,2020,0.5578722937938287,3288712.0,0.28914632841063614,0.6047397887075548,0.033864321351337545,0.0722495615304715
1970,2021,0.5901618472445491,3288712.0,0.28914632841063614,0.6047397887075548,0.033864321351337545,0.0722495615304715
1970,2022,0.44956799027836397,3288712.0,0.28914632841063614,0.6047397887075548,0.033864321351337545,0.0722495615304715
1970,2023,0.5334187567600163,3288712.0,0.28914632841063614,0.6047397887075548,0.033864321351337545,0.0722495615304715
1970,2024,0.5438033438362828,3292757.0,0.2893444611916397,0.6043907886309254,0.033850357010857465,0.07241439316657743
1970,2025,0.5890689256239908,3288712.0,0.28914632841063614,0.6047397887075548,0.033864321351337545,0.0722495615304715
1988,2017,0.536967872240131,1160067.0,0.2438462606039134,0.6373623247622766,0.02443048548058,0.09436092915322994
1988,2018,0.48139665227545453,1160067.0,0.2438462606039134,0.6373623247622766,0.02443048548058,0.09436092915322994
1988,2019,0.5676472520512184,1160067.0,0.2438462606039134,0.6373623247622766,0.02443048548058,0.09436092915322994
1988,2020,0.49708772243099425,1160067.0,0.2438462606039134,0.6373623247622766,0.02443048548058,0.09436092915322994
1988,2021,0.5564841850639537,1160067.0,0.2438462606039134,0.6373623247622766,0.02443048548058,0.09436092915322994
1988,2022,0.4627007361857659,1160067.0,0.2438462606039134,0.6373623247622766,0.02443048548058,0.09436092915322994
1988,2023,0.5031208435703984,1160067.0,0.2438462606039134,0.6373623247622766,0.02443048548058,0.09436092915322994
1988,2024,0.5056574692458048,1161294.0,0.24412078250641095,0.6370410938143141,0.024423617102990285,0.09441450657628474
1988,2025,0.5925474874432727,1160067.0,0.2438462606039134,0.6373623247622766,0.02443048548058,0.09436092915322994
1996,2017,0.49010746622204965,3903570.0,0.14230588922447912,0.7438780398455772,0.01079960139052201,0.1030164695394216
1996,2018,0.43580621148531307,3903570.0,0.14230588922447912,0.7438780398455772,0.01079960139052201,0.1030164695394216
1996,2019,0.5738211756510024,3903570.0,0.14230588922447912,0.7438780398455772,0.01079960139052201,0.1030164695394216
1996,2020,0.4811688363338705,3903570.0,0.14230588922447912,0.7438780398455772,0.01079960139052201,0.1030164695394216
1996,2021,0.5357578278060704,3903570.0,0.14230588922447912,0.7438780398455772,0.01079960139052201,0.1030164695394216
1996,2022,0.4537802971892428,3903570.0,0.14230588922447912,0.7438780398455772,0.01079960139052201,0.1030164695394216
1996,2023,0.5199675136812246,3903570.0,0.14230588922447912,0.7438780398455772,0.01079960139052201,0.1030164695394216
1996,2024,0.47466558272560316,3907724.0,0.1426938033494689,0.7434010180862313,0.01080040453215222,0.10310477403214761
1996,2025,0.5554376539124682,3903570.0,0.14230588922447912,0.7438780398455772,0.01079960139052201,0.1030164695394216
2003,2017,0.5611522886584727,1848284.0,0.39802270646718796,0.5158346877427927,0.0197009766897295,0.06644162910028978
2003,2018,0.5139870692211198,1848284.0,0.39802270646718796,0.5158346877427927,0.0197009766897295,0.06644162910028978
2003,2019,0.6118097918802624,1848284.0,0.39802270646718796,0.5158346877427927,0.0197009766897295,0.06644162910028978
2003,2020,0.5768145481410022,1848284.0,0.39802270646718796,0.5158346877427927,0.0197009766897295,0.06644162910028978
2003,2021,0.5848923941942662,1848284.0,0.39802270646718796,0.5158346877427927,0.0197009766897295,0.06644162910028978
2003,2022,0.5110245327724215,1848284.0,0.39802270646718796,0.5158346877427927,0.0197009766897295,0.06644162910028978
2003,2023,0.46098739474245987,1848284.0,0.39802270646718796,0.5158346877427927,0.0197009766897295,0.06644162910028978
2003,2024,0.5646044885878152,1850143.0,0.3981265231930721,0.5156266299415775,0.019702260852269258,0.06654458601308115
2003,2025,0.5498772449628092,1848284.0,0.39802270646718796,0.5158346877427927,0.0197009766897295,0.06644162910028978
2011,2017,0.5723943411100403,2644521.0,0.426210644574197,0.4610256450979213,0.043467229036940905,0.06929648129094078
2011,2018,0.525748459131691,2644521.0,0.426210644574197,0.4610256450979213,0.043467229036940905,0.06929648129094078
2011,2019,0.6555634339292892,2644521.0,0.426210644574197,0.4610256450979213,0.043467229036940905,0.06929648129094078
2011,2020,0.6481797703790176,2644521.0,0.426210644574197,0.4610256450979213,0.043467229036940905,0.06929648129094078
2011,2021,0.6210395477792419,2644521.0,0.426210644574197,0.4610256450979213,0.043467229036940905,0.06929648129094078
2011,2022,0.5038705385331266,2644521.0,0.426210644574197,0.4610256450979213,0.043467229036940905,0.06929648129094078
2011,2023,0.5025256604498667,2644521.0,0.426210644574197,0.4610256450979213,0.043467229036940905,0.06929648129094078
2011,2024,0.6093391109321619,2646145.0,0.4262566866139233,0.46090218034159125,0.04346020342800565,0.06938092961647982
2011,2025,0.6060013019355103,2644521.0,0.426210644574197,0.4610256450979213,0.043467229036940905,0.06929648129094078
2020,2017,0.6328988794749321,8504457.0,0.6121665380870289,0.2537293092316182,0.08634484247495167,0.04775931020640119
2020,2018,0.599320204463311,8504457.0,0.6121665380870289,0.2537293092316182,0.08634484247495167,0.04775931020640119
2020,2019,0.690648417265077,8504457.0,0.6121665380870289,0.2537293092316182,0.08634484247495167,0.04775931020640119
2020,2020,0.6825444166968524,8504457.0,0.6121665380870289,0.2537293092316182,0.08634484247495167,0.04775931020640119
2020,2021,0.6489657808968939,8504457.0,0.6121665380870289,0.2537293092316182,0.08634484247495167,0.04775931020640119
2020,2022,0.48892198761700667,8504457.0,0.6121665380870289,0.2537293092316182,0.08634484247495167,0.04775931020640119
2020,2023,0.49478614855906783,8504457.0,0.6121665380870289,0.2537293092316182,0.08634484247495167,0.04775931020640119
2020,2024,0.6942154665053254,8507711.0,0.6120663948269988,0.2537825979279268,0.0863232190186056,0.0478277882264689
2020,2025,0.6149747138114166,8504457.0,0.6121665380870289,0.2537293092316182,0.08634484247495167,0.04775931020640119
2038,2017,0.5591607952007898,2373307.0,0.6608866868045306,0.14103105919293205,0.13559097074251245,0.062491283260024934
2038,2018,0.6868244906745947,2373307.0,0.6608866868045306,0.14103105919293205,0.13559097074251245,0.062491283260024934
2038,2019,0.6937794433916944,2373307.0,0.6608866868045306,0.14103105919293205,0.13559097074251245,0.062491283260024934
2038,2020,0.6566737069509669,2373307.0,0.6608866868045306,0.14103105919293205,0.13559097074251245,0.062491283260024934
2038,2021,0.6305064276989706,2373307.0,0.6608866868045306,0.14103105919293205,0.13559097074251245,0.062491283260024934
2038,2022,0.5240121065390059,2373307.0,0.6608866868045306,0.14103105919293205,0.13559097074251245,0.062491283260024934
2038,2023,0.5887777159451676,2373307.0,0.6608866868045306,0.14103105919293205,0.13559097074251245,0.062491283260024934
2038,2024,0.634481550762653,2374295.0,0.6607986791868744,0.14110546499066037,0.13556950589543423,0.06252634992703097
2038,2025,0.6425152235543663,2373307.0,0.6608866868045306,0.14103105919293205,0.13559097074251245,0.062491283260024934
2046,2017,0.584416759788815,2264246.0,0.411555546526305,0.4410457167639912,0.05439691623613335,0.09300182047357045
2046,2018,0.6161766659448903,2264246.0,0.411555546526305,0.4410457167639912,0.05439691623613335,0.09300182047357045
2046,2019,0.6780341361636087,2264246.0,0.411555546526305,0.4410457167639912,0.05439691623613335,0.09300182047357045
2046,2020,0.6209803206686374,2264246.0,0.411555546526305,0.4410457167639912,0.05439691623613335,0.09300182047357045
2046,2021,0.6112214163354603,2264246.0,0.411555546526305,0.4410457167639912,0.05439691623613335,0.09300182047357045
2046,2022,0.512396411516001,2264246.0,0.411555546526305,0.4410457167639912,0.05439691623613335,0.09300182047357045
2046,2023,0.5956013370741247,2264246.0,0.411555546526305,0.4410457167639912,0.05439691623613335,0.09300182047357045
2046,2024,0.57729135898906,2266782.0,0.4116844937007617,0.44094359316423015,0.05437576264501836,0.09299615048998977
2046,2025,0.6492989612256712,2264246.0,0.411555546526305,0.4410457167639912,0.05439691623613335,0.09300182047357045
2054,2017,0.5966209709822521,6567272.0,0.6742242441001378,0.11056828466979897,0.1730992716610489,0.04210819956901435
2054,2018,0.7131454277373401,6567272.0,0.6742242441001378,0.11056828466979897,0.1730992716610489,0.04210819956901435
2054,2019,0.7148683145307194,6567272.0,0.6742242441001378,0.11056828466979897,0.1730992716610489,0.04210819956901435
2054,2020,0.6456364538116302,6567272.0,0.6742242441001378,0.11056828466979897,0.1730992716610489,0.04210819956901435
2054,2021,0.659776952879168,6567272.0,0.6742242441001378,0.11056828466979897,0.1730992716610489,0.04210819956901435
2054,2022,0.5214420960141326,6567272.0,0.6742242441001378,0.11056828466979897,0.1730992716610489,0.04210819956901435
2054,2023,0.6059551392475638,6567272.0,0.6742242441001378,0.11056828466979897,0.1730992716610489,0.04210819956901435
2054,2024,0.6403910140239153,6570329.0,0.674120123969439,0.11065823340048878,0.17309787683386935,0.0421237657962029
2054,2025,0.6367351686122739,6567272.0,0.6742242441001378,0.11056828466979897,0.1730992716610489,0.04210819956901435
2062,2017,0.5882879157915591,7118897.0,0.6404572225163533,0.2701705053465446,0.05235867297981696,0.03701359915728518
2062,2018,0.6929068856654106,7118897.0,0.6404572225163533,0.2701705053465446,0.05235867297981696,0.03701359915728518
2062,2019,0.7010593248752826,7118897.0,0.6404572225163533,0.2701705053465446,0.05235867297981696,0.03701359915728518
2062,2020,0.6982987497674678,7118897.0,0.6404572225163533,0.2701705053465446,0.05235867297981696,0.03701359915728518
2062,2021,0.6610588180571662,7118897.0,0.6404572225163533,0.2701705053465446,0.05235867297981696,0.03701359915728518
2062,2022,0.5045339420214828,7118897.0,0.6404572225163533,0.2701705053465446,0.05235867297981696,0.03701359915728518
2062,2023,0.535223571465184,7118897.0,0.6404572225163533,0.2701705053465446,0.05235867297981696,0.03701359915728518
2062,2024,0.6962214407002917,7122950.0,0.6404083982057995,0.27019746032191716,0.052341656195817744,0.037052485276465506
2062,2025,0.6449911595767179,7118897.0,0.6404572225163533,0.2701705053465446,0.05235867297981696,0.03701359915728518
